-- MySQL dump 10.13  Distrib 5.7.26, for Linux (x86_64)
--
-- Host: localhost    Database: marketmartial_staging
-- ------------------------------------------------------
-- Server version	5.7.26-0ubuntu0.16.04.1

/*!40101 SET @OLD_CHARACTER_SET_CLIENT=@@CHARACTER_SET_CLIENT */;
/*!40101 SET @OLD_CHARACTER_SET_RESULTS=@@CHARACTER_SET_RESULTS */;
/*!40101 SET @OLD_COLLATION_CONNECTION=@@COLLATION_CONNECTION */;
/*!40101 SET NAMES utf8 */;
/*!40103 SET @OLD_TIME_ZONE=@@TIME_ZONE */;
/*!40103 SET TIME_ZONE='+00:00' */;
/*!40014 SET @OLD_UNIQUE_CHECKS=@@UNIQUE_CHECKS, UNIQUE_CHECKS=0 */;
/*!40014 SET @OLD_FOREIGN_KEY_CHECKS=@@FOREIGN_KEY_CHECKS, FOREIGN_KEY_CHECKS=0 */;
/*!40101 SET @OLD_SQL_MODE=@@SQL_MODE, SQL_MODE='NO_AUTO_VALUE_ON_ZERO' */;
/*!40111 SET @OLD_SQL_NOTES=@@SQL_NOTES, SQL_NOTES=0 */;

--
-- Table structure for table `booked_trade_jse_intergration`
--

DROP TABLE IF EXISTS `booked_trade_jse_intergration`;
/*!40101 SET @saved_cs_client     = @@character_set_client */;
/*!40101 SET character_set_client = utf8 */;
CREATE TABLE `booked_trade_jse_intergration` (
  `id` int(10) unsigned NOT NULL AUTO_INCREMENT,
  `jse_intergration_id` int(10) unsigned NOT NULL,
  `booked_trade_id` int(10) unsigned NOT NULL,
  `created_at` timestamp NULL DEFAULT NULL,
  `updated_at` timestamp NULL DEFAULT NULL,
  PRIMARY KEY (`id`),
  KEY `booked_trade_jse_intergration_jse_intergration_id_foreign` (`jse_intergration_id`),
  KEY `booked_trade_jse_intergration_booked_trade_id_foreign` (`booked_trade_id`),
  CONSTRAINT `booked_trade_jse_intergration_booked_trade_id_foreign` FOREIGN KEY (`booked_trade_id`) REFERENCES `booked_trades` (`id`),
  CONSTRAINT `booked_trade_jse_intergration_jse_intergration_id_foreign` FOREIGN KEY (`jse_intergration_id`) REFERENCES `jse_trade_intergrations` (`id`)
) ENGINE=InnoDB DEFAULT CHARSET=utf8mb4 COLLATE=utf8mb4_unicode_ci;
/*!40101 SET character_set_client = @saved_cs_client */;

--
-- Dumping data for table `booked_trade_jse_intergration`
--

LOCK TABLES `booked_trade_jse_intergration` WRITE;
/*!40000 ALTER TABLE `booked_trade_jse_intergration` DISABLE KEYS */;
/*!40000 ALTER TABLE `booked_trade_jse_intergration` ENABLE KEYS */;
UNLOCK TABLES;

--
-- Table structure for table `booked_trades`
--

DROP TABLE IF EXISTS `booked_trades`;
/*!40101 SET @saved_cs_client     = @@character_set_client */;
/*!40101 SET character_set_client = utf8 */;
CREATE TABLE `booked_trades` (
  `id` int(10) unsigned NOT NULL AUTO_INCREMENT,
  `user_id` int(10) unsigned NOT NULL,
  `trading_account_id` int(10) unsigned NOT NULL,
  `trade_confirmation_id` int(10) unsigned DEFAULT NULL,
  `amount` double(14,2) NOT NULL,
  `is_confirmed` tinyint(1) NOT NULL,
  `is_sale` tinyint(1) NOT NULL,
  `is_rebate` tinyint(1) NOT NULL,
  `created_at` timestamp NULL DEFAULT NULL,
  `updated_at` timestamp NULL DEFAULT NULL,
  `is_purchase` tinyint(1) NOT NULL,
  `user_market_request_id` int(10) unsigned DEFAULT NULL,
  PRIMARY KEY (`id`),
  KEY `booked_trades_user_id_foreign` (`user_id`),
  KEY `booked_trades_trading_account_id_foreign` (`trading_account_id`),
  KEY `booked_trades_trade_confirmation_id_foreign` (`trade_confirmation_id`),
  KEY `booked_trades_user_market_request_id_foreign` (`user_market_request_id`),
  CONSTRAINT `booked_trades_trade_confirmation_id_foreign` FOREIGN KEY (`trade_confirmation_id`) REFERENCES `trade_confirmations` (`id`),
  CONSTRAINT `booked_trades_trading_account_id_foreign` FOREIGN KEY (`trading_account_id`) REFERENCES `trading_accounts` (`id`),
  CONSTRAINT `booked_trades_user_id_foreign` FOREIGN KEY (`user_id`) REFERENCES `users` (`id`),
  CONSTRAINT `booked_trades_user_market_request_id_foreign` FOREIGN KEY (`user_market_request_id`) REFERENCES `user_market_requests` (`id`)
) ENGINE=InnoDB AUTO_INCREMENT=3 DEFAULT CHARSET=utf8mb4 COLLATE=utf8mb4_unicode_ci;
/*!40101 SET character_set_client = @saved_cs_client */;

--
-- Dumping data for table `booked_trades`
--

LOCK TABLES `booked_trades` WRITE;
/*!40000 ALTER TABLE `booked_trades` DISABLE KEYS */;
INSERT INTO `booked_trades` VALUES (1,11,44,3,246.56,0,0,0,'2019-07-19 14:11:24','2019-07-19 14:11:24',1,NULL),(2,17,52,3,246.56,0,1,0,'2019-07-19 14:11:24','2019-07-19 14:11:24',0,NULL);
/*!40000 ALTER TABLE `booked_trades` ENABLE KEYS */;
UNLOCK TABLES;

--
-- Table structure for table `brokerage_fees`
--

DROP TABLE IF EXISTS `brokerage_fees`;
/*!40101 SET @saved_cs_client     = @@character_set_client */;
/*!40101 SET character_set_client = utf8 */;
CREATE TABLE `brokerage_fees` (
  `id` int(10) unsigned NOT NULL AUTO_INCREMENT,
  `organisation_id` int(10) unsigned NOT NULL,
  `key` varchar(255) COLLATE utf8mb4_unicode_ci NOT NULL,
  `value` double(11,6) NOT NULL,
  `created_at` timestamp NULL DEFAULT NULL,
  `updated_at` timestamp NULL DEFAULT NULL,
  PRIMARY KEY (`id`)
) ENGINE=InnoDB AUTO_INCREMENT=205 DEFAULT CHARSET=utf8mb4 COLLATE=utf8mb4_unicode_ci;
/*!40101 SET character_set_client = @saved_cs_client */;

--
-- Dumping data for table `brokerage_fees`
--

LOCK TABLES `brokerage_fees` WRITE;
/*!40000 ALTER TABLE `brokerage_fees` DISABLE KEYS */;
INSERT INTO `brokerage_fees` VALUES (1,1,'marketmartial.confirmation_settings.outright.index.only_leg',0.004000,'2019-02-06 16:55:40','2019-02-06 16:55:40'),(2,1,'marketmartial.confirmation_settings.outright.singles.only_leg',0.050000,'2019-02-06 16:55:40','2019-02-06 16:55:40'),(3,1,'marketmartial.confirmation_settings.risky.index.big_leg',0.004000,'2019-02-06 16:55:40','2019-02-06 16:55:40'),(4,1,'marketmartial.confirmation_settings.risky.index.small_leg',0.002000,'2019-02-06 16:55:40','2019-02-06 16:55:40'),(5,1,'marketmartial.confirmation_settings.risky.singles.big_leg',0.050000,'2019-02-06 16:55:40','2019-02-06 16:55:40'),(6,1,'marketmartial.confirmation_settings.risky.singles.small_leg',0.025000,'2019-02-06 16:55:40','2019-02-06 16:55:40'),(7,1,'marketmartial.confirmation_settings.calendar.index.big_leg',0.004000,'2019-02-06 16:55:40','2019-02-06 16:55:40'),(8,1,'marketmartial.confirmation_settings.calendar.index.small_leg',0.002000,'2019-02-06 16:55:40','2019-02-06 16:55:40'),(9,1,'marketmartial.confirmation_settings.calendar.singles.big_leg',0.050000,'2019-02-06 16:55:40','2019-02-06 16:55:40'),(10,1,'marketmartial.confirmation_settings.calendar.singles.small_leg',0.050000,'2019-02-06 16:55:40','2019-02-06 16:55:40'),(11,1,'marketmartial.confirmation_settings.fly.index.per_leg',0.002500,'2019-02-06 16:55:40','2019-02-06 16:55:40'),(12,1,'marketmartial.confirmation_settings.fly.singles.per_leg',0.035000,'2019-02-06 16:55:40','2019-02-06 16:55:40'),(13,1,'marketmartial.confirmation_settings.option_switch.index.per_leg',0.004000,'2019-02-06 16:55:40','2019-02-06 16:55:40'),(14,1,'marketmartial.confirmation_settings.option_switch.singles.per_leg',0.050000,'2019-02-06 16:55:40','2019-02-06 16:55:40'),(15,1,'marketmartial.confirmation_settings.efp.index.only_leg',0.002500,'2019-02-06 16:55:40','2019-02-06 16:55:40'),(16,1,'marketmartial.confirmation_settings.rolls.index.far_leg_only',0.002500,'2019-02-06 16:55:40','2019-02-06 16:55:40'),(17,1,'marketmartial.confirmation_settings.efp_switch.index.per_leg',0.002500,'2019-02-06 16:55:40','2019-02-06 16:55:40'),(18,2,'marketmartial.confirmation_settings.outright.index.only_leg',0.004000,'2019-02-06 16:55:40','2019-02-06 16:55:40'),(19,2,'marketmartial.confirmation_settings.outright.singles.only_leg',0.050000,'2019-02-06 16:55:40','2019-02-06 16:55:40'),(20,2,'marketmartial.confirmation_settings.risky.index.big_leg',0.004000,'2019-02-06 16:55:40','2019-02-06 16:55:40'),(21,2,'marketmartial.confirmation_settings.risky.index.small_leg',0.002000,'2019-02-06 16:55:40','2019-02-06 16:55:40'),(22,2,'marketmartial.confirmation_settings.risky.singles.big_leg',0.050000,'2019-02-06 16:55:40','2019-02-06 16:55:40'),(23,2,'marketmartial.confirmation_settings.risky.singles.small_leg',0.025000,'2019-02-06 16:55:40','2019-02-06 16:55:40'),(24,2,'marketmartial.confirmation_settings.calendar.index.big_leg',0.004000,'2019-02-06 16:55:40','2019-02-06 16:55:40'),(25,2,'marketmartial.confirmation_settings.calendar.index.small_leg',0.002000,'2019-02-06 16:55:40','2019-02-06 16:55:40'),(26,2,'marketmartial.confirmation_settings.calendar.singles.big_leg',0.050000,'2019-02-06 16:55:40','2019-02-06 16:55:40'),(27,2,'marketmartial.confirmation_settings.calendar.singles.small_leg',0.050000,'2019-02-06 16:55:40','2019-02-06 16:55:40'),(28,2,'marketmartial.confirmation_settings.fly.index.per_leg',0.002500,'2019-02-06 16:55:40','2019-02-06 16:55:40'),(29,2,'marketmartial.confirmation_settings.fly.singles.per_leg',0.035000,'2019-02-06 16:55:40','2019-02-06 16:55:40'),(30,2,'marketmartial.confirmation_settings.option_switch.index.per_leg',0.004000,'2019-02-06 16:55:40','2019-02-06 16:55:40'),(31,2,'marketmartial.confirmation_settings.option_switch.singles.per_leg',0.050000,'2019-02-06 16:55:40','2019-02-06 16:55:40'),(32,2,'marketmartial.confirmation_settings.efp.index.only_leg',0.002500,'2019-02-06 16:55:40','2019-02-06 16:55:40'),(33,2,'marketmartial.confirmation_settings.rolls.index.far_leg_only',0.002500,'2019-02-06 16:55:40','2019-02-06 16:55:40'),(34,2,'marketmartial.confirmation_settings.efp_switch.index.per_leg',0.002500,'2019-02-06 16:55:40','2019-02-06 16:55:40'),(35,3,'marketmartial.confirmation_settings.outright.index.only_leg',0.004000,'2019-02-06 16:55:40','2019-02-06 16:55:40'),(36,3,'marketmartial.confirmation_settings.outright.singles.only_leg',0.050000,'2019-02-06 16:55:40','2019-02-06 16:55:40'),(37,3,'marketmartial.confirmation_settings.risky.index.big_leg',0.004000,'2019-02-06 16:55:40','2019-02-06 16:55:40'),(38,3,'marketmartial.confirmation_settings.risky.index.small_leg',0.002000,'2019-02-06 16:55:40','2019-02-06 16:55:40'),(39,3,'marketmartial.confirmation_settings.risky.singles.big_leg',0.050000,'2019-02-06 16:55:40','2019-02-06 16:55:40'),(40,3,'marketmartial.confirmation_settings.risky.singles.small_leg',0.025000,'2019-02-06 16:55:40','2019-02-06 16:55:40'),(41,3,'marketmartial.confirmation_settings.calendar.index.big_leg',0.004000,'2019-02-06 16:55:40','2019-02-06 16:55:40'),(42,3,'marketmartial.confirmation_settings.calendar.index.small_leg',0.002000,'2019-02-06 16:55:40','2019-02-06 16:55:40'),(43,3,'marketmartial.confirmation_settings.calendar.singles.big_leg',0.050000,'2019-02-06 16:55:40','2019-02-06 16:55:40'),(44,3,'marketmartial.confirmation_settings.calendar.singles.small_leg',0.050000,'2019-02-06 16:55:40','2019-02-06 16:55:40'),(45,3,'marketmartial.confirmation_settings.fly.index.per_leg',0.002500,'2019-02-06 16:55:40','2019-02-06 16:55:40'),(46,3,'marketmartial.confirmation_settings.fly.singles.per_leg',0.035000,'2019-02-06 16:55:40','2019-02-06 16:55:40'),(47,3,'marketmartial.confirmation_settings.option_switch.index.per_leg',0.004000,'2019-02-06 16:55:40','2019-02-06 16:55:40'),(48,3,'marketmartial.confirmation_settings.option_switch.singles.per_leg',0.050000,'2019-02-06 16:55:40','2019-02-06 16:55:40'),(49,3,'marketmartial.confirmation_settings.efp.index.only_leg',0.002500,'2019-02-06 16:55:40','2019-02-06 16:55:40'),(50,3,'marketmartial.confirmation_settings.rolls.index.far_leg_only',0.002500,'2019-02-06 16:55:40','2019-02-06 16:55:40'),(51,3,'marketmartial.confirmation_settings.efp_switch.index.per_leg',0.002500,'2019-02-06 16:55:40','2019-02-06 16:55:40'),(52,4,'marketmartial.confirmation_settings.outright.index.only_leg',0.004000,'2019-02-06 16:55:40','2019-02-06 16:55:40'),(53,4,'marketmartial.confirmation_settings.outright.singles.only_leg',0.050000,'2019-02-06 16:55:40','2019-02-06 16:55:40'),(54,4,'marketmartial.confirmation_settings.risky.index.big_leg',0.004000,'2019-02-06 16:55:40','2019-02-06 16:55:40'),(55,4,'marketmartial.confirmation_settings.risky.index.small_leg',0.002000,'2019-02-06 16:55:40','2019-02-06 16:55:40'),(56,4,'marketmartial.confirmation_settings.risky.singles.big_leg',0.050000,'2019-02-06 16:55:40','2019-02-06 16:55:40'),(57,4,'marketmartial.confirmation_settings.risky.singles.small_leg',0.025000,'2019-02-06 16:55:40','2019-02-06 16:55:40'),(58,4,'marketmartial.confirmation_settings.calendar.index.big_leg',0.004000,'2019-02-06 16:55:40','2019-02-06 16:55:40'),(59,4,'marketmartial.confirmation_settings.calendar.index.small_leg',0.002000,'2019-02-06 16:55:40','2019-02-06 16:55:40'),(60,4,'marketmartial.confirmation_settings.calendar.singles.big_leg',0.050000,'2019-02-06 16:55:40','2019-02-06 16:55:40'),(61,4,'marketmartial.confirmation_settings.calendar.singles.small_leg',0.050000,'2019-02-06 16:55:40','2019-02-06 16:55:40'),(62,4,'marketmartial.confirmation_settings.fly.index.per_leg',0.002500,'2019-02-06 16:55:40','2019-02-06 16:55:40'),(63,4,'marketmartial.confirmation_settings.fly.singles.per_leg',0.035000,'2019-02-06 16:55:40','2019-02-06 16:55:40'),(64,4,'marketmartial.confirmation_settings.option_switch.index.per_leg',0.004000,'2019-02-06 16:55:40','2019-02-06 16:55:40'),(65,4,'marketmartial.confirmation_settings.option_switch.singles.per_leg',0.050000,'2019-02-06 16:55:40','2019-02-06 16:55:40'),(66,4,'marketmartial.confirmation_settings.efp.index.only_leg',0.002500,'2019-02-06 16:55:40','2019-02-06 16:55:40'),(67,4,'marketmartial.confirmation_settings.rolls.index.far_leg_only',0.002500,'2019-02-06 16:55:40','2019-02-06 16:55:40'),(68,4,'marketmartial.confirmation_settings.efp_switch.index.per_leg',0.002500,'2019-02-06 16:55:40','2019-02-06 16:55:40'),(69,5,'marketmartial.confirmation_settings.outright.index.only_leg',0.004000,'2019-02-06 16:55:40','2019-02-06 16:55:40'),(70,5,'marketmartial.confirmation_settings.outright.singles.only_leg',0.050000,'2019-02-06 16:55:40','2019-02-06 16:55:40'),(71,5,'marketmartial.confirmation_settings.risky.index.big_leg',0.004000,'2019-02-06 16:55:40','2019-02-06 16:55:40'),(72,5,'marketmartial.confirmation_settings.risky.index.small_leg',0.002000,'2019-02-06 16:55:40','2019-02-06 16:55:40'),(73,5,'marketmartial.confirmation_settings.risky.singles.big_leg',0.050000,'2019-02-06 16:55:40','2019-02-06 16:55:40'),(74,5,'marketmartial.confirmation_settings.risky.singles.small_leg',0.025000,'2019-02-06 16:55:40','2019-02-06 16:55:40'),(75,5,'marketmartial.confirmation_settings.calendar.index.big_leg',0.004000,'2019-02-06 16:55:40','2019-02-06 16:55:40'),(76,5,'marketmartial.confirmation_settings.calendar.index.small_leg',0.002000,'2019-02-06 16:55:40','2019-02-06 16:55:40'),(77,5,'marketmartial.confirmation_settings.calendar.singles.big_leg',0.050000,'2019-02-06 16:55:40','2019-02-06 16:55:40'),(78,5,'marketmartial.confirmation_settings.calendar.singles.small_leg',0.050000,'2019-02-06 16:55:40','2019-02-06 16:55:40'),(79,5,'marketmartial.confirmation_settings.fly.index.per_leg',0.002500,'2019-02-06 16:55:40','2019-02-06 16:55:40'),(80,5,'marketmartial.confirmation_settings.fly.singles.per_leg',0.035000,'2019-02-06 16:55:40','2019-02-06 16:55:40'),(81,5,'marketmartial.confirmation_settings.option_switch.index.per_leg',0.004000,'2019-02-06 16:55:40','2019-02-06 16:55:40'),(82,5,'marketmartial.confirmation_settings.option_switch.singles.per_leg',0.050000,'2019-02-06 16:55:40','2019-02-06 16:55:40'),(83,5,'marketmartial.confirmation_settings.efp.index.only_leg',0.002500,'2019-02-06 16:55:40','2019-02-06 16:55:40'),(84,5,'marketmartial.confirmation_settings.rolls.index.far_leg_only',0.002500,'2019-02-06 16:55:40','2019-02-06 16:55:40'),(85,5,'marketmartial.confirmation_settings.efp_switch.index.per_leg',0.002500,'2019-02-06 16:55:40','2019-02-06 16:55:40'),(86,6,'marketmartial.confirmation_settings.outright.index.only_leg',0.004000,'2019-02-06 16:55:40','2019-02-06 16:55:40'),(87,6,'marketmartial.confirmation_settings.outright.singles.only_leg',0.050000,'2019-02-06 16:55:40','2019-02-06 16:55:40'),(88,6,'marketmartial.confirmation_settings.risky.index.big_leg',0.004000,'2019-02-06 16:55:40','2019-02-06 16:55:40'),(89,6,'marketmartial.confirmation_settings.risky.index.small_leg',0.002000,'2019-02-06 16:55:40','2019-02-06 16:55:40'),(90,6,'marketmartial.confirmation_settings.risky.singles.big_leg',0.050000,'2019-02-06 16:55:40','2019-02-06 16:55:40'),(91,6,'marketmartial.confirmation_settings.risky.singles.small_leg',0.025000,'2019-02-06 16:55:40','2019-02-06 16:55:40'),(92,6,'marketmartial.confirmation_settings.calendar.index.big_leg',0.004000,'2019-02-06 16:55:40','2019-02-06 16:55:40'),(93,6,'marketmartial.confirmation_settings.calendar.index.small_leg',0.002000,'2019-02-06 16:55:40','2019-02-06 16:55:40'),(94,6,'marketmartial.confirmation_settings.calendar.singles.big_leg',0.050000,'2019-02-06 16:55:40','2019-02-06 16:55:40'),(95,6,'marketmartial.confirmation_settings.calendar.singles.small_leg',0.050000,'2019-02-06 16:55:40','2019-02-06 16:55:40'),(96,6,'marketmartial.confirmation_settings.fly.index.per_leg',0.002500,'2019-02-06 16:55:40','2019-02-06 16:55:40'),(97,6,'marketmartial.confirmation_settings.fly.singles.per_leg',0.035000,'2019-02-06 16:55:40','2019-02-06 16:55:40'),(98,6,'marketmartial.confirmation_settings.option_switch.index.per_leg',0.004000,'2019-02-06 16:55:40','2019-02-06 16:55:40'),(99,6,'marketmartial.confirmation_settings.option_switch.singles.per_leg',0.050000,'2019-02-06 16:55:40','2019-02-06 16:55:40'),(100,6,'marketmartial.confirmation_settings.efp.index.only_leg',0.002500,'2019-02-06 16:55:40','2019-02-06 16:55:40'),(101,6,'marketmartial.confirmation_settings.rolls.index.far_leg_only',0.002500,'2019-02-06 16:55:40','2019-02-06 16:55:40'),(102,6,'marketmartial.confirmation_settings.efp_switch.index.per_leg',0.002500,'2019-02-06 16:55:40','2019-02-06 16:55:40'),(103,7,'marketmartial.confirmation_settings.outright.index.only_leg',0.004000,'2019-02-06 16:55:40','2019-02-06 16:55:40'),(104,7,'marketmartial.confirmation_settings.outright.singles.only_leg',0.050000,'2019-02-06 16:55:40','2019-02-06 16:55:40'),(105,7,'marketmartial.confirmation_settings.risky.index.big_leg',0.004000,'2019-02-06 16:55:40','2019-02-06 16:55:40'),(106,7,'marketmartial.confirmation_settings.risky.index.small_leg',0.002000,'2019-02-06 16:55:40','2019-02-06 16:55:40'),(107,7,'marketmartial.confirmation_settings.risky.singles.big_leg',0.050000,'2019-02-06 16:55:40','2019-02-06 16:55:40'),(108,7,'marketmartial.confirmation_settings.risky.singles.small_leg',0.025000,'2019-02-06 16:55:40','2019-02-06 16:55:40'),(109,7,'marketmartial.confirmation_settings.calendar.index.big_leg',0.004000,'2019-02-06 16:55:40','2019-02-06 16:55:40'),(110,7,'marketmartial.confirmation_settings.calendar.index.small_leg',0.002000,'2019-02-06 16:55:40','2019-02-06 16:55:40'),(111,7,'marketmartial.confirmation_settings.calendar.singles.big_leg',0.050000,'2019-02-06 16:55:40','2019-02-06 16:55:40'),(112,7,'marketmartial.confirmation_settings.calendar.singles.small_leg',0.050000,'2019-02-06 16:55:40','2019-02-06 16:55:40'),(113,7,'marketmartial.confirmation_settings.fly.index.per_leg',0.002500,'2019-02-06 16:55:40','2019-02-06 16:55:40'),(114,7,'marketmartial.confirmation_settings.fly.singles.per_leg',0.035000,'2019-02-06 16:55:40','2019-02-06 16:55:40'),(115,7,'marketmartial.confirmation_settings.option_switch.index.per_leg',0.004000,'2019-02-06 16:55:40','2019-02-06 16:55:40'),(116,7,'marketmartial.confirmation_settings.option_switch.singles.per_leg',0.050000,'2019-02-06 16:55:40','2019-02-06 16:55:40'),(117,7,'marketmartial.confirmation_settings.efp.index.only_leg',0.002500,'2019-02-06 16:55:40','2019-02-06 16:55:40'),(118,7,'marketmartial.confirmation_settings.rolls.index.far_leg_only',0.002500,'2019-02-06 16:55:40','2019-02-06 16:55:40'),(119,7,'marketmartial.confirmation_settings.efp_switch.index.per_leg',0.002500,'2019-02-06 16:55:40','2019-02-06 16:55:40'),(120,16,'marketmartial.confirmation_settings.outright.index.only_leg',0.003000,'2019-03-03 13:13:19','2019-03-03 13:13:19'),(121,16,'marketmartial.confirmation_settings.outright.singles.only_leg',0.050000,'2019-03-03 13:13:19','2019-03-03 13:13:19'),(122,16,'marketmartial.confirmation_settings.risky.index.big_leg',0.002000,'2019-03-03 13:13:19','2019-03-03 13:13:19'),(123,16,'marketmartial.confirmation_settings.risky.index.small_leg',0.002000,'2019-03-03 13:13:19','2019-03-03 13:13:19'),(124,16,'marketmartial.confirmation_settings.risky.singles.big_leg',0.070000,'2019-03-03 13:13:19','2019-03-03 13:13:54'),(125,16,'marketmartial.confirmation_settings.risky.singles.small_leg',0.035000,'2019-03-03 13:13:19','2019-03-03 13:13:19'),(126,16,'marketmartial.confirmation_settings.calendar.index.big_leg',0.003000,'2019-03-03 13:13:19','2019-03-03 13:13:19'),(127,16,'marketmartial.confirmation_settings.calendar.index.small_leg',0.003000,'2019-03-03 13:13:19','2019-03-03 13:13:19'),(128,16,'marketmartial.confirmation_settings.calendar.singles.big_leg',0.035000,'2019-03-03 13:13:19','2019-03-03 13:13:19'),(129,16,'marketmartial.confirmation_settings.calendar.singles.small_leg',0.035000,'2019-03-03 13:13:19','2019-03-03 13:13:19'),(130,16,'marketmartial.confirmation_settings.fly.index.per_leg',0.002000,'2019-03-03 13:13:19','2019-03-03 13:13:19'),(131,16,'marketmartial.confirmation_settings.fly.singles.per_leg',0.030000,'2019-03-03 13:13:19','2019-03-03 13:13:19'),(132,16,'marketmartial.confirmation_settings.option_switch.index.per_leg',0.003000,'2019-03-03 13:13:19','2019-03-03 13:13:19'),(133,16,'marketmartial.confirmation_settings.option_switch.singles.per_leg',0.050000,'2019-03-03 13:13:19','2019-03-03 13:13:19'),(134,16,'marketmartial.confirmation_settings.efp.index.only_leg',0.002000,'2019-03-03 13:13:19','2019-03-03 13:13:19'),(135,16,'marketmartial.confirmation_settings.rolls.index.far_leg_only',0.002000,'2019-03-03 13:13:19','2019-03-03 13:13:19'),(136,16,'marketmartial.confirmation_settings.efp_switch.index.per_leg',0.002000,'2019-03-03 13:13:19','2019-03-03 13:13:19'),(137,15,'marketmartial.confirmation_settings.outright.index.only_leg',0.000000,'2019-03-03 13:14:05','2019-04-14 13:25:50'),(138,15,'marketmartial.confirmation_settings.outright.singles.only_leg',0.000000,'2019-03-03 13:14:05','2019-04-14 13:25:50'),(139,15,'marketmartial.confirmation_settings.risky.index.big_leg',0.000000,'2019-03-03 13:14:05','2019-04-14 13:25:50'),(140,15,'marketmartial.confirmation_settings.risky.index.small_leg',0.003000,'2019-03-03 13:14:05','2019-04-14 13:28:59'),(141,15,'marketmartial.confirmation_settings.risky.singles.big_leg',0.000000,'2019-03-03 13:14:05','2019-04-14 13:25:50'),(142,15,'marketmartial.confirmation_settings.risky.singles.small_leg',0.050000,'2019-03-03 13:14:05','2019-04-14 13:28:59'),(143,15,'marketmartial.confirmation_settings.calendar.index.big_leg',0.000000,'2019-03-03 13:14:05','2019-04-14 13:25:50'),(144,15,'marketmartial.confirmation_settings.calendar.index.small_leg',0.003000,'2019-03-03 13:14:05','2019-04-14 13:38:57'),(145,15,'marketmartial.confirmation_settings.calendar.singles.big_leg',0.000000,'2019-03-03 13:14:05','2019-04-14 13:25:50'),(146,15,'marketmartial.confirmation_settings.calendar.singles.small_leg',0.050000,'2019-03-03 13:14:05','2019-04-14 13:38:57'),(147,15,'marketmartial.confirmation_settings.fly.index.per_leg',0.002000,'2019-03-03 13:14:05','2019-03-03 13:14:05'),(148,15,'marketmartial.confirmation_settings.fly.singles.per_leg',0.030000,'2019-03-03 13:14:05','2019-03-03 13:14:05'),(149,15,'marketmartial.confirmation_settings.option_switch.index.per_leg',0.003000,'2019-03-03 13:14:05','2019-03-03 13:14:05'),(150,15,'marketmartial.confirmation_settings.option_switch.singles.per_leg',0.050000,'2019-03-03 13:14:05','2019-03-03 13:14:05'),(151,15,'marketmartial.confirmation_settings.efp.index.only_leg',0.002000,'2019-03-03 13:14:05','2019-03-03 13:14:05'),(152,15,'marketmartial.confirmation_settings.rolls.index.far_leg_only',0.002000,'2019-03-03 13:14:05','2019-03-03 13:14:05'),(153,15,'marketmartial.confirmation_settings.efp_switch.index.per_leg',0.002000,'2019-03-03 13:14:05','2019-03-03 13:14:05'),(154,9,'marketmartial.confirmation_settings.outright.index.only_leg',0.000000,'2019-04-14 13:23:44','2019-04-14 13:24:40'),(155,9,'marketmartial.confirmation_settings.outright.singles.only_leg',0.000000,'2019-04-14 13:23:44','2019-04-14 13:24:40'),(156,9,'marketmartial.confirmation_settings.risky.index.big_leg',0.000000,'2019-04-14 13:23:44','2019-04-14 13:24:40'),(157,9,'marketmartial.confirmation_settings.risky.index.small_leg',0.000000,'2019-04-14 13:23:44','2019-04-14 13:24:40'),(158,9,'marketmartial.confirmation_settings.risky.singles.big_leg',0.000000,'2019-04-14 13:23:44','2019-04-14 13:24:40'),(159,9,'marketmartial.confirmation_settings.risky.singles.small_leg',0.000000,'2019-04-14 13:23:44','2019-04-14 13:24:40'),(160,9,'marketmartial.confirmation_settings.calendar.index.big_leg',0.000000,'2019-04-14 13:23:44','2019-04-14 13:24:40'),(161,9,'marketmartial.confirmation_settings.calendar.index.small_leg',0.000000,'2019-04-14 13:23:44','2019-04-14 13:24:40'),(162,9,'marketmartial.confirmation_settings.calendar.singles.big_leg',0.000000,'2019-04-14 13:23:44','2019-04-14 13:24:06'),(163,9,'marketmartial.confirmation_settings.calendar.singles.small_leg',0.000000,'2019-04-14 13:23:44','2019-04-14 13:24:40'),(164,9,'marketmartial.confirmation_settings.fly.index.per_leg',0.002000,'2019-04-14 13:23:44','2019-04-14 13:23:44'),(165,9,'marketmartial.confirmation_settings.fly.singles.per_leg',0.030000,'2019-04-14 13:23:44','2019-04-14 13:23:44'),(166,9,'marketmartial.confirmation_settings.option_switch.index.per_leg',0.003000,'2019-04-14 13:23:44','2019-04-14 13:23:44'),(167,9,'marketmartial.confirmation_settings.option_switch.singles.per_leg',0.040000,'2019-04-14 13:23:44','2019-04-14 13:47:10'),(168,9,'marketmartial.confirmation_settings.efp.index.only_leg',0.002000,'2019-04-14 13:23:44','2019-04-14 13:23:44'),(169,9,'marketmartial.confirmation_settings.rolls.index.far_leg_only',0.002000,'2019-04-14 13:23:44','2019-04-14 13:23:44'),(170,9,'marketmartial.confirmation_settings.efp_switch.index.per_leg',0.002000,'2019-04-14 13:23:44','2019-04-14 13:23:44'),(171,12,'marketmartial.confirmation_settings.outright.index.only_leg',0.003000,'2019-06-10 14:29:59','2019-06-10 14:29:59'),(172,12,'marketmartial.confirmation_settings.outright.singles.only_leg',0.050000,'2019-06-10 14:29:59','2019-06-10 14:29:59'),(173,12,'marketmartial.confirmation_settings.risky.index.small_leg',0.002000,'2019-06-10 14:29:59','2019-06-10 14:29:59'),(174,12,'marketmartial.confirmation_settings.risky.index.big_leg',0.002000,'2019-06-10 14:29:59','2019-06-10 14:29:59'),(175,12,'marketmartial.confirmation_settings.risky.singles.small_leg',0.035000,'2019-06-10 14:29:59','2019-06-10 14:29:59'),(176,12,'marketmartial.confirmation_settings.risky.singles.big_leg',0.035000,'2019-06-10 14:29:59','2019-06-10 14:29:59'),(177,12,'marketmartial.confirmation_settings.calendar.index.small_leg',0.003000,'2019-06-10 14:29:59','2019-06-10 14:29:59'),(178,12,'marketmartial.confirmation_settings.calendar.index.big_leg',0.003000,'2019-06-10 14:29:59','2019-06-10 14:29:59'),(179,12,'marketmartial.confirmation_settings.calendar.singles.small_leg',0.035000,'2019-06-10 14:29:59','2019-06-10 14:29:59'),(180,12,'marketmartial.confirmation_settings.calendar.singles.big_leg',0.035000,'2019-06-10 14:29:59','2019-06-10 14:29:59'),(181,12,'marketmartial.confirmation_settings.fly.index.per_leg',0.002000,'2019-06-10 14:29:59','2019-06-10 14:29:59'),(182,12,'marketmartial.confirmation_settings.fly.singles.per_leg',0.030000,'2019-06-10 14:29:59','2019-06-10 14:29:59'),(183,12,'marketmartial.confirmation_settings.option_switch.index.per_leg',0.003000,'2019-06-10 14:29:59','2019-06-10 14:29:59'),(184,12,'marketmartial.confirmation_settings.option_switch.singles.per_leg',0.050000,'2019-06-10 14:29:59','2019-06-10 14:29:59'),(185,12,'marketmartial.confirmation_settings.efp.index.only_leg',0.002000,'2019-06-10 14:29:59','2019-06-10 14:29:59'),(186,12,'marketmartial.confirmation_settings.rolls.index.far_leg_only',0.002000,'2019-06-10 14:29:59','2019-06-10 14:29:59'),(187,12,'marketmartial.confirmation_settings.efp_switch.index.per_leg',0.002000,'2019-06-10 14:29:59','2019-06-10 14:29:59'),(188,8,'marketmartial.confirmation_settings.outright.index.only_leg',0.003000,'2019-06-25 11:25:19','2019-06-25 11:25:19'),(189,8,'marketmartial.confirmation_settings.outright.singles.only_leg',0.050000,'2019-06-25 11:25:19','2019-06-25 11:25:19'),(190,8,'marketmartial.confirmation_settings.risky.index.small_leg',0.002000,'2019-06-25 11:25:19','2019-06-25 11:25:19'),(191,8,'marketmartial.confirmation_settings.risky.index.big_leg',0.002000,'2019-06-25 11:25:19','2019-06-25 11:25:19'),(192,8,'marketmartial.confirmation_settings.risky.singles.small_leg',0.035000,'2019-06-25 11:25:19','2019-06-25 11:25:19'),(193,8,'marketmartial.confirmation_settings.risky.singles.big_leg',0.035000,'2019-06-25 11:25:19','2019-06-25 11:25:19'),(194,8,'marketmartial.confirmation_settings.calendar.index.small_leg',0.003000,'2019-06-25 11:25:19','2019-06-25 11:25:19'),(195,8,'marketmartial.confirmation_settings.calendar.index.big_leg',0.003000,'2019-06-25 11:25:19','2019-06-25 11:25:19'),(196,8,'marketmartial.confirmation_settings.calendar.singles.small_leg',0.035000,'2019-06-25 11:25:19','2019-06-25 11:25:19'),(197,8,'marketmartial.confirmation_settings.calendar.singles.big_leg',0.035000,'2019-06-25 11:25:19','2019-06-25 11:25:19'),(198,8,'marketmartial.confirmation_settings.fly.index.per_leg',0.002000,'2019-06-25 11:25:19','2019-06-25 11:25:19'),(199,8,'marketmartial.confirmation_settings.fly.singles.per_leg',0.030000,'2019-06-25 11:25:19','2019-06-25 11:25:19'),(200,8,'marketmartial.confirmation_settings.option_switch.index.per_leg',0.003000,'2019-06-25 11:25:19','2019-06-25 11:25:19'),(201,8,'marketmartial.confirmation_settings.option_switch.singles.per_leg',0.050000,'2019-06-25 11:25:19','2019-06-25 11:25:19'),(202,8,'marketmartial.confirmation_settings.efp.index.only_leg',0.002000,'2019-06-25 11:25:19','2019-06-25 11:25:19'),(203,8,'marketmartial.confirmation_settings.rolls.index.far_leg_only',0.002000,'2019-06-25 11:25:19','2019-06-25 11:25:19'),(204,8,'marketmartial.confirmation_settings.efp_switch.index.per_leg',0.002000,'2019-06-25 11:25:19','2019-06-25 11:25:19');
/*!40000 ALTER TABLE `brokerage_fees` ENABLE KEYS */;
UNLOCK TABLES;

--
-- Table structure for table `default_label`
--

DROP TABLE IF EXISTS `default_label`;
/*!40101 SET @saved_cs_client     = @@character_set_client */;
/*!40101 SET character_set_client = utf8 */;
CREATE TABLE `default_label` (
  `id` int(10) unsigned NOT NULL AUTO_INCREMENT,
  `title` varchar(255) COLLATE utf8mb4_unicode_ci NOT NULL,
  `created_at` timestamp NULL DEFAULT NULL,
  `updated_at` timestamp NULL DEFAULT NULL,
  PRIMARY KEY (`id`)
) ENGINE=InnoDB AUTO_INCREMENT=6 DEFAULT CHARSET=utf8mb4 COLLATE=utf8mb4_unicode_ci;
/*!40101 SET character_set_client = @saved_cs_client */;

--
-- Dumping data for table `default_label`
--

LOCK TABLES `default_label` WRITE;
/*!40000 ALTER TABLE `default_label` DISABLE KEYS */;
INSERT INTO `default_label` VALUES (1,'Direct',NULL,NULL),(2,'Group',NULL,NULL),(3,'Clearer',NULL,NULL),(4,'Compliance',NULL,NULL),(5,'Invoices',NULL,NULL);
/*!40000 ALTER TABLE `default_label` ENABLE KEYS */;
UNLOCK TABLES;

--
-- Table structure for table `dispute_status`
--

DROP TABLE IF EXISTS `dispute_status`;
/*!40101 SET @saved_cs_client     = @@character_set_client */;
/*!40101 SET character_set_client = utf8 */;
CREATE TABLE `dispute_status` (
  `id` int(10) unsigned NOT NULL AUTO_INCREMENT,
  `title` varchar(255) COLLATE utf8mb4_unicode_ci NOT NULL,
  `created_at` timestamp NULL DEFAULT NULL,
  `updated_at` timestamp NULL DEFAULT NULL,
  PRIMARY KEY (`id`)
) ENGINE=InnoDB DEFAULT CHARSET=utf8mb4 COLLATE=utf8mb4_unicode_ci;
/*!40101 SET character_set_client = @saved_cs_client */;

--
-- Dumping data for table `dispute_status`
--

LOCK TABLES `dispute_status` WRITE;
/*!40000 ALTER TABLE `dispute_status` DISABLE KEYS */;
/*!40000 ALTER TABLE `dispute_status` ENABLE KEYS */;
UNLOCK TABLES;

--
-- Table structure for table `disputes`
--

DROP TABLE IF EXISTS `disputes`;
/*!40101 SET @saved_cs_client     = @@character_set_client */;
/*!40101 SET character_set_client = utf8 */;
CREATE TABLE `disputes` (
  `id` int(10) unsigned NOT NULL AUTO_INCREMENT,
  `title` varchar(255) COLLATE utf8mb4_unicode_ci NOT NULL,
  `send_user_id` int(10) unsigned NOT NULL,
  `receiving_user_id` int(10) unsigned NOT NULL,
  `dispute_status_id` int(10) unsigned NOT NULL,
  `trade_confirmation_id` int(10) unsigned NOT NULL,
  `created_at` timestamp NULL DEFAULT NULL,
  `updated_at` timestamp NULL DEFAULT NULL,
  PRIMARY KEY (`id`),
  KEY `disputes_send_user_id_foreign` (`send_user_id`),
  KEY `disputes_receiving_user_id_foreign` (`receiving_user_id`),
  KEY `disputes_dispute_status_id_foreign` (`dispute_status_id`),
  KEY `disputes_trade_confirmation_id_foreign` (`trade_confirmation_id`),
  CONSTRAINT `disputes_dispute_status_id_foreign` FOREIGN KEY (`dispute_status_id`) REFERENCES `dispute_status` (`id`),
  CONSTRAINT `disputes_receiving_user_id_foreign` FOREIGN KEY (`receiving_user_id`) REFERENCES `users` (`id`),
  CONSTRAINT `disputes_send_user_id_foreign` FOREIGN KEY (`send_user_id`) REFERENCES `users` (`id`),
  CONSTRAINT `disputes_trade_confirmation_id_foreign` FOREIGN KEY (`trade_confirmation_id`) REFERENCES `trade_confirmations` (`id`)
) ENGINE=InnoDB DEFAULT CHARSET=utf8mb4 COLLATE=utf8mb4_unicode_ci;
/*!40101 SET character_set_client = @saved_cs_client */;

--
-- Dumping data for table `disputes`
--

LOCK TABLES `disputes` WRITE;
/*!40000 ALTER TABLE `disputes` DISABLE KEYS */;
/*!40000 ALTER TABLE `disputes` ENABLE KEYS */;
UNLOCK TABLES;

--
-- Table structure for table `emails`
--

DROP TABLE IF EXISTS `emails`;
/*!40101 SET @saved_cs_client     = @@character_set_client */;
/*!40101 SET character_set_client = utf8 */;
CREATE TABLE `emails` (
  `id` int(10) unsigned NOT NULL AUTO_INCREMENT,
  `user_id` int(10) unsigned NOT NULL,
  `default_id` int(10) unsigned DEFAULT NULL,
  `title` varchar(255) COLLATE utf8mb4_unicode_ci DEFAULT NULL,
  `email` varchar(255) COLLATE utf8mb4_unicode_ci NOT NULL,
  `notifiable` tinyint(1) NOT NULL,
  `created_at` timestamp NULL DEFAULT NULL,
  `updated_at` timestamp NULL DEFAULT NULL,
  PRIMARY KEY (`id`),
  KEY `emails_user_id_foreign` (`user_id`),
  CONSTRAINT `emails_user_id_foreign` FOREIGN KEY (`user_id`) REFERENCES `users` (`id`)
) ENGINE=InnoDB AUTO_INCREMENT=19 DEFAULT CHARSET=utf8mb4 COLLATE=utf8mb4_unicode_ci;
/*!40101 SET character_set_client = @saved_cs_client */;

--
-- Dumping data for table `emails`
--

LOCK TABLES `emails` WRITE;
/*!40000 ALTER TABLE `emails` DISABLE KEYS */;
INSERT INTO `emails` VALUES (1,9,1,'Direct','wally@gmail.com',0,'2019-02-10 12:20:12','2019-02-10 12:20:39'),(2,10,1,'Direct','wallyOrg1@gmail.com',0,'2019-02-10 12:23:28','2019-02-10 12:23:33'),(3,11,1,'Direct','brendan@rarewoods.co.za',0,'2019-02-14 11:03:33','2019-02-14 11:03:58'),(4,11,2,'Group','brendan@rarewoods.co.za',0,'2019-02-14 11:03:33','2019-02-14 11:03:58'),(5,11,3,'Clearer','brendan@rarewoods.co.za',0,'2019-02-14 11:03:33','2019-02-14 11:03:58'),(6,11,4,'Compliance','brendan@rarewoods.co.za',0,'2019-02-14 11:03:33','2019-02-14 11:03:58'),(7,11,5,'Invoices','brendan@rarewoods.co.za',0,'2019-02-14 11:03:33','2019-02-14 11:03:58'),(8,12,1,'Direct','INL@INL.com',0,'2019-02-18 10:22:40','2019-03-02 12:33:26'),(9,13,1,'Direct','wade1@hotmail.com',0,'2019-02-21 12:40:07','2019-02-21 12:40:10'),(10,16,1,'Direct','Wade4@hotmail.com',0,'2019-02-21 12:41:33','2019-02-21 13:19:07'),(11,17,1,'Direct','wadebothwell@hotmail.com',0,'2019-03-02 11:57:49','2019-03-02 11:58:09'),(12,18,1,'Direct','jj@hotmail.com',0,'2019-03-02 12:00:10','2019-03-03 13:31:05'),(13,18,2,'Group','test@hotmail.com',1,'2019-03-03 13:30:52','2019-03-03 13:31:05'),(14,19,1,'Direct','smart.assemble.dev@gmail.com',0,'2019-03-06 12:58:02','2019-03-06 12:58:17'),(15,20,1,'Direct','www@hmail.com',0,'2019-03-07 13:49:58','2019-03-07 13:53:53'),(16,2,NULL,'Test','Test@MM.com',0,'2019-03-20 12:18:07','2019-03-20 12:18:14'),(17,2,1,'Direct','org1@example.net',1,'2019-03-20 12:18:14','2019-03-20 12:18:14'),(18,21,1,'Direct','matt@matt.com',0,'2019-03-26 11:06:16','2019-03-26 11:06:33');
/*!40000 ALTER TABLE `emails` ENABLE KEYS */;
UNLOCK TABLES;

--
-- Table structure for table `failed_jobs`
--

DROP TABLE IF EXISTS `failed_jobs`;
/*!40101 SET @saved_cs_client     = @@character_set_client */;
/*!40101 SET character_set_client = utf8 */;
CREATE TABLE `failed_jobs` (
  `id` bigint(20) unsigned NOT NULL AUTO_INCREMENT,
  `connection` text COLLATE utf8mb4_unicode_ci NOT NULL,
  `queue` text COLLATE utf8mb4_unicode_ci NOT NULL,
  `payload` longtext COLLATE utf8mb4_unicode_ci NOT NULL,
  `exception` longtext COLLATE utf8mb4_unicode_ci NOT NULL,
  `failed_at` timestamp NOT NULL DEFAULT CURRENT_TIMESTAMP,
  PRIMARY KEY (`id`)
) ENGINE=InnoDB AUTO_INCREMENT=3 DEFAULT CHARSET=utf8mb4 COLLATE=utf8mb4_unicode_ci;
/*!40101 SET character_set_client = @saved_cs_client */;

--
-- Dumping data for table `failed_jobs`
--

LOCK TABLES `failed_jobs` WRITE;
/*!40000 ALTER TABLE `failed_jobs` DISABLE KEYS */;
INSERT INTO `failed_jobs` VALUES (1,'db_timeout','timeout','{\"displayName\":\"App\\\\Jobs\\\\MarketNegotiationTimeout\",\"job\":\"Illuminate\\\\Queue\\\\CallQueuedHandler@call\",\"maxTries\":null,\"timeout\":null,\"timeoutAt\":null,\"data\":{\"commandName\":\"App\\\\Jobs\\\\MarketNegotiationTimeout\",\"command\":\"O:33:\\\"App\\\\Jobs\\\\MarketNegotiationTimeout\\\":8:{s:54:\\\"\\u0000App\\\\Jobs\\\\MarketNegotiationTimeout\\u0000marketNegotiationID\\\";i:162;s:6:\\\"\\u0000*\\u0000job\\\";N;s:10:\\\"connection\\\";s:10:\\\"db_timeout\\\";s:5:\\\"queue\\\";s:7:\\\"timeout\\\";s:15:\\\"chainConnection\\\";N;s:10:\\\"chainQueue\\\";N;s:5:\\\"delay\\\";i:1200;s:7:\\\"chained\\\";a:0:{}}\"}}','PDOException: SQLSTATE[23000]: Integrity constraint violation: 1048 Column \'user_id\' cannot be null in /var/www/html/vendor/doctrine/dbal/lib/Doctrine/DBAL/Driver/PDOStatement.php:105\nStack trace:\n#0 /var/www/html/vendor/doctrine/dbal/lib/Doctrine/DBAL/Driver/PDOStatement.php(105): PDOStatement->execute(NULL)\n#1 /var/www/html/vendor/laravel/framework/src/Illuminate/Database/Connection.php(458): Doctrine\\DBAL\\Driver\\PDOStatement->execute()\n#2 /var/www/html/vendor/laravel/framework/src/Illuminate/Database/Connection.php(657): Illuminate\\Database\\Connection->Illuminate\\Database\\{closure}(\'insert into `ma...\', Array)\n#3 /var/www/html/vendor/laravel/framework/src/Illuminate/Database/Connection.php(624): Illuminate\\Database\\Connection->runQueryCallback(\'insert into `ma...\', Array, Object(Closure))\n#4 /var/www/html/vendor/laravel/framework/src/Illuminate/Database/Connection.php(459): Illuminate\\Database\\Connection->run(\'insert into `ma...\', Array, Object(Closure))\n#5 /var/www/html/vendor/laravel/framework/src/Illuminate/Database/Connection.php(411): Illuminate\\Database\\Connection->statement(\'insert into `ma...\', Array)\n#6 /var/www/html/vendor/laravel/framework/src/Illuminate/Database/Query/Processors/Processor.php(32): Illuminate\\Database\\Connection->insert(\'insert into `ma...\', Array)\n#7 /var/www/html/vendor/laravel/framework/src/Illuminate/Database/Query/Builder.php(2159): Illuminate\\Database\\Query\\Processors\\Processor->processInsertGetId(Object(Illuminate\\Database\\Query\\Builder), \'insert into `ma...\', Array, \'id\')\n#8 /var/www/html/vendor/laravel/framework/src/Illuminate/Database/Eloquent/Builder.php(1283): Illuminate\\Database\\Query\\Builder->insertGetId(Array, \'id\')\n#9 /var/www/html/vendor/laravel/framework/src/Illuminate/Database/Eloquent/Model.php(722): Illuminate\\Database\\Eloquent\\Builder->__call(\'insertGetId\', Array)\n#10 /var/www/html/vendor/laravel/framework/src/Illuminate/Database/Eloquent/Model.php(687): Illuminate\\Database\\Eloquent\\Model->insertAndSetId(Object(Illuminate\\Database\\Eloquent\\Builder), Array)\n#11 /var/www/html/vendor/laravel/framework/src/Illuminate/Database/Eloquent/Model.php(550): Illuminate\\Database\\Eloquent\\Model->performInsert(Object(Illuminate\\Database\\Eloquent\\Builder))\n#12 /var/www/html/app/Models/Market/MarketNegotiation.php(687): Illuminate\\Database\\Eloquent\\Model->save()\n#13 /var/www/html/app/Jobs/MarketNegotiationTimeout.php(50): App\\Models\\Market\\MarketNegotiation->kill()\n#14 [internal function]: App\\Jobs\\MarketNegotiationTimeout->handle()\n#15 /var/www/html/vendor/laravel/framework/src/Illuminate/Container/BoundMethod.php(29): call_user_func_array(Array, Array)\n#16 /var/www/html/vendor/laravel/framework/src/Illuminate/Container/BoundMethod.php(87): Illuminate\\Container\\BoundMethod::Illuminate\\Container\\{closure}()\n#17 /var/www/html/vendor/laravel/framework/src/Illuminate/Container/BoundMethod.php(31): Illuminate\\Container\\BoundMethod::callBoundMethod(Object(Illuminate\\Foundation\\Application), Array, Object(Closure))\n#18 /var/www/html/vendor/laravel/framework/src/Illuminate/Container/Container.php(549): Illuminate\\Container\\BoundMethod::call(Object(Illuminate\\Foundation\\Application), Array, Array, NULL)\n#19 /var/www/html/vendor/laravel/framework/src/Illuminate/Bus/Dispatcher.php(94): Illuminate\\Container\\Container->call(Array)\n#20 /var/www/html/vendor/laravel/framework/src/Illuminate/Pipeline/Pipeline.php(114): Illuminate\\Bus\\Dispatcher->Illuminate\\Bus\\{closure}(Object(App\\Jobs\\MarketNegotiationTimeout))\n#21 /var/www/html/vendor/laravel/framework/src/Illuminate/Pipeline/Pipeline.php(102): Illuminate\\Pipeline\\Pipeline->Illuminate\\Pipeline\\{closure}(Object(App\\Jobs\\MarketNegotiationTimeout))\n#22 /var/www/html/vendor/laravel/framework/src/Illuminate/Bus/Dispatcher.php(98): Illuminate\\Pipeline\\Pipeline->then(Object(Closure))\n#23 /var/www/html/vendor/laravel/framework/src/Illuminate/Queue/CallQueuedHandler.php(49): Illuminate\\Bus\\Dispatcher->dispatchNow(Object(App\\Jobs\\MarketNegotiationTimeout), false)\n#24 /var/www/html/vendor/laravel/framework/src/Illuminate/Queue/Jobs/Job.php(76): Illuminate\\Queue\\CallQueuedHandler->call(Object(Illuminate\\Queue\\Jobs\\DatabaseJob), Array)\n#25 /var/www/html/vendor/laravel/framework/src/Illuminate/Queue/Worker.php(320): Illuminate\\Queue\\Jobs\\Job->fire()\n#26 /var/www/html/vendor/laravel/framework/src/Illuminate/Queue/Worker.php(270): Illuminate\\Queue\\Worker->process(\'db_timeout\', Object(Illuminate\\Queue\\Jobs\\DatabaseJob), Object(Illuminate\\Queue\\WorkerOptions))\n#27 /var/www/html/vendor/laravel/framework/src/Illuminate/Queue/Worker.php(114): Illuminate\\Queue\\Worker->runJob(Object(Illuminate\\Queue\\Jobs\\DatabaseJob), \'db_timeout\', Object(Illuminate\\Queue\\WorkerOptions))\n#28 /var/www/html/vendor/laravel/framework/src/Illuminate/Queue/Console/WorkCommand.php(101): Illuminate\\Queue\\Worker->daemon(\'db_timeout\', \'timeout\', Object(Illuminate\\Queue\\WorkerOptions))\n#29 /var/www/html/vendor/laravel/framework/src/Illuminate/Queue/Console/WorkCommand.php(85): Illuminate\\Queue\\Console\\WorkCommand->runWorker(\'db_timeout\', \'timeout\')\n#30 [internal function]: Illuminate\\Queue\\Console\\WorkCommand->handle()\n#31 /var/www/html/vendor/laravel/framework/src/Illuminate/Container/BoundMethod.php(29): call_user_func_array(Array, Array)\n#32 /var/www/html/vendor/laravel/framework/src/Illuminate/Container/BoundMethod.php(87): Illuminate\\Container\\BoundMethod::Illuminate\\Container\\{closure}()\n#33 /var/www/html/vendor/laravel/framework/src/Illuminate/Container/BoundMethod.php(31): Illuminate\\Container\\BoundMethod::callBoundMethod(Object(Illuminate\\Foundation\\Application), Array, Object(Closure))\n#34 /var/www/html/vendor/laravel/framework/src/Illuminate/Container/Container.php(549): Illuminate\\Container\\BoundMethod::call(Object(Illuminate\\Foundation\\Application), Array, Array, NULL)\n#35 /var/www/html/vendor/laravel/framework/src/Illuminate/Console/Command.php(183): Illuminate\\Container\\Container->call(Array)\n#36 /var/www/html/vendor/symfony/console/Command/Command.php(264): Illuminate\\Console\\Command->execute(Object(Symfony\\Component\\Console\\Input\\ArgvInput), Object(Illuminate\\Console\\OutputStyle))\n#37 /var/www/html/vendor/laravel/framework/src/Illuminate/Console/Command.php(170): Symfony\\Component\\Console\\Command\\Command->run(Object(Symfony\\Component\\Console\\Input\\ArgvInput), Object(Illuminate\\Console\\OutputStyle))\n#38 /var/www/html/vendor/symfony/console/Application.php(874): Illuminate\\Console\\Command->run(Object(Symfony\\Component\\Console\\Input\\ArgvInput), Object(Symfony\\Component\\Console\\Output\\ConsoleOutput))\n#39 /var/www/html/vendor/symfony/console/Application.php(228): Symfony\\Component\\Console\\Application->doRunCommand(Object(Illuminate\\Queue\\Console\\WorkCommand), Object(Symfony\\Component\\Console\\Input\\ArgvInput), Object(Symfony\\Component\\Console\\Output\\ConsoleOutput))\n#40 /var/www/html/vendor/symfony/console/Application.php(130): Symfony\\Component\\Console\\Application->doRun(Object(Symfony\\Component\\Console\\Input\\ArgvInput), Object(Symfony\\Component\\Console\\Output\\ConsoleOutput))\n#41 /var/www/html/vendor/laravel/framework/src/Illuminate/Console/Application.php(88): Symfony\\Component\\Console\\Application->run(Object(Symfony\\Component\\Console\\Input\\ArgvInput), Object(Symfony\\Component\\Console\\Output\\ConsoleOutput))\n#42 /var/www/html/vendor/laravel/framework/src/Illuminate/Foundation/Console/Kernel.php(121): Illuminate\\Console\\Application->run(Object(Symfony\\Component\\Console\\Input\\ArgvInput), Object(Symfony\\Component\\Console\\Output\\ConsoleOutput))\n#43 /var/www/html/artisan(37): Illuminate\\Foundation\\Console\\Kernel->handle(Object(Symfony\\Component\\Console\\Input\\ArgvInput), Object(Symfony\\Component\\Console\\Output\\ConsoleOutput))\n#44 {main}\n\nNext Doctrine\\DBAL\\Driver\\PDOException: SQLSTATE[23000]: Integrity constraint violation: 1048 Column \'user_id\' cannot be null in /var/www/html/vendor/doctrine/dbal/lib/Doctrine/DBAL/Driver/PDOStatement.php:107\nStack trace:\n#0 /var/www/html/vendor/laravel/framework/src/Illuminate/Database/Connection.php(458): Doctrine\\DBAL\\Driver\\PDOStatement->execute()\n#1 /var/www/html/vendor/laravel/framework/src/Illuminate/Database/Connection.php(657): Illuminate\\Database\\Connection->Illuminate\\Database\\{closure}(\'insert into `ma...\', Array)\n#2 /var/www/html/vendor/laravel/framework/src/Illuminate/Database/Connection.php(624): Illuminate\\Database\\Connection->runQueryCallback(\'insert into `ma...\', Array, Object(Closure))\n#3 /var/www/html/vendor/laravel/framework/src/Illuminate/Database/Connection.php(459): Illuminate\\Database\\Connection->run(\'insert into `ma...\', Array, Object(Closure))\n#4 /var/www/html/vendor/laravel/framework/src/Illuminate/Database/Connection.php(411): Illuminate\\Database\\Connection->statement(\'insert into `ma...\', Array)\n#5 /var/www/html/vendor/laravel/framework/src/Illuminate/Database/Query/Processors/Processor.php(32): Illuminate\\Database\\Connection->insert(\'insert into `ma...\', Array)\n#6 /var/www/html/vendor/laravel/framework/src/Illuminate/Database/Query/Builder.php(2159): Illuminate\\Database\\Query\\Processors\\Processor->processInsertGetId(Object(Illuminate\\Database\\Query\\Builder), \'insert into `ma...\', Array, \'id\')\n#7 /var/www/html/vendor/laravel/framework/src/Illuminate/Database/Eloquent/Builder.php(1283): Illuminate\\Database\\Query\\Builder->insertGetId(Array, \'id\')\n#8 /var/www/html/vendor/laravel/framework/src/Illuminate/Database/Eloquent/Model.php(722): Illuminate\\Database\\Eloquent\\Builder->__call(\'insertGetId\', Array)\n#9 /var/www/html/vendor/laravel/framework/src/Illuminate/Database/Eloquent/Model.php(687): Illuminate\\Database\\Eloquent\\Model->insertAndSetId(Object(Illuminate\\Database\\Eloquent\\Builder), Array)\n#10 /var/www/html/vendor/laravel/framework/src/Illuminate/Database/Eloquent/Model.php(550): Illuminate\\Database\\Eloquent\\Model->performInsert(Object(Illuminate\\Database\\Eloquent\\Builder))\n#11 /var/www/html/app/Models/Market/MarketNegotiation.php(687): Illuminate\\Database\\Eloquent\\Model->save()\n#12 /var/www/html/app/Jobs/MarketNegotiationTimeout.php(50): App\\Models\\Market\\MarketNegotiation->kill()\n#13 [internal function]: App\\Jobs\\MarketNegotiationTimeout->handle()\n#14 /var/www/html/vendor/laravel/framework/src/Illuminate/Container/BoundMethod.php(29): call_user_func_array(Array, Array)\n#15 /var/www/html/vendor/laravel/framework/src/Illuminate/Container/BoundMethod.php(87): Illuminate\\Container\\BoundMethod::Illuminate\\Container\\{closure}()\n#16 /var/www/html/vendor/laravel/framework/src/Illuminate/Container/BoundMethod.php(31): Illuminate\\Container\\BoundMethod::callBoundMethod(Object(Illuminate\\Foundation\\Application), Array, Object(Closure))\n#17 /var/www/html/vendor/laravel/framework/src/Illuminate/Container/Container.php(549): Illuminate\\Container\\BoundMethod::call(Object(Illuminate\\Foundation\\Application), Array, Array, NULL)\n#18 /var/www/html/vendor/laravel/framework/src/Illuminate/Bus/Dispatcher.php(94): Illuminate\\Container\\Container->call(Array)\n#19 /var/www/html/vendor/laravel/framework/src/Illuminate/Pipeline/Pipeline.php(114): Illuminate\\Bus\\Dispatcher->Illuminate\\Bus\\{closure}(Object(App\\Jobs\\MarketNegotiationTimeout))\n#20 /var/www/html/vendor/laravel/framework/src/Illuminate/Pipeline/Pipeline.php(102): Illuminate\\Pipeline\\Pipeline->Illuminate\\Pipeline\\{closure}(Object(App\\Jobs\\MarketNegotiationTimeout))\n#21 /var/www/html/vendor/laravel/framework/src/Illuminate/Bus/Dispatcher.php(98): Illuminate\\Pipeline\\Pipeline->then(Object(Closure))\n#22 /var/www/html/vendor/laravel/framework/src/Illuminate/Queue/CallQueuedHandler.php(49): Illuminate\\Bus\\Dispatcher->dispatchNow(Object(App\\Jobs\\MarketNegotiationTimeout), false)\n#23 /var/www/html/vendor/laravel/framework/src/Illuminate/Queue/Jobs/Job.php(76): Illuminate\\Queue\\CallQueuedHandler->call(Object(Illuminate\\Queue\\Jobs\\DatabaseJob), Array)\n#24 /var/www/html/vendor/laravel/framework/src/Illuminate/Queue/Worker.php(320): Illuminate\\Queue\\Jobs\\Job->fire()\n#25 /var/www/html/vendor/laravel/framework/src/Illuminate/Queue/Worker.php(270): Illuminate\\Queue\\Worker->process(\'db_timeout\', Object(Illuminate\\Queue\\Jobs\\DatabaseJob), Object(Illuminate\\Queue\\WorkerOptions))\n#26 /var/www/html/vendor/laravel/framework/src/Illuminate/Queue/Worker.php(114): Illuminate\\Queue\\Worker->runJob(Object(Illuminate\\Queue\\Jobs\\DatabaseJob), \'db_timeout\', Object(Illuminate\\Queue\\WorkerOptions))\n#27 /var/www/html/vendor/laravel/framework/src/Illuminate/Queue/Console/WorkCommand.php(101): Illuminate\\Queue\\Worker->daemon(\'db_timeout\', \'timeout\', Object(Illuminate\\Queue\\WorkerOptions))\n#28 /var/www/html/vendor/laravel/framework/src/Illuminate/Queue/Console/WorkCommand.php(85): Illuminate\\Queue\\Console\\WorkCommand->runWorker(\'db_timeout\', \'timeout\')\n#29 [internal function]: Illuminate\\Queue\\Console\\WorkCommand->handle()\n#30 /var/www/html/vendor/laravel/framework/src/Illuminate/Container/BoundMethod.php(29): call_user_func_array(Array, Array)\n#31 /var/www/html/vendor/laravel/framework/src/Illuminate/Container/BoundMethod.php(87): Illuminate\\Container\\BoundMethod::Illuminate\\Container\\{closure}()\n#32 /var/www/html/vendor/laravel/framework/src/Illuminate/Container/BoundMethod.php(31): Illuminate\\Container\\BoundMethod::callBoundMethod(Object(Illuminate\\Foundation\\Application), Array, Object(Closure))\n#33 /var/www/html/vendor/laravel/framework/src/Illuminate/Container/Container.php(549): Illuminate\\Container\\BoundMethod::call(Object(Illuminate\\Foundation\\Application), Array, Array, NULL)\n#34 /var/www/html/vendor/laravel/framework/src/Illuminate/Console/Command.php(183): Illuminate\\Container\\Container->call(Array)\n#35 /var/www/html/vendor/symfony/console/Command/Command.php(264): Illuminate\\Console\\Command->execute(Object(Symfony\\Component\\Console\\Input\\ArgvInput), Object(Illuminate\\Console\\OutputStyle))\n#36 /var/www/html/vendor/laravel/framework/src/Illuminate/Console/Command.php(170): Symfony\\Component\\Console\\Command\\Command->run(Object(Symfony\\Component\\Console\\Input\\ArgvInput), Object(Illuminate\\Console\\OutputStyle))\n#37 /var/www/html/vendor/symfony/console/Application.php(874): Illuminate\\Console\\Command->run(Object(Symfony\\Component\\Console\\Input\\ArgvInput), Object(Symfony\\Component\\Console\\Output\\ConsoleOutput))\n#38 /var/www/html/vendor/symfony/console/Application.php(228): Symfony\\Component\\Console\\Application->doRunCommand(Object(Illuminate\\Queue\\Console\\WorkCommand), Object(Symfony\\Component\\Console\\Input\\ArgvInput), Object(Symfony\\Component\\Console\\Output\\ConsoleOutput))\n#39 /var/www/html/vendor/symfony/console/Application.php(130): Symfony\\Component\\Console\\Application->doRun(Object(Symfony\\Component\\Console\\Input\\ArgvInput), Object(Symfony\\Component\\Console\\Output\\ConsoleOutput))\n#40 /var/www/html/vendor/laravel/framework/src/Illuminate/Console/Application.php(88): Symfony\\Component\\Console\\Application->run(Object(Symfony\\Component\\Console\\Input\\ArgvInput), Object(Symfony\\Component\\Console\\Output\\ConsoleOutput))\n#41 /var/www/html/vendor/laravel/framework/src/Illuminate/Foundation/Console/Kernel.php(121): Illuminate\\Console\\Application->run(Object(Symfony\\Component\\Console\\Input\\ArgvInput), Object(Symfony\\Component\\Console\\Output\\ConsoleOutput))\n#42 /var/www/html/artisan(37): Illuminate\\Foundation\\Console\\Kernel->handle(Object(Symfony\\Component\\Console\\Input\\ArgvInput), Object(Symfony\\Component\\Console\\Output\\ConsoleOutput))\n#43 {main}\n\nNext Illuminate\\Database\\QueryException: SQLSTATE[23000]: Integrity constraint violation: 1048 Column \'user_id\' cannot be null (SQL: insert into `market_negotiations` (`user_id`, `counter_user_id`, `market_negotiation_id`, `user_market_id`, `bid`, `offer`, `bid_qty`, `offer_qty`, `bid_premium`, `offer_premium`, `future_reference`, `has_premium_calc`, `is_repeat`, `is_accepted`, `is_killed`, `is_private`, `cond_is_repeat_atw`, `cond_fok_apply_bid`, `cond_fok_spin`, `cond_timeout`, `cond_is_oco`, `cond_is_subject`, `cond_buy_mid`, `cond_buy_best`, `deleted_at`, `updated_at`, `created_at`) values (, , 162, 70, , , 2500, 2500, , , , 0, 0, 0, 1, 0, , , 0, 0, , , , , , 2019-02-12 09:41:35, 2019-02-12 09:41:35)) in /var/www/html/vendor/laravel/framework/src/Illuminate/Database/Connection.php:664\nStack trace:\n#0 /var/www/html/vendor/laravel/framework/src/Illuminate/Database/Connection.php(624): Illuminate\\Database\\Connection->runQueryCallback(\'insert into `ma...\', Array, Object(Closure))\n#1 /var/www/html/vendor/laravel/framework/src/Illuminate/Database/Connection.php(459): Illuminate\\Database\\Connection->run(\'insert into `ma...\', Array, Object(Closure))\n#2 /var/www/html/vendor/laravel/framework/src/Illuminate/Database/Connection.php(411): Illuminate\\Database\\Connection->statement(\'insert into `ma...\', Array)\n#3 /var/www/html/vendor/laravel/framework/src/Illuminate/Database/Query/Processors/Processor.php(32): Illuminate\\Database\\Connection->insert(\'insert into `ma...\', Array)\n#4 /var/www/html/vendor/laravel/framework/src/Illuminate/Database/Query/Builder.php(2159): Illuminate\\Database\\Query\\Processors\\Processor->processInsertGetId(Object(Illuminate\\Database\\Query\\Builder), \'insert into `ma...\', Array, \'id\')\n#5 /var/www/html/vendor/laravel/framework/src/Illuminate/Database/Eloquent/Builder.php(1283): Illuminate\\Database\\Query\\Builder->insertGetId(Array, \'id\')\n#6 /var/www/html/vendor/laravel/framework/src/Illuminate/Database/Eloquent/Model.php(722): Illuminate\\Database\\Eloquent\\Builder->__call(\'insertGetId\', Array)\n#7 /var/www/html/vendor/laravel/framework/src/Illuminate/Database/Eloquent/Model.php(687): Illuminate\\Database\\Eloquent\\Model->insertAndSetId(Object(Illuminate\\Database\\Eloquent\\Builder), Array)\n#8 /var/www/html/vendor/laravel/framework/src/Illuminate/Database/Eloquent/Model.php(550): Illuminate\\Database\\Eloquent\\Model->performInsert(Object(Illuminate\\Database\\Eloquent\\Builder))\n#9 /var/www/html/app/Models/Market/MarketNegotiation.php(687): Illuminate\\Database\\Eloquent\\Model->save()\n#10 /var/www/html/app/Jobs/MarketNegotiationTimeout.php(50): App\\Models\\Market\\MarketNegotiation->kill()\n#11 [internal function]: App\\Jobs\\MarketNegotiationTimeout->handle()\n#12 /var/www/html/vendor/laravel/framework/src/Illuminate/Container/BoundMethod.php(29): call_user_func_array(Array, Array)\n#13 /var/www/html/vendor/laravel/framework/src/Illuminate/Container/BoundMethod.php(87): Illuminate\\Container\\BoundMethod::Illuminate\\Container\\{closure}()\n#14 /var/www/html/vendor/laravel/framework/src/Illuminate/Container/BoundMethod.php(31): Illuminate\\Container\\BoundMethod::callBoundMethod(Object(Illuminate\\Foundation\\Application), Array, Object(Closure))\n#15 /var/www/html/vendor/laravel/framework/src/Illuminate/Container/Container.php(549): Illuminate\\Container\\BoundMethod::call(Object(Illuminate\\Foundation\\Application), Array, Array, NULL)\n#16 /var/www/html/vendor/laravel/framework/src/Illuminate/Bus/Dispatcher.php(94): Illuminate\\Container\\Container->call(Array)\n#17 /var/www/html/vendor/laravel/framework/src/Illuminate/Pipeline/Pipeline.php(114): Illuminate\\Bus\\Dispatcher->Illuminate\\Bus\\{closure}(Object(App\\Jobs\\MarketNegotiationTimeout))\n#18 /var/www/html/vendor/laravel/framework/src/Illuminate/Pipeline/Pipeline.php(102): Illuminate\\Pipeline\\Pipeline->Illuminate\\Pipeline\\{closure}(Object(App\\Jobs\\MarketNegotiationTimeout))\n#19 /var/www/html/vendor/laravel/framework/src/Illuminate/Bus/Dispatcher.php(98): Illuminate\\Pipeline\\Pipeline->then(Object(Closure))\n#20 /var/www/html/vendor/laravel/framework/src/Illuminate/Queue/CallQueuedHandler.php(49): Illuminate\\Bus\\Dispatcher->dispatchNow(Object(App\\Jobs\\MarketNegotiationTimeout), false)\n#21 /var/www/html/vendor/laravel/framework/src/Illuminate/Queue/Jobs/Job.php(76): Illuminate\\Queue\\CallQueuedHandler->call(Object(Illuminate\\Queue\\Jobs\\DatabaseJob), Array)\n#22 /var/www/html/vendor/laravel/framework/src/Illuminate/Queue/Worker.php(320): Illuminate\\Queue\\Jobs\\Job->fire()\n#23 /var/www/html/vendor/laravel/framework/src/Illuminate/Queue/Worker.php(270): Illuminate\\Queue\\Worker->process(\'db_timeout\', Object(Illuminate\\Queue\\Jobs\\DatabaseJob), Object(Illuminate\\Queue\\WorkerOptions))\n#24 /var/www/html/vendor/laravel/framework/src/Illuminate/Queue/Worker.php(114): Illuminate\\Queue\\Worker->runJob(Object(Illuminate\\Queue\\Jobs\\DatabaseJob), \'db_timeout\', Object(Illuminate\\Queue\\WorkerOptions))\n#25 /var/www/html/vendor/laravel/framework/src/Illuminate/Queue/Console/WorkCommand.php(101): Illuminate\\Queue\\Worker->daemon(\'db_timeout\', \'timeout\', Object(Illuminate\\Queue\\WorkerOptions))\n#26 /var/www/html/vendor/laravel/framework/src/Illuminate/Queue/Console/WorkCommand.php(85): Illuminate\\Queue\\Console\\WorkCommand->runWorker(\'db_timeout\', \'timeout\')\n#27 [internal function]: Illuminate\\Queue\\Console\\WorkCommand->handle()\n#28 /var/www/html/vendor/laravel/framework/src/Illuminate/Container/BoundMethod.php(29): call_user_func_array(Array, Array)\n#29 /var/www/html/vendor/laravel/framework/src/Illuminate/Container/BoundMethod.php(87): Illuminate\\Container\\BoundMethod::Illuminate\\Container\\{closure}()\n#30 /var/www/html/vendor/laravel/framework/src/Illuminate/Container/BoundMethod.php(31): Illuminate\\Container\\BoundMethod::callBoundMethod(Object(Illuminate\\Foundation\\Application), Array, Object(Closure))\n#31 /var/www/html/vendor/laravel/framework/src/Illuminate/Container/Container.php(549): Illuminate\\Container\\BoundMethod::call(Object(Illuminate\\Foundation\\Application), Array, Array, NULL)\n#32 /var/www/html/vendor/laravel/framework/src/Illuminate/Console/Command.php(183): Illuminate\\Container\\Container->call(Array)\n#33 /var/www/html/vendor/symfony/console/Command/Command.php(264): Illuminate\\Console\\Command->execute(Object(Symfony\\Component\\Console\\Input\\ArgvInput), Object(Illuminate\\Console\\OutputStyle))\n#34 /var/www/html/vendor/laravel/framework/src/Illuminate/Console/Command.php(170): Symfony\\Component\\Console\\Command\\Command->run(Object(Symfony\\Component\\Console\\Input\\ArgvInput), Object(Illuminate\\Console\\OutputStyle))\n#35 /var/www/html/vendor/symfony/console/Application.php(874): Illuminate\\Console\\Command->run(Object(Symfony\\Component\\Console\\Input\\ArgvInput), Object(Symfony\\Component\\Console\\Output\\ConsoleOutput))\n#36 /var/www/html/vendor/symfony/console/Application.php(228): Symfony\\Component\\Console\\Application->doRunCommand(Object(Illuminate\\Queue\\Console\\WorkCommand), Object(Symfony\\Component\\Console\\Input\\ArgvInput), Object(Symfony\\Component\\Console\\Output\\ConsoleOutput))\n#37 /var/www/html/vendor/symfony/console/Application.php(130): Symfony\\Component\\Console\\Application->doRun(Object(Symfony\\Component\\Console\\Input\\ArgvInput), Object(Symfony\\Component\\Console\\Output\\ConsoleOutput))\n#38 /var/www/html/vendor/laravel/framework/src/Illuminate/Console/Application.php(88): Symfony\\Component\\Console\\Application->run(Object(Symfony\\Component\\Console\\Input\\ArgvInput), Object(Symfony\\Component\\Console\\Output\\ConsoleOutput))\n#39 /var/www/html/vendor/laravel/framework/src/Illuminate/Foundation/Console/Kernel.php(121): Illuminate\\Console\\Application->run(Object(Symfony\\Component\\Console\\Input\\ArgvInput), Object(Symfony\\Component\\Console\\Output\\ConsoleOutput))\n#40 /var/www/html/artisan(37): Illuminate\\Foundation\\Console\\Kernel->handle(Object(Symfony\\Component\\Console\\Input\\ArgvInput), Object(Symfony\\Component\\Console\\Output\\ConsoleOutput))\n#41 {main}','2019-02-12 09:41:35'),(2,'db_timeout','timeout','{\"displayName\":\"App\\\\Jobs\\\\MarketNegotiationTimeout\",\"job\":\"Illuminate\\\\Queue\\\\CallQueuedHandler@call\",\"maxTries\":null,\"timeout\":null,\"timeoutAt\":null,\"data\":{\"commandName\":\"App\\\\Jobs\\\\MarketNegotiationTimeout\",\"command\":\"O:33:\\\"App\\\\Jobs\\\\MarketNegotiationTimeout\\\":8:{s:54:\\\"\\u0000App\\\\Jobs\\\\MarketNegotiationTimeout\\u0000marketNegotiationID\\\";i:91;s:6:\\\"\\u0000*\\u0000job\\\";N;s:10:\\\"connection\\\";s:10:\\\"db_timeout\\\";s:5:\\\"queue\\\";s:7:\\\"timeout\\\";s:15:\\\"chainConnection\\\";N;s:10:\\\"chainQueue\\\";N;s:5:\\\"delay\\\";i:900;s:7:\\\"chained\\\";a:0:{}}\"}}','Illuminate\\Database\\Eloquent\\ModelNotFoundException: No query results for model [App\\Models\\Market\\MarketNegotiation] 91 in /var/www/html/vendor/laravel/framework/src/Illuminate/Database/Eloquent/Builder.php:331\nStack trace:\n#0 /var/www/html/vendor/laravel/framework/src/Illuminate/Database/Eloquent/Model.php(1477): Illuminate\\Database\\Eloquent\\Builder->findOrFail(91)\n#1 /var/www/html/vendor/laravel/framework/src/Illuminate/Database/Eloquent/Model.php(1489): Illuminate\\Database\\Eloquent\\Model->__call(\'findOrFail\', Array)\n#2 /var/www/html/app/Jobs/MarketNegotiationTimeout.php(37): Illuminate\\Database\\Eloquent\\Model::__callStatic(\'findOrFail\', Array)\n#3 [internal function]: App\\Jobs\\MarketNegotiationTimeout->handle()\n#4 /var/www/html/vendor/laravel/framework/src/Illuminate/Container/BoundMethod.php(29): call_user_func_array(Array, Array)\n#5 /var/www/html/vendor/laravel/framework/src/Illuminate/Container/BoundMethod.php(87): Illuminate\\Container\\BoundMethod::Illuminate\\Container\\{closure}()\n#6 /var/www/html/vendor/laravel/framework/src/Illuminate/Container/BoundMethod.php(31): Illuminate\\Container\\BoundMethod::callBoundMethod(Object(Illuminate\\Foundation\\Application), Array, Object(Closure))\n#7 /var/www/html/vendor/laravel/framework/src/Illuminate/Container/Container.php(549): Illuminate\\Container\\BoundMethod::call(Object(Illuminate\\Foundation\\Application), Array, Array, NULL)\n#8 /var/www/html/vendor/laravel/framework/src/Illuminate/Bus/Dispatcher.php(94): Illuminate\\Container\\Container->call(Array)\n#9 /var/www/html/vendor/laravel/framework/src/Illuminate/Pipeline/Pipeline.php(114): Illuminate\\Bus\\Dispatcher->Illuminate\\Bus\\{closure}(Object(App\\Jobs\\MarketNegotiationTimeout))\n#10 /var/www/html/vendor/laravel/framework/src/Illuminate/Pipeline/Pipeline.php(102): Illuminate\\Pipeline\\Pipeline->Illuminate\\Pipeline\\{closure}(Object(App\\Jobs\\MarketNegotiationTimeout))\n#11 /var/www/html/vendor/laravel/framework/src/Illuminate/Bus/Dispatcher.php(98): Illuminate\\Pipeline\\Pipeline->then(Object(Closure))\n#12 /var/www/html/vendor/laravel/framework/src/Illuminate/Queue/CallQueuedHandler.php(49): Illuminate\\Bus\\Dispatcher->dispatchNow(Object(App\\Jobs\\MarketNegotiationTimeout), false)\n#13 /var/www/html/vendor/laravel/framework/src/Illuminate/Queue/Jobs/Job.php(76): Illuminate\\Queue\\CallQueuedHandler->call(Object(Illuminate\\Queue\\Jobs\\DatabaseJob), Array)\n#14 /var/www/html/vendor/laravel/framework/src/Illuminate/Queue/Worker.php(320): Illuminate\\Queue\\Jobs\\Job->fire()\n#15 /var/www/html/vendor/laravel/framework/src/Illuminate/Queue/Worker.php(270): Illuminate\\Queue\\Worker->process(\'db_timeout\', Object(Illuminate\\Queue\\Jobs\\DatabaseJob), Object(Illuminate\\Queue\\WorkerOptions))\n#16 /var/www/html/vendor/laravel/framework/src/Illuminate/Queue/Worker.php(114): Illuminate\\Queue\\Worker->runJob(Object(Illuminate\\Queue\\Jobs\\DatabaseJob), \'db_timeout\', Object(Illuminate\\Queue\\WorkerOptions))\n#17 /var/www/html/vendor/laravel/framework/src/Illuminate/Queue/Console/WorkCommand.php(101): Illuminate\\Queue\\Worker->daemon(\'db_timeout\', \'timeout\', Object(Illuminate\\Queue\\WorkerOptions))\n#18 /var/www/html/vendor/laravel/framework/src/Illuminate/Queue/Console/WorkCommand.php(85): Illuminate\\Queue\\Console\\WorkCommand->runWorker(\'db_timeout\', \'timeout\')\n#19 [internal function]: Illuminate\\Queue\\Console\\WorkCommand->handle()\n#20 /var/www/html/vendor/laravel/framework/src/Illuminate/Container/BoundMethod.php(29): call_user_func_array(Array, Array)\n#21 /var/www/html/vendor/laravel/framework/src/Illuminate/Container/BoundMethod.php(87): Illuminate\\Container\\BoundMethod::Illuminate\\Container\\{closure}()\n#22 /var/www/html/vendor/laravel/framework/src/Illuminate/Container/BoundMethod.php(31): Illuminate\\Container\\BoundMethod::callBoundMethod(Object(Illuminate\\Foundation\\Application), Array, Object(Closure))\n#23 /var/www/html/vendor/laravel/framework/src/Illuminate/Container/Container.php(549): Illuminate\\Container\\BoundMethod::call(Object(Illuminate\\Foundation\\Application), Array, Array, NULL)\n#24 /var/www/html/vendor/laravel/framework/src/Illuminate/Console/Command.php(183): Illuminate\\Container\\Container->call(Array)\n#25 /var/www/html/vendor/symfony/console/Command/Command.php(264): Illuminate\\Console\\Command->execute(Object(Symfony\\Component\\Console\\Input\\ArgvInput), Object(Illuminate\\Console\\OutputStyle))\n#26 /var/www/html/vendor/laravel/framework/src/Illuminate/Console/Command.php(170): Symfony\\Component\\Console\\Command\\Command->run(Object(Symfony\\Component\\Console\\Input\\ArgvInput), Object(Illuminate\\Console\\OutputStyle))\n#27 /var/www/html/vendor/symfony/console/Application.php(874): Illuminate\\Console\\Command->run(Object(Symfony\\Component\\Console\\Input\\ArgvInput), Object(Symfony\\Component\\Console\\Output\\ConsoleOutput))\n#28 /var/www/html/vendor/symfony/console/Application.php(228): Symfony\\Component\\Console\\Application->doRunCommand(Object(Illuminate\\Queue\\Console\\WorkCommand), Object(Symfony\\Component\\Console\\Input\\ArgvInput), Object(Symfony\\Component\\Console\\Output\\ConsoleOutput))\n#29 /var/www/html/vendor/symfony/console/Application.php(130): Symfony\\Component\\Console\\Application->doRun(Object(Symfony\\Component\\Console\\Input\\ArgvInput), Object(Symfony\\Component\\Console\\Output\\ConsoleOutput))\n#30 /var/www/html/vendor/laravel/framework/src/Illuminate/Console/Application.php(88): Symfony\\Component\\Console\\Application->run(Object(Symfony\\Component\\Console\\Input\\ArgvInput), Object(Symfony\\Component\\Console\\Output\\ConsoleOutput))\n#31 /var/www/html/vendor/laravel/framework/src/Illuminate/Foundation/Console/Kernel.php(121): Illuminate\\Console\\Application->run(Object(Symfony\\Component\\Console\\Input\\ArgvInput), Object(Symfony\\Component\\Console\\Output\\ConsoleOutput))\n#32 /var/www/html/artisan(37): Illuminate\\Foundation\\Console\\Kernel->handle(Object(Symfony\\Component\\Console\\Input\\ArgvInput), Object(Symfony\\Component\\Console\\Output\\ConsoleOutput))\n#33 {main}','2019-06-18 15:05:09');
/*!40000 ALTER TABLE `failed_jobs` ENABLE KEYS */;
UNLOCK TABLES;

--
-- Table structure for table `interest_user`
--

DROP TABLE IF EXISTS `interest_user`;
/*!40101 SET @saved_cs_client     = @@character_set_client */;
/*!40101 SET character_set_client = utf8 */;
CREATE TABLE `interest_user` (
  `id` int(10) unsigned NOT NULL AUTO_INCREMENT,
  `value` varchar(255) COLLATE utf8mb4_unicode_ci NOT NULL,
  `interest_id` int(10) unsigned NOT NULL,
  `user_id` int(10) unsigned NOT NULL,
  `created_at` timestamp NULL DEFAULT NULL,
  `updated_at` timestamp NULL DEFAULT NULL,
  PRIMARY KEY (`id`),
  KEY `interest_user_interest_id_foreign` (`interest_id`),
  KEY `interest_user_user_id_foreign` (`user_id`),
  CONSTRAINT `interest_user_interest_id_foreign` FOREIGN KEY (`interest_id`) REFERENCES `interests` (`id`),
  CONSTRAINT `interest_user_user_id_foreign` FOREIGN KEY (`user_id`) REFERENCES `users` (`id`)
) ENGINE=InnoDB AUTO_INCREMENT=2 DEFAULT CHARSET=utf8mb4 COLLATE=utf8mb4_unicode_ci;
/*!40101 SET character_set_client = @saved_cs_client */;

--
-- Dumping data for table `interest_user`
--

LOCK TABLES `interest_user` WRITE;
/*!40000 ALTER TABLE `interest_user` DISABLE KEYS */;
INSERT INTO `interest_user` VALUES (1,'asdf',1,9,NULL,NULL);
/*!40000 ALTER TABLE `interest_user` ENABLE KEYS */;
UNLOCK TABLES;

--
-- Table structure for table `interests`
--

DROP TABLE IF EXISTS `interests`;
/*!40101 SET @saved_cs_client     = @@character_set_client */;
/*!40101 SET character_set_client = utf8 */;
CREATE TABLE `interests` (
  `id` int(10) unsigned NOT NULL AUTO_INCREMENT,
  `title` varchar(255) COLLATE utf8mb4_unicode_ci NOT NULL,
  `created_at` timestamp NULL DEFAULT NULL,
  `updated_at` timestamp NULL DEFAULT NULL,
  PRIMARY KEY (`id`)
) ENGINE=InnoDB AUTO_INCREMENT=9 DEFAULT CHARSET=utf8mb4 COLLATE=utf8mb4_unicode_ci;
/*!40101 SET character_set_client = @saved_cs_client */;

--
-- Dumping data for table `interests`
--

LOCK TABLES `interests` WRITE;
/*!40000 ALTER TABLE `interests` DISABLE KEYS */;
INSERT INTO `interests` VALUES (1,'Football',NULL,NULL),(2,'Rugby',NULL,NULL),(3,'Cricket',NULL,NULL),(4,'Tennis',NULL,NULL),(5,'Cycling',NULL,NULL),(6,'F1/MotoGP',NULL,NULL),(7,'Golf',NULL,NULL),(8,'Other',NULL,NULL);
/*!40000 ALTER TABLE `interests` ENABLE KEYS */;
UNLOCK TABLES;

--
-- Table structure for table `item_types`
--

DROP TABLE IF EXISTS `item_types`;
/*!40101 SET @saved_cs_client     = @@character_set_client */;
/*!40101 SET character_set_client = utf8 */;
CREATE TABLE `item_types` (
  `id` int(10) unsigned NOT NULL AUTO_INCREMENT,
  `title` varchar(255) COLLATE utf8mb4_unicode_ci NOT NULL,
  `validation_rule` varchar(255) COLLATE utf8mb4_unicode_ci NOT NULL,
  `created_at` timestamp NULL DEFAULT NULL,
  `updated_at` timestamp NULL DEFAULT NULL,
  PRIMARY KEY (`id`)
) ENGINE=InnoDB AUTO_INCREMENT=4 DEFAULT CHARSET=utf8mb4 COLLATE=utf8mb4_unicode_ci;
/*!40101 SET character_set_client = @saved_cs_client */;

--
-- Dumping data for table `item_types`
--

LOCK TABLES `item_types` WRITE;
/*!40000 ALTER TABLE `item_types` DISABLE KEYS */;
INSERT INTO `item_types` VALUES (1,'expiration date','required|date|after:today',NULL,NULL),(2,'double','required|numeric',NULL,NULL),(3,'boolean','required\"boolean',NULL,NULL);
/*!40000 ALTER TABLE `item_types` ENABLE KEYS */;
UNLOCK TABLES;

--
-- Table structure for table `items`
--

DROP TABLE IF EXISTS `items`;
/*!40101 SET @saved_cs_client     = @@character_set_client */;
/*!40101 SET character_set_client = utf8 */;
CREATE TABLE `items` (
  `id` int(10) unsigned NOT NULL AUTO_INCREMENT,
  `title` varchar(255) COLLATE utf8mb4_unicode_ci NOT NULL,
  `item_type_id` int(10) unsigned NOT NULL,
  `trade_structure_group_id` int(10) unsigned NOT NULL,
  `created_at` timestamp NULL DEFAULT NULL,
  `updated_at` timestamp NULL DEFAULT NULL,
  PRIMARY KEY (`id`),
  KEY `items_item_type_id_foreign` (`item_type_id`),
  KEY `items_trade_structure_group_id_foreign` (`trade_structure_group_id`),
  CONSTRAINT `items_item_type_id_foreign` FOREIGN KEY (`item_type_id`) REFERENCES `item_types` (`id`),
  CONSTRAINT `items_trade_structure_group_id_foreign` FOREIGN KEY (`trade_structure_group_id`) REFERENCES `trade_structure_groups` (`id`)
) ENGINE=InnoDB AUTO_INCREMENT=163 DEFAULT CHARSET=utf8mb4 COLLATE=utf8mb4_unicode_ci;
/*!40101 SET character_set_client = @saved_cs_client */;

--
-- Dumping data for table `items`
--

LOCK TABLES `items` WRITE;
/*!40000 ALTER TABLE `items` DISABLE KEYS */;
INSERT INTO `items` VALUES (1,'Expiration Date',1,1,'2019-02-06 16:55:40','2019-02-06 16:55:40'),(2,'Strike',2,1,'2019-02-06 16:55:40','2019-02-06 16:55:40'),(3,'Quantity',2,1,'2019-02-06 16:55:40','2019-02-06 16:55:40'),(4,'Future',2,1,'2019-02-06 16:55:40','2019-02-06 16:55:40'),(5,'is_offer',3,2,'2019-02-06 16:55:40','2019-02-06 16:55:40'),(6,'is_put',2,2,'2019-02-06 16:55:40','2019-02-06 16:55:40'),(7,'Volatility',2,2,'2019-02-06 16:55:40','2019-02-06 16:55:40'),(8,'Gross Premiums',2,2,'2019-02-06 16:55:40','2019-02-06 16:55:40'),(9,'Net Premiums',2,2,'2019-02-06 16:55:40','2019-02-06 16:55:40'),(10,'Contract',2,2,'2019-02-06 16:55:40','2019-02-06 16:55:40'),(11,'Nominal',2,2,'2019-02-06 16:55:40','2019-02-06 16:55:40'),(12,'is_offer',3,3,'2019-02-06 16:55:40','2019-02-06 16:55:40'),(13,'Future',2,3,'2019-02-06 16:55:40','2019-02-06 16:55:40'),(14,'Contract',2,3,'2019-02-06 16:55:40','2019-02-06 16:55:40'),(15,'Spot',2,3,'2019-02-06 16:55:40','2019-02-06 16:55:40'),(16,'Expiration Date',1,4,'2019-02-06 16:55:40','2019-02-06 16:55:40'),(17,'Strike',2,4,'2019-02-06 16:55:40','2019-02-06 16:55:40'),(18,'Quantity',2,4,'2019-02-06 16:55:40','2019-02-06 16:55:40'),(19,'Future',2,4,'2019-02-06 16:55:40','2019-02-06 16:55:40'),(20,'is_offer',3,5,'2019-02-06 16:55:40','2019-02-06 16:55:40'),(21,'is_put',2,5,'2019-02-06 16:55:40','2019-02-06 16:55:40'),(22,'Volatility',2,5,'2019-02-06 16:55:40','2019-02-06 16:55:40'),(23,'Gross Premiums',2,5,'2019-02-06 16:55:40','2019-02-06 16:55:40'),(24,'Net Premiums',2,5,'2019-02-06 16:55:40','2019-02-06 16:55:40'),(25,'Contract',2,5,'2019-02-06 16:55:40','2019-02-06 16:55:40'),(26,'Nominal',2,5,'2019-02-06 16:55:40','2019-02-06 16:55:40'),(27,'is_offer',3,6,'2019-02-06 16:55:40','2019-02-06 16:55:40'),(28,'Future',2,6,'2019-02-06 16:55:40','2019-02-06 16:55:40'),(29,'Contract',2,6,'2019-02-06 16:55:40','2019-02-06 16:55:40'),(30,'Spot',2,6,'2019-02-06 16:55:40','2019-02-06 16:55:40'),(31,'Expiration Date',1,7,'2019-02-06 16:55:40','2019-02-06 16:55:40'),(32,'Strike',2,7,'2019-02-06 16:55:40','2019-02-06 16:55:40'),(33,'Quantity',2,7,'2019-02-06 16:55:40','2019-02-06 16:55:40'),(34,'is_offer',3,8,'2019-02-06 16:55:40','2019-02-06 16:55:40'),(35,'is_put',2,8,'2019-02-06 16:55:40','2019-02-06 16:55:40'),(36,'Volatility',2,8,'2019-02-06 16:55:40','2019-02-06 16:55:40'),(37,'Gross Premiums',2,8,'2019-02-06 16:55:40','2019-02-06 16:55:40'),(38,'Net Premiums',2,8,'2019-02-06 16:55:40','2019-02-06 16:55:40'),(39,'Contract',2,8,'2019-02-06 16:55:40','2019-02-06 16:55:40'),(40,'Nominal',2,8,'2019-02-06 16:55:40','2019-02-06 16:55:40'),(41,'Expiration Date',1,9,'2019-02-06 16:55:40','2019-02-06 16:55:40'),(42,'Strike',2,9,'2019-02-06 16:55:40','2019-02-06 16:55:40'),(43,'Quantity',2,9,'2019-02-06 16:55:40','2019-02-06 16:55:40'),(44,'Future',2,9,'2019-02-06 16:55:40','2019-02-06 16:55:40'),(45,'is_offer',3,10,'2019-02-06 16:55:40','2019-02-06 16:55:40'),(46,'is_put',2,10,'2019-02-06 16:55:40','2019-02-06 16:55:40'),(47,'Volatility',2,10,'2019-02-06 16:55:40','2019-02-06 16:55:40'),(48,'Gross Premiums',2,10,'2019-02-06 16:55:40','2019-02-06 16:55:40'),(49,'Net Premiums',2,10,'2019-02-06 16:55:40','2019-02-06 16:55:40'),(50,'Contract',2,10,'2019-02-06 16:55:40','2019-02-06 16:55:40'),(51,'Nominal',2,10,'2019-02-06 16:55:40','2019-02-06 16:55:40'),(52,'is_offer',3,11,'2019-02-06 16:55:40','2019-02-06 16:55:40'),(53,'Future',2,11,'2019-02-06 16:55:40','2019-02-06 16:55:40'),(54,'Contract',2,11,'2019-02-06 16:55:40','2019-02-06 16:55:40'),(55,'Spot',2,11,'2019-02-06 16:55:40','2019-02-06 16:55:40'),(56,'Expiration Date',1,12,'2019-02-06 16:55:40','2019-02-06 16:55:40'),(57,'Strike',2,12,'2019-02-06 16:55:40','2019-02-06 16:55:40'),(58,'Quantity',2,12,'2019-02-06 16:55:40','2019-02-06 16:55:40'),(59,'Future',2,12,'2019-02-06 16:55:40','2019-02-06 16:55:40'),(60,'is_offer',3,13,'2019-02-06 16:55:40','2019-02-06 16:55:40'),(61,'is_put',2,13,'2019-02-06 16:55:40','2019-02-06 16:55:40'),(62,'Volatility',2,13,'2019-02-06 16:55:40','2019-02-06 16:55:40'),(63,'Gross Premiums',2,13,'2019-02-06 16:55:40','2019-02-06 16:55:40'),(64,'Net Premiums',2,13,'2019-02-06 16:55:40','2019-02-06 16:55:40'),(65,'Contract',2,13,'2019-02-06 16:55:40','2019-02-06 16:55:40'),(66,'Nominal',2,13,'2019-02-06 16:55:40','2019-02-06 16:55:40'),(67,'is_offer',3,14,'2019-02-06 16:55:40','2019-02-06 16:55:40'),(68,'Future',2,14,'2019-02-06 16:55:40','2019-02-06 16:55:40'),(69,'Contract',2,14,'2019-02-06 16:55:40','2019-02-06 16:55:40'),(70,'Expiration Date',1,15,'2019-02-06 16:55:40','2019-02-06 16:55:40'),(71,'Strike',2,15,'2019-02-06 16:55:40','2019-02-06 16:55:40'),(72,'Quantity',2,15,'2019-02-06 16:55:40','2019-02-06 16:55:40'),(73,'Future',2,15,'2019-02-06 16:55:40','2019-02-06 16:55:40'),(74,'is_offer',3,16,'2019-02-06 16:55:40','2019-02-06 16:55:40'),(75,'is_put',2,16,'2019-02-06 16:55:40','2019-02-06 16:55:40'),(76,'Volatility',2,16,'2019-02-06 16:55:40','2019-02-06 16:55:40'),(77,'Gross Premiums',2,16,'2019-02-06 16:55:40','2019-02-06 16:55:40'),(78,'Net Premiums',2,16,'2019-02-06 16:55:40','2019-02-06 16:55:40'),(79,'Contract',2,16,'2019-02-06 16:55:40','2019-02-06 16:55:40'),(80,'Nominal',2,16,'2019-02-06 16:55:40','2019-02-06 16:55:40'),(81,'is_offer',3,17,'2019-02-06 16:55:40','2019-02-06 16:55:40'),(82,'Future',2,17,'2019-02-06 16:55:40','2019-02-06 16:55:40'),(83,'Contract',2,17,'2019-02-06 16:55:40','2019-02-06 16:55:40'),(84,'Spot',2,17,'2019-02-06 16:55:40','2019-02-06 16:55:40'),(85,'Strike',2,18,'2019-02-06 16:55:40','2019-02-06 16:55:40'),(86,'Quantity',2,18,'2019-02-06 16:55:40','2019-02-06 16:55:40'),(87,'is_offer',3,19,'2019-02-06 16:55:40','2019-02-06 16:55:40'),(88,'is_put',2,19,'2019-02-06 16:55:40','2019-02-06 16:55:40'),(89,'Volatility',2,19,'2019-02-06 16:55:40','2019-02-06 16:55:40'),(90,'Gross Premiums',2,19,'2019-02-06 16:55:40','2019-02-06 16:55:40'),(91,'Net Premiums',2,19,'2019-02-06 16:55:40','2019-02-06 16:55:40'),(92,'Contract',2,19,'2019-02-06 16:55:40','2019-02-06 16:55:40'),(93,'Nominal',2,19,'2019-02-06 16:55:40','2019-02-06 16:55:40'),(94,'Strike',2,20,'2019-02-06 16:55:40','2019-02-06 16:55:40'),(95,'Quantity',2,20,'2019-02-06 16:55:40','2019-02-06 16:55:40'),(96,'is_offer',3,21,'2019-02-06 16:55:40','2019-02-06 16:55:40'),(97,'is_put',2,21,'2019-02-06 16:55:40','2019-02-06 16:55:40'),(98,'Volatility',2,21,'2019-02-06 16:55:40','2019-02-06 16:55:40'),(99,'Gross Premiums',2,21,'2019-02-06 16:55:40','2019-02-06 16:55:40'),(100,'Net Premiums',2,21,'2019-02-06 16:55:40','2019-02-06 16:55:40'),(101,'Contract',2,21,'2019-02-06 16:55:40','2019-02-06 16:55:40'),(102,'Nominal',2,21,'2019-02-06 16:55:40','2019-02-06 16:55:40'),(103,'Expiration Date',1,22,'2019-02-06 16:55:40','2019-02-06 16:55:40'),(104,'Strike',2,22,'2019-02-06 16:55:40','2019-02-06 16:55:40'),(105,'Quantity',2,22,'2019-02-06 16:55:40','2019-02-06 16:55:40'),(106,'Future',2,22,'2019-02-06 16:55:40','2019-02-06 16:55:40'),(107,'is_offer',3,23,'2019-02-06 16:55:40','2019-02-06 16:55:40'),(108,'is_put',2,23,'2019-02-06 16:55:40','2019-02-06 16:55:40'),(109,'Volatility',2,23,'2019-02-06 16:55:40','2019-02-06 16:55:40'),(110,'Gross Premiums',2,23,'2019-02-06 16:55:40','2019-02-06 16:55:40'),(111,'Net Premiums',2,23,'2019-02-06 16:55:40','2019-02-06 16:55:40'),(112,'Contract',2,23,'2019-02-06 16:55:40','2019-02-06 16:55:40'),(113,'Nominal',2,23,'2019-02-06 16:55:40','2019-02-06 16:55:40'),(114,'is_offer',3,24,'2019-02-06 16:55:40','2019-02-06 16:55:40'),(115,'Future',2,24,'2019-02-06 16:55:40','2019-02-06 16:55:40'),(116,'Contract',2,24,'2019-02-06 16:55:40','2019-02-06 16:55:40'),(117,'Spot',2,24,'2019-02-06 16:55:40','2019-02-06 16:55:40'),(118,'Expiration Date',1,25,'2019-02-06 16:55:40','2019-02-06 16:55:40'),(119,'Strike',2,25,'2019-02-06 16:55:40','2019-02-06 16:55:40'),(120,'Quantity',2,25,'2019-02-06 16:55:40','2019-02-06 16:55:40'),(121,'Future',2,25,'2019-02-06 16:55:40','2019-02-06 16:55:40'),(122,'is_offer',3,26,'2019-02-06 16:55:40','2019-02-06 16:55:40'),(123,'is_put',2,26,'2019-02-06 16:55:40','2019-02-06 16:55:40'),(124,'Volatility',2,26,'2019-02-06 16:55:40','2019-02-06 16:55:40'),(125,'Gross Premiums',2,26,'2019-02-06 16:55:40','2019-02-06 16:55:40'),(126,'Net Premiums',2,26,'2019-02-06 16:55:40','2019-02-06 16:55:40'),(127,'Contract',2,26,'2019-02-06 16:55:40','2019-02-06 16:55:40'),(128,'Nominal',2,26,'2019-02-06 16:55:40','2019-02-06 16:55:40'),(129,'is_offer',3,27,'2019-02-06 16:55:40','2019-02-06 16:55:40'),(130,'Future',2,27,'2019-02-06 16:55:40','2019-02-06 16:55:40'),(131,'Contract',2,27,'2019-02-06 16:55:40','2019-02-06 16:55:40'),(132,'Spot',2,27,'2019-02-06 16:55:40','2019-02-06 16:55:40'),(133,'Expiration Date',1,28,'2019-02-06 16:55:40','2019-02-06 16:55:40'),(134,'Quantity',2,28,'2019-02-06 16:55:40','2019-02-06 16:55:40'),(135,'is_offer',3,29,'2019-02-06 16:55:40','2019-02-06 16:55:40'),(136,'Future',2,29,'2019-02-06 16:55:40','2019-02-06 16:55:40'),(137,'Contract',2,29,'2019-02-06 16:55:40','2019-02-06 16:55:40'),(138,'Spot',2,29,'2019-02-06 16:55:40','2019-02-06 16:55:40'),(139,'Expiration Date 1',1,30,'2019-02-06 16:55:40','2019-02-06 16:55:40'),(140,'Expiration Date 2',1,30,'2019-02-06 16:55:40','2019-02-06 16:55:40'),(141,'Quantity',2,30,'2019-02-06 16:55:40','2019-02-06 16:55:40'),(142,'is_offer 1',3,31,'2019-02-06 16:55:40','2019-02-06 16:55:40'),(143,'is_offer 2',3,31,'2019-02-06 16:55:40','2019-02-06 16:55:40'),(144,'Future 1',2,31,'2019-02-06 16:55:40','2019-02-06 16:55:40'),(145,'Future 2',2,31,'2019-02-06 16:55:40','2019-02-06 16:55:40'),(146,'Contract',2,31,'2019-02-06 16:55:40','2019-02-06 16:55:40'),(147,'Expiration Date',1,32,'2019-02-06 16:55:40','2019-02-06 16:55:40'),(148,'Quantity',2,32,'2019-02-06 16:55:40','2019-02-06 16:55:40'),(149,'is_offer',3,33,'2019-02-06 16:55:40','2019-02-06 16:55:40'),(150,'Future',2,33,'2019-02-06 16:55:40','2019-02-06 16:55:40'),(151,'Contract',2,33,'2019-02-06 16:55:40','2019-02-06 16:55:40'),(152,'Spot',2,33,'2019-02-06 16:55:40','2019-02-06 16:55:40'),(153,'Expiration Date',1,34,'2019-02-06 16:55:40','2019-02-06 16:55:40'),(154,'Quantity',2,34,'2019-02-06 16:55:40','2019-02-06 16:55:40'),(155,'is_offer',3,35,'2019-02-06 16:55:40','2019-02-06 16:55:40'),(156,'Future',2,35,'2019-02-06 16:55:40','2019-02-06 16:55:40'),(157,'Contract',2,35,'2019-02-06 16:55:40','2019-02-06 16:55:40'),(158,'Spot',2,35,'2019-02-06 16:55:40','2019-02-06 16:55:40'),(159,'Expiration Date',1,36,'2019-02-06 16:55:40','2019-02-06 16:55:40'),(160,'Quantity',2,36,'2019-02-06 16:55:40','2019-02-06 16:55:40'),(161,'Cap',2,36,'2019-02-06 16:55:40','2019-02-06 16:55:40'),(162,'Future',2,36,'2019-02-06 16:55:40','2019-02-06 16:55:40');
/*!40000 ALTER TABLE `items` ENABLE KEYS */;
UNLOCK TABLES;

--
-- Table structure for table `jobs`
--

DROP TABLE IF EXISTS `jobs`;
/*!40101 SET @saved_cs_client     = @@character_set_client */;
/*!40101 SET character_set_client = utf8 */;
CREATE TABLE `jobs` (
  `id` bigint(20) unsigned NOT NULL AUTO_INCREMENT,
  `queue` varchar(255) COLLATE utf8mb4_unicode_ci NOT NULL,
  `payload` longtext COLLATE utf8mb4_unicode_ci NOT NULL,
  `attempts` tinyint(3) unsigned NOT NULL,
  `reserved_at` int(10) unsigned DEFAULT NULL,
  `available_at` int(10) unsigned NOT NULL,
  `created_at` int(10) unsigned NOT NULL,
  PRIMARY KEY (`id`),
  KEY `jobs_queue_index` (`queue`)
) ENGINE=InnoDB AUTO_INCREMENT=18438 DEFAULT CHARSET=utf8mb4 COLLATE=utf8mb4_unicode_ci;
/*!40101 SET character_set_client = @saved_cs_client */;

--
-- Dumping data for table `jobs`
--

LOCK TABLES `jobs` WRITE;
/*!40000 ALTER TABLE `jobs` DISABLE KEYS */;
/*!40000 ALTER TABLE `jobs` ENABLE KEYS */;
UNLOCK TABLES;

--
-- Table structure for table `jse_intergration_stock`
--

DROP TABLE IF EXISTS `jse_intergration_stock`;
/*!40101 SET @saved_cs_client     = @@character_set_client */;
/*!40101 SET character_set_client = utf8 */;
CREATE TABLE `jse_intergration_stock` (
  `id` int(10) unsigned NOT NULL AUTO_INCREMENT,
  `jse_intergration_id` int(10) unsigned NOT NULL,
  `stock_id` int(10) unsigned NOT NULL,
  `created_at` timestamp NULL DEFAULT NULL,
  `updated_at` timestamp NULL DEFAULT NULL,
  PRIMARY KEY (`id`),
  KEY `jse_intergration_stock_jse_intergration_id_foreign` (`jse_intergration_id`),
  KEY `jse_intergration_stock_stock_id_foreign` (`stock_id`),
  CONSTRAINT `jse_intergration_stock_jse_intergration_id_foreign` FOREIGN KEY (`jse_intergration_id`) REFERENCES `jse_intergrations` (`id`),
  CONSTRAINT `jse_intergration_stock_stock_id_foreign` FOREIGN KEY (`stock_id`) REFERENCES `stocks` (`id`)
) ENGINE=InnoDB DEFAULT CHARSET=utf8mb4 COLLATE=utf8mb4_unicode_ci;
/*!40101 SET character_set_client = @saved_cs_client */;

--
-- Dumping data for table `jse_intergration_stock`
--

LOCK TABLES `jse_intergration_stock` WRITE;
/*!40000 ALTER TABLE `jse_intergration_stock` DISABLE KEYS */;
/*!40000 ALTER TABLE `jse_intergration_stock` ENABLE KEYS */;
UNLOCK TABLES;

--
-- Table structure for table `jse_intergrations`
--

DROP TABLE IF EXISTS `jse_intergrations`;
/*!40101 SET @saved_cs_client     = @@character_set_client */;
/*!40101 SET character_set_client = utf8 */;
CREATE TABLE `jse_intergrations` (
  `id` int(10) unsigned NOT NULL AUTO_INCREMENT,
  `type` varchar(255) COLLATE utf8mb4_unicode_ci NOT NULL,
  `field` varchar(255) COLLATE utf8mb4_unicode_ci NOT NULL,
  `value` text COLLATE utf8mb4_unicode_ci NOT NULL,
  `created_at` timestamp NULL DEFAULT NULL,
  `updated_at` timestamp NULL DEFAULT NULL,
  PRIMARY KEY (`id`)
) ENGINE=InnoDB DEFAULT CHARSET=utf8mb4 COLLATE=utf8mb4_unicode_ci;
/*!40101 SET character_set_client = @saved_cs_client */;

--
-- Dumping data for table `jse_intergrations`
--

LOCK TABLES `jse_intergrations` WRITE;
/*!40000 ALTER TABLE `jse_intergrations` DISABLE KEYS */;
/*!40000 ALTER TABLE `jse_intergrations` ENABLE KEYS */;
UNLOCK TABLES;

--
-- Table structure for table `jse_trade_intergrations`
--

DROP TABLE IF EXISTS `jse_trade_intergrations`;
/*!40101 SET @saved_cs_client     = @@character_set_client */;
/*!40101 SET character_set_client = utf8 */;
CREATE TABLE `jse_trade_intergrations` (
  `id` int(10) unsigned NOT NULL AUTO_INCREMENT,
  `type` varchar(255) COLLATE utf8mb4_unicode_ci NOT NULL,
  `title` varchar(255) COLLATE utf8mb4_unicode_ci NOT NULL,
  `value` varchar(255) COLLATE utf8mb4_unicode_ci NOT NULL,
  `created_at` timestamp NULL DEFAULT NULL,
  `updated_at` timestamp NULL DEFAULT NULL,
  PRIMARY KEY (`id`)
) ENGINE=InnoDB DEFAULT CHARSET=utf8mb4 COLLATE=utf8mb4_unicode_ci;
/*!40101 SET character_set_client = @saved_cs_client */;

--
-- Dumping data for table `jse_trade_intergrations`
--

LOCK TABLES `jse_trade_intergrations` WRITE;
/*!40000 ALTER TABLE `jse_trade_intergrations` DISABLE KEYS */;
/*!40000 ALTER TABLE `jse_trade_intergrations` ENABLE KEYS */;
UNLOCK TABLES;

--
-- Table structure for table `market_jse_intergration`
--

DROP TABLE IF EXISTS `market_jse_intergration`;
/*!40101 SET @saved_cs_client     = @@character_set_client */;
/*!40101 SET character_set_client = utf8 */;
CREATE TABLE `market_jse_intergration` (
  `id` int(10) unsigned NOT NULL AUTO_INCREMENT,
  `jse_intergration_id` int(10) unsigned NOT NULL,
  `market_id` int(10) unsigned NOT NULL,
  `created_at` timestamp NULL DEFAULT NULL,
  `updated_at` timestamp NULL DEFAULT NULL,
  PRIMARY KEY (`id`),
  KEY `market_jse_intergration_jse_intergration_id_foreign` (`jse_intergration_id`),
  KEY `market_jse_intergration_market_id_foreign` (`market_id`),
  CONSTRAINT `market_jse_intergration_jse_intergration_id_foreign` FOREIGN KEY (`jse_intergration_id`) REFERENCES `jse_intergrations` (`id`),
  CONSTRAINT `market_jse_intergration_market_id_foreign` FOREIGN KEY (`market_id`) REFERENCES `markets` (`id`)
) ENGINE=InnoDB DEFAULT CHARSET=utf8mb4 COLLATE=utf8mb4_unicode_ci;
/*!40101 SET character_set_client = @saved_cs_client */;

--
-- Dumping data for table `market_jse_intergration`
--

LOCK TABLES `market_jse_intergration` WRITE;
/*!40000 ALTER TABLE `market_jse_intergration` DISABLE KEYS */;
/*!40000 ALTER TABLE `market_jse_intergration` ENABLE KEYS */;
UNLOCK TABLES;

--
-- Table structure for table `market_negotiations`
--

DROP TABLE IF EXISTS `market_negotiations`;
/*!40101 SET @saved_cs_client     = @@character_set_client */;
/*!40101 SET character_set_client = utf8 */;
CREATE TABLE `market_negotiations` (
  `id` int(10) unsigned NOT NULL AUTO_INCREMENT,
  `user_id` int(10) unsigned NOT NULL,
  `counter_user_id` int(10) unsigned DEFAULT NULL,
  `market_negotiation_id` int(10) unsigned DEFAULT NULL,
  `user_market_id` int(10) unsigned NOT NULL,
  `bid` double(11,2) DEFAULT NULL,
  `offer` double(11,2) DEFAULT NULL,
  `bid_qty` double(11,2) DEFAULT NULL,
  `offer_qty` double(11,2) DEFAULT NULL,
  `bid_premium` double(11,2) DEFAULT NULL,
  `offer_premium` double(11,2) DEFAULT NULL,
  `future_reference` double(11,2) DEFAULT NULL,
  `has_premium_calc` tinyint(1) NOT NULL DEFAULT '0',
  `is_repeat` tinyint(1) NOT NULL DEFAULT '0',
  `is_accepted` tinyint(1) NOT NULL DEFAULT '0',
  `is_killed` tinyint(1) NOT NULL DEFAULT '0',
  `is_private` tinyint(1) NOT NULL DEFAULT '0',
  `cond_is_repeat_atw` tinyint(1) DEFAULT NULL,
  `cond_fok_apply_bid` tinyint(1) DEFAULT NULL,
  `cond_fok_spin` tinyint(1) DEFAULT NULL,
  `cond_timeout` tinyint(1) DEFAULT NULL,
  `cond_is_oco` tinyint(1) DEFAULT NULL,
  `cond_is_subject` tinyint(1) DEFAULT NULL,
  `cond_buy_mid` tinyint(1) DEFAULT NULL,
  `cond_buy_best` tinyint(1) DEFAULT NULL,
  `created_at` timestamp NULL DEFAULT NULL,
  `updated_at` timestamp NULL DEFAULT NULL,
  `deleted_at` timestamp NULL DEFAULT NULL,
  PRIMARY KEY (`id`),
  KEY `market_negotiations_user_id_foreign` (`user_id`),
  KEY `market_negotiations_market_negotiation_id_foreign` (`market_negotiation_id`),
  KEY `market_negotiations_user_market_id_foreign` (`user_market_id`),
  CONSTRAINT `market_negotiations_market_negotiation_id_foreign` FOREIGN KEY (`market_negotiation_id`) REFERENCES `market_negotiations` (`id`),
  CONSTRAINT `market_negotiations_user_id_foreign` FOREIGN KEY (`user_id`) REFERENCES `users` (`id`),
  CONSTRAINT `market_negotiations_user_market_id_foreign` FOREIGN KEY (`user_market_id`) REFERENCES `user_markets` (`id`)
) ENGINE=InnoDB AUTO_INCREMENT=25 DEFAULT CHARSET=utf8mb4 COLLATE=utf8mb4_unicode_ci;
/*!40101 SET character_set_client = @saved_cs_client */;

--
-- Dumping data for table `market_negotiations`
--

LOCK TABLES `market_negotiations` WRITE;
/*!40000 ALTER TABLE `market_negotiations` DISABLE KEYS */;
INSERT INTO `market_negotiations` VALUES (1,17,NULL,NULL,1,18.50,20.00,500.00,500.00,NULL,NULL,NULL,0,0,0,0,0,NULL,NULL,NULL,NULL,NULL,NULL,NULL,NULL,'2019-07-18 09:48:23','2019-07-18 09:48:23',NULL),(2,17,NULL,NULL,2,16.90,19.20,500.00,500.00,NULL,NULL,NULL,0,0,0,0,0,NULL,NULL,NULL,NULL,NULL,NULL,NULL,NULL,'2019-07-18 09:48:36','2019-07-18 09:48:36',NULL),(3,17,NULL,NULL,3,16.00,17.50,500.00,500.00,NULL,NULL,NULL,0,0,0,0,0,NULL,NULL,NULL,NULL,NULL,NULL,NULL,NULL,'2019-07-18 09:48:50','2019-07-18 09:48:50',NULL),(4,17,NULL,NULL,4,33.00,38.00,50.00,50.00,NULL,NULL,NULL,0,0,0,0,0,NULL,NULL,NULL,NULL,NULL,NULL,NULL,NULL,'2019-07-18 09:49:05','2019-07-18 09:49:05',NULL),(5,17,NULL,NULL,5,27.00,33.00,50.00,50.00,NULL,NULL,NULL,0,0,0,0,0,NULL,NULL,NULL,NULL,NULL,NULL,NULL,NULL,'2019-07-18 09:49:13','2019-07-18 09:49:13',NULL),(6,11,17,1,1,18.60,20.00,500.00,500.00,NULL,NULL,NULL,0,0,0,0,0,NULL,NULL,NULL,NULL,NULL,NULL,NULL,NULL,'2019-07-18 09:49:52','2019-07-18 09:49:52',NULL),(7,17,11,6,1,18.60,19.80,500.00,500.00,NULL,NULL,NULL,0,0,0,0,0,NULL,NULL,NULL,NULL,NULL,NULL,NULL,NULL,'2019-07-18 09:50:00','2019-07-18 09:50:00',NULL),(8,11,17,2,2,17.00,19.20,500.00,500.00,NULL,NULL,NULL,0,0,0,0,0,NULL,NULL,NULL,NULL,NULL,NULL,NULL,NULL,'2019-07-18 09:50:14','2019-07-18 09:50:14',NULL),(9,17,11,8,2,17.00,19.20,500.00,500.00,NULL,NULL,NULL,0,1,0,0,0,NULL,NULL,NULL,NULL,NULL,NULL,NULL,NULL,'2019-07-18 09:50:19','2019-07-18 09:50:19',NULL),(10,11,17,9,2,17.00,19.20,500.00,500.00,NULL,NULL,NULL,0,1,0,0,0,NULL,NULL,NULL,NULL,NULL,NULL,NULL,NULL,'2019-07-18 09:50:24','2019-07-18 09:50:24',NULL),(11,11,17,7,1,18.80,19.80,500.00,500.00,NULL,NULL,NULL,0,0,0,0,0,NULL,NULL,NULL,NULL,NULL,NULL,NULL,NULL,'2019-07-18 11:24:16','2019-07-18 11:24:16',NULL),(12,17,NULL,NULL,6,15.00,18.00,2500.00,2500.00,NULL,NULL,NULL,0,0,0,0,0,NULL,NULL,NULL,NULL,NULL,NULL,NULL,NULL,'2019-07-18 11:30:11','2019-07-18 11:30:11',NULL),(13,17,NULL,NULL,7,28.00,34.00,50.00,50.00,NULL,NULL,NULL,0,0,0,0,0,NULL,NULL,NULL,NULL,NULL,NULL,NULL,NULL,'2019-07-19 14:08:11','2019-07-19 14:08:11',NULL),(14,11,17,13,7,30.00,34.00,50.00,50.00,NULL,NULL,NULL,0,0,0,0,0,NULL,NULL,NULL,NULL,NULL,NULL,NULL,NULL,'2019-07-19 14:08:22','2019-07-19 14:08:22',NULL),(15,17,11,14,7,30.00,34.00,50.00,50.00,NULL,NULL,NULL,0,1,0,0,0,NULL,NULL,NULL,NULL,NULL,NULL,NULL,NULL,'2019-07-19 14:08:35','2019-07-19 14:08:35',NULL),(16,11,17,15,7,31.00,34.00,50.00,50.00,NULL,NULL,NULL,0,0,0,0,0,NULL,NULL,NULL,NULL,NULL,NULL,NULL,NULL,'2019-07-19 14:08:42','2019-07-19 14:08:42',NULL),(17,17,11,16,7,31.00,34.00,50.00,50.00,NULL,NULL,NULL,0,1,0,0,0,NULL,NULL,NULL,NULL,NULL,NULL,NULL,NULL,'2019-07-19 14:08:50','2019-07-19 14:08:50',NULL),(18,11,17,17,7,31.00,34.00,50.00,50.00,NULL,NULL,NULL,0,1,0,0,0,NULL,NULL,NULL,NULL,NULL,NULL,NULL,NULL,'2019-07-19 14:08:55','2019-07-19 14:08:55',NULL),(19,11,17,17,7,32.00,34.00,50.00,50.00,NULL,NULL,NULL,0,0,0,0,0,NULL,NULL,NULL,NULL,NULL,NULL,NULL,NULL,'2019-07-19 14:09:05','2019-07-19 14:09:05',NULL),(20,17,11,19,7,32.00,33.50,50.00,50.00,NULL,NULL,NULL,0,1,0,0,0,1,NULL,NULL,NULL,NULL,NULL,NULL,NULL,'2019-07-19 14:09:30','2019-07-19 14:09:48',NULL),(21,11,17,20,7,33.00,33.50,50.00,50.00,NULL,NULL,NULL,0,1,0,0,0,NULL,NULL,NULL,NULL,NULL,NULL,NULL,NULL,'2019-07-19 14:09:59','2019-07-19 14:09:59',NULL),(22,11,17,NULL,7,33.25,NULL,50.00,NULL,NULL,NULL,NULL,0,0,0,0,0,NULL,NULL,NULL,NULL,NULL,NULL,NULL,NULL,'2019-07-19 14:12:15','2019-07-19 14:12:15',NULL),(23,17,11,22,7,33.25,NULL,50.00,NULL,NULL,NULL,NULL,0,1,0,0,0,NULL,NULL,NULL,NULL,NULL,NULL,NULL,NULL,'2019-07-19 14:12:25','2019-07-19 14:12:25',NULL),(24,11,17,23,7,33.25,NULL,50.00,NULL,NULL,NULL,NULL,0,1,0,0,0,NULL,NULL,NULL,NULL,NULL,NULL,NULL,NULL,'2019-07-19 14:12:41','2019-07-19 14:12:41',NULL);
/*!40000 ALTER TABLE `market_negotiations` ENABLE KEYS */;
UNLOCK TABLES;

--
-- Table structure for table `market_types`
--

DROP TABLE IF EXISTS `market_types`;
/*!40101 SET @saved_cs_client     = @@character_set_client */;
/*!40101 SET character_set_client = utf8 */;
CREATE TABLE `market_types` (
  `id` int(10) unsigned NOT NULL AUTO_INCREMENT,
  `title` varchar(255) COLLATE utf8mb4_unicode_ci NOT NULL,
  `created_at` timestamp NULL DEFAULT NULL,
  `updated_at` timestamp NULL DEFAULT NULL,
  PRIMARY KEY (`id`)
) ENGINE=InnoDB AUTO_INCREMENT=4 DEFAULT CHARSET=utf8mb4 COLLATE=utf8mb4_unicode_ci;
/*!40101 SET character_set_client = @saved_cs_client */;

--
-- Dumping data for table `market_types`
--

LOCK TABLES `market_types` WRITE;
/*!40000 ALTER TABLE `market_types` DISABLE KEYS */;
INSERT INTO `market_types` VALUES (1,'Index Option',NULL,NULL),(2,'Delta One(EFPs, Rolls and EFP Switches)',NULL,NULL),(3,'Single Stock Options',NULL,NULL);
/*!40000 ALTER TABLE `market_types` ENABLE KEYS */;
UNLOCK TABLES;

--
-- Table structure for table `market_types_trade_structures`
--

DROP TABLE IF EXISTS `market_types_trade_structures`;
/*!40101 SET @saved_cs_client     = @@character_set_client */;
/*!40101 SET character_set_client = utf8 */;
CREATE TABLE `market_types_trade_structures` (
  `id` int(10) unsigned NOT NULL AUTO_INCREMENT,
  `market_type_id` int(10) unsigned NOT NULL,
  `trade_structure_id` int(10) unsigned NOT NULL,
  PRIMARY KEY (`id`),
  KEY `market_types_trade_structures_market_type_id_foreign` (`market_type_id`),
  KEY `market_types_trade_structures_trade_structure_id_foreign` (`trade_structure_id`),
  CONSTRAINT `market_types_trade_structures_market_type_id_foreign` FOREIGN KEY (`market_type_id`) REFERENCES `market_types` (`id`),
  CONSTRAINT `market_types_trade_structures_trade_structure_id_foreign` FOREIGN KEY (`trade_structure_id`) REFERENCES `trade_structures` (`id`)
) ENGINE=InnoDB AUTO_INCREMENT=15 DEFAULT CHARSET=utf8mb4 COLLATE=utf8mb4_unicode_ci;
/*!40101 SET character_set_client = @saved_cs_client */;

--
-- Dumping data for table `market_types_trade_structures`
--

LOCK TABLES `market_types_trade_structures` WRITE;
/*!40000 ALTER TABLE `market_types_trade_structures` DISABLE KEYS */;
INSERT INTO `market_types_trade_structures` VALUES (1,1,1),(2,1,2),(3,1,3),(4,1,4),(5,1,5),(6,1,9),(7,2,6),(8,2,7),(9,2,8),(10,3,1),(11,3,2),(12,3,3),(13,3,4),(14,3,5);
/*!40000 ALTER TABLE `market_types_trade_structures` ENABLE KEYS */;
UNLOCK TABLES;

--
-- Table structure for table `markets`
--

DROP TABLE IF EXISTS `markets`;
/*!40101 SET @saved_cs_client     = @@character_set_client */;
/*!40101 SET character_set_client = utf8 */;
CREATE TABLE `markets` (
  `id` int(10) unsigned NOT NULL AUTO_INCREMENT,
  `title` varchar(255) COLLATE utf8mb4_unicode_ci NOT NULL,
  `is_seldom` tinyint(1) NOT NULL,
  `market_type_id` int(10) unsigned NOT NULL,
  `description` text COLLATE utf8mb4_unicode_ci,
  `has_deadline` tinyint(1) NOT NULL,
  `has_negotiation` tinyint(1) NOT NULL,
  `needs_spot` tinyint(1) NOT NULL,
  `has_rebate` tinyint(1) NOT NULL,
  `parent_id` int(10) unsigned DEFAULT NULL,
  `is_displayed` tinyint(1) NOT NULL,
  `created_at` timestamp NULL DEFAULT NULL,
  `updated_at` timestamp NULL DEFAULT NULL,
  `is_selectable` tinyint(1) NOT NULL,
  `spot_price_ref` double(11,2) DEFAULT NULL,
  PRIMARY KEY (`id`),
  KEY `markets_market_type_id_foreign` (`market_type_id`),
  KEY `markets_parent_id_foreign` (`parent_id`),
  CONSTRAINT `markets_market_type_id_foreign` FOREIGN KEY (`market_type_id`) REFERENCES `market_types` (`id`),
  CONSTRAINT `markets_parent_id_foreign` FOREIGN KEY (`parent_id`) REFERENCES `markets` (`id`)
) ENGINE=InnoDB AUTO_INCREMENT=6 DEFAULT CHARSET=utf8mb4 COLLATE=utf8mb4_unicode_ci;
/*!40101 SET character_set_client = @saved_cs_client */;

--
-- Dumping data for table `markets`
--

LOCK TABLES `markets` WRITE;
/*!40000 ALTER TABLE `markets` DISABLE KEYS */;
INSERT INTO `markets` VALUES (1,'TOP40',0,1,NULL,1,1,1,1,NULL,1,'2019-02-06 16:55:40','2019-03-26 11:11:41',1,50000.00),(2,'DTOP',1,1,NULL,1,1,1,1,NULL,1,'2019-02-06 16:55:40','2019-03-26 11:11:41',1,11000.00),(3,'DCAP',1,1,NULL,1,1,1,1,NULL,1,'2019-02-06 16:55:40','2019-03-26 11:11:41',1,16500.00),(4,'SINGLES',0,3,NULL,1,1,0,1,NULL,1,'2019-02-06 16:55:40','2019-02-06 16:55:40',1,NULL),(5,'DELTA ONE',0,2,'',1,1,0,0,NULL,1,'2019-02-06 16:55:40','2019-02-06 16:55:40',0,NULL);
/*!40000 ALTER TABLE `markets` ENABLE KEYS */;
UNLOCK TABLES;

--
-- Table structure for table `migrations`
--

DROP TABLE IF EXISTS `migrations`;
/*!40101 SET @saved_cs_client     = @@character_set_client */;
/*!40101 SET character_set_client = utf8 */;
CREATE TABLE `migrations` (
  `id` int(10) unsigned NOT NULL AUTO_INCREMENT,
  `migration` varchar(255) COLLATE utf8mb4_unicode_ci NOT NULL,
  `batch` int(11) NOT NULL,
  PRIMARY KEY (`id`)
) ENGINE=InnoDB AUTO_INCREMENT=108 DEFAULT CHARSET=utf8mb4 COLLATE=utf8mb4_unicode_ci;
/*!40101 SET character_set_client = @saved_cs_client */;

--
-- Dumping data for table `migrations`
--

LOCK TABLES `migrations` WRITE;
/*!40000 ALTER TABLE `migrations` DISABLE KEYS */;
INSERT INTO `migrations` VALUES (1,'2014_10_12_000000_create_users_table',1),(2,'2014_10_12_100000_create_password_resets_table',1),(3,'2018_05_12_083703_safex_expiration_dates',1),(4,'2018_05_16_064727_create_organisations_table',1),(5,'2018_05_16_065021_create_slack_integrations_table',1),(6,'2018_05_16_065310_create_organisation_slack_intergration_table',1),(7,'2018_05_16_065709_create_roles_table',1),(8,'2018_05_16_065803_update_users_table',1),(9,'2018_05_16_072507_create_user_otps_table',1),(10,'2018_05_16_072651_create_interests_table',1),(11,'2018_05_16_072835_create_interest_user_table',1),(12,'2018_05_16_073137_create_user_notification_types_table',1),(13,'2018_05_16_073253_create_user_notifications_table',1),(14,'2018_05_16_073632_create_default_label_table',1),(15,'2018_05_16_073731_create_emails_table',1),(16,'2018_05_16_073932_create_trading_accounts_table',1),(17,'2018_05_16_074225_create_user_market_watched_table',1),(18,'2018_05_16_074257_create_user_market_interests_table',1),(19,'2018_05_16_074715_create_market_types_table',1),(20,'2018_05_16_074820_create_markets_table',1),(21,'2018_05_16_075004_update_markets_user_management_foreign_key_additions_table',1),(22,'2018_05_16_075157_create_jse_intergrations_table',1),(23,'2018_05_16_075424_create_market_jse_intergration_table',1),(24,'2018_05_16_080138_create_stocks_table',1),(25,'2018_05_16_080345_create_jse_intergration_stock_table',1),(26,'2018_05_16_080648_create_item_types_table',1),(27,'2018_05_16_080921_create_trade_structures_table',1),(28,'2018_05_16_081026_create_trade_structure_groups_table',1),(29,'2018_05_16_081244_create_items_table',1),(30,'2018_05_16_085355_create_user_market_request_statuses_table',1),(31,'2018_05_16_085844_create_user_market_requests_table',1),(32,'2018_05_16_090722_create_user_market_request_tradables_table',1),(33,'2018_05_16_091442_create_user_market_request_groups_table',1),(34,'2018_05_16_092339_create_user_market_request_items_table',1),(35,'2018_05_16_094729_create_market_condition_categories_table',1),(36,'2018_05_16_094817_create_market_conditions_table',1),(37,'2018_05_16_095446_create_user_markets_table',1),(38,'2018_05_16_102016_create_user_market_subscription_table',1),(39,'2018_05_16_103000_create_market_negotiations_table',1),(40,'2018_05_16_104536_create_market_negotiation_condition_table',1),(41,'2018_05_16_105151_create_rebates_table',1),(42,'2018_05_16_111156_create_rebate_slack_integration_table',1),(43,'2018_05_16_111531_create_trade_negotiation_statuses_table',1),(44,'2018_05_16_111644_create_trade_negotiations_table',1),(45,'2018_05_16_114101_create_trade_status_table',1),(46,'2018_05_16_114243_create_trades_table',1),(47,'2018_05_16_121159_create_jse_trade_intergrations_table',1),(48,'2018_05_16_122054_create_booked_trade_status_table',1),(49,'2018_05_16_122154_create_trade_confirmation_statuses_table',1),(50,'2018_05_16_122236_create_distpute_status_table',1),(51,'2018_05_16_122317_create_trade_confirmations_table',1),(52,'2018_05_16_130933_create_distputes_table',1),(53,'2018_05_16_131905_create_booked_trades_table',1),(54,'2018_05_16_131954_create_booked_trade_jse_intergration_table',1),(55,'2018_05_24_074023_update_market_table',1),(56,'2018_06_14_081725_update_rebates_table_change_trade',1),(57,'2018_06_17_234552_create_notifications_table',1),(58,'2018_06_19_101523_create_market_types_trade_structure_table',1),(59,'2018_07_18_144154_update_user_markets_add_on_hold',1),(60,'2018_08_08_084339_update_user_market_interests_table',1),(61,'2018_08_31_102925_create_jobs_table',1),(62,'2018_09_04_131054_update_users_add_verified',1),(63,'2018_09_05_095810_update_users_add_is_invited',1),(64,'2018_09_12_115849_drop_market_negotiation_conditions_table',1),(65,'2018_09_12_134715_correct_spelling_on_condition_fields',1),(66,'2018_09_13_082224_update_market_negotiation_add_counter_negotiation',1),(67,'2018_09_13_102751_update_remove_trade_and_trade_status_table',1),(68,'2018_09_13_123957_drop_market_condition_tables',1),(69,'2018_09_18_172820_update_trade_negotiation',1),(70,'2018_09_19_111857_add_killed_field_to_market_negotiations',1),(71,'2018_09_21_155203_create_safex_trade_confirmations_table',1),(72,'2018_09_26_112521_update_market_negotiation_is_private_default',1),(73,'2018_10_01_090216_add_soft_delete_to_market_negotiations',1),(74,'2018_10_01_135730_create_open_interests_table',1),(75,'2018_10_08_110228_drop_booked_trade_status_table',1),(76,'2018_10_09_130220_update_booked_trades_rebates_tables',1),(77,'2018_10_09_152558_update_trade_confirmations_table',1),(78,'2018_10_10_094506_create_trade_structure_group_types_table',1),(79,'2018_10_10_094605_create_trade_confirmation_groups_table',1),(80,'2018_10_10_094639_create_trade_confirmation_items_table',1),(81,'2018_10_10_094930_update_trade_structure_group_table',1),(82,'2018_10_10_125745_update_trade_confirmations_removed_item_fields',1),(83,'2018_10_10_151013_update_trade_confirmations_table_rename_traiding_account_id',1),(84,'2018_10_10_154116_update_trade_structure_group_add_reflexive_relation',1),(85,'2018_10_17_095115_update_booked_trades_rebates_tables_moved_id_back',1),(86,'2018_10_18_084301_update_trade_confirmations_add_trade_structure',1),(87,'2018_10_22_110831_create_failed_jobs_table',1),(88,'2018_10_25_093535_update_trade_confirmation_item_nullable',1),(89,'2018_10_26_070336_update_markets_adding_spot_price_ref',1),(90,'2018_10_26_100214_update_trade_confirmations_adding_sending_receiving_accounts',1),(91,'2018_10_30_200718_trade_confirmation_items_add_seller',1),(92,'2018_11_02_075611_add_google2fa_column_to_users',1),(93,'2018_11_07_085541_add_user_market_volatility',1),(94,'2018_11_08_104801_update_booked_trades_add_user_market_request',1),(95,'2018_11_08_185831_update_rebates_add_trade_confirmation',1),(96,'2018_11_09_090101_remove_user_market_request_statuses',1),(97,'2018_11_15_114910_create_user_market_request_user_table',1),(98,'2018_11_20_133046_add_nocares_to_trade_negotiations',1),(99,'2018_11_21_072358_update_open_interests_changing_open_interest_size',1),(100,'2018_11_29_083408_create_sessions_table',1),(101,'2018_12_05_133252_add_active_field_to_market_request',1),(102,'2019_01_09_094642_update_open_interests_table_spot_price_field_type',1),(103,'2019_01_10_083007_update_stocks_code_size',1),(104,'2019_01_28_153359_update_safex_trade_confirmations_change_nominal_size',1),(105,'2019_01_29_135102_create_brokerage_fees_table',1),(106,'2019_02_04_123538_update_distpute_to_dispute',1),(107,'2019_02_11_113934_update_increase_double_values',2);
/*!40000 ALTER TABLE `migrations` ENABLE KEYS */;
UNLOCK TABLES;

--
-- Table structure for table `notifications`
--

DROP TABLE IF EXISTS `notifications`;
/*!40101 SET @saved_cs_client     = @@character_set_client */;
/*!40101 SET character_set_client = utf8 */;
CREATE TABLE `notifications` (
  `id` char(36) COLLATE utf8mb4_unicode_ci NOT NULL,
  `type` varchar(255) COLLATE utf8mb4_unicode_ci NOT NULL,
  `notifiable_id` int(10) unsigned NOT NULL,
  `notifiable_type` varchar(255) COLLATE utf8mb4_unicode_ci NOT NULL,
  `data` text COLLATE utf8mb4_unicode_ci NOT NULL,
  `read_at` timestamp NULL DEFAULT NULL,
  `created_at` timestamp NULL DEFAULT NULL,
  `updated_at` timestamp NULL DEFAULT NULL,
  PRIMARY KEY (`id`),
  KEY `notifications_notifiable_id_notifiable_type_index` (`notifiable_id`,`notifiable_type`)
) ENGINE=InnoDB DEFAULT CHARSET=utf8mb4 COLLATE=utf8mb4_unicode_ci;
/*!40101 SET character_set_client = @saved_cs_client */;

--
-- Dumping data for table `notifications`
--

LOCK TABLES `notifications` WRITE;
/*!40000 ALTER TABLE `notifications` DISABLE KEYS */;
/*!40000 ALTER TABLE `notifications` ENABLE KEYS */;
UNLOCK TABLES;

--
-- Table structure for table `open_interests`
--

DROP TABLE IF EXISTS `open_interests`;
/*!40101 SET @saved_cs_client     = @@character_set_client */;
/*!40101 SET character_set_client = utf8 */;
CREATE TABLE `open_interests` (
  `id` int(10) unsigned NOT NULL AUTO_INCREMENT,
  `market_name` varchar(255) COLLATE utf8mb4_unicode_ci NOT NULL,
  `contract` varchar(255) COLLATE utf8mb4_unicode_ci NOT NULL,
  `expiry_date` date NOT NULL,
  `is_put` tinyint(1) NOT NULL,
  `open_interest` double(14,2) NOT NULL,
  `strike_price` double(11,2) NOT NULL,
  `delta` double(11,4) NOT NULL,
  `spot_price` varchar(255) COLLATE utf8mb4_unicode_ci NOT NULL,
  `created_at` timestamp NULL DEFAULT NULL,
  `updated_at` timestamp NULL DEFAULT NULL,
  PRIMARY KEY (`id`)
) ENGINE=InnoDB AUTO_INCREMENT=823 DEFAULT CHARSET=utf8mb4 COLLATE=utf8mb4_unicode_ci;
/*!40101 SET character_set_client = @saved_cs_client */;

--
-- Dumping data for table `open_interests`
--

LOCK TABLES `open_interests` WRITE;
/*!40000 ALTER TABLE `open_interests` DISABLE KEYS */;
INSERT INTO `open_interests` VALUES (1,'ABG43636','ABG','2019-06-20',1,-27002052.00,129.88,-0.0500,'Physical','2019-05-13 15:15:58','2019-05-13 15:15:58'),(2,'ABG43636','ABG','2019-06-20',1,-48386000.00,130.00,-0.0500,'Physical','2019-05-13 15:15:58','2019-05-13 15:15:58'),(3,'ABG43636','ABG','2019-06-20',0,54341200.00,146.00,0.8100,'Physical','2019-05-13 15:15:58','2019-05-13 15:15:58'),(4,'ABG43636','ABG','2019-06-20',0,23850000.00,159.00,0.6000,'Physical','2019-05-13 15:15:58','2019-05-13 15:15:58'),(5,'ABG43636','ABG','2019-06-20',1,-42896000.00,160.00,-0.4200,'Physical','2019-05-13 15:15:58','2019-05-13 15:15:58'),(6,'ABG43636','ABG','2019-06-20',0,27546800.00,162.04,0.5400,'Cash','2019-05-13 15:15:58','2019-05-13 15:15:58'),(7,'ABG43636','ABG','2019-06-20',0,61413000.00,165.00,0.4800,'Physical','2019-05-13 15:15:58','2019-05-13 15:15:58'),(8,'ABG43636','ABG','2019-06-20',0,33607300.00,197.69,0.0500,'Cash','2019-05-13 15:15:58','2019-05-13 15:15:58'),(9,'ABG43727','ABG','2019-09-19',1,-65025000.00,150.00,-0.3300,'Physical','2019-05-13 15:15:58','2019-05-13 15:15:58'),(10,'ABG43727','ABG','2019-09-19',1,-82365000.00,190.00,-0.8100,'Physical','2019-05-13 15:15:58','2019-05-13 15:15:58'),(11,'ABG44000','ABG','2020-06-18',1,-129558000.00,130.00,-0.2200,'Physical','2019-05-13 15:15:58','2019-05-13 15:15:58'),(12,'ABG44000','ABG','2020-06-18',0,142974200.00,158.00,0.6000,'Physical','2019-05-13 15:15:58','2019-05-13 15:15:58'),(13,'ABG44000','ABG','2020-06-18',0,171931000.00,190.00,0.3800,'Physical','2019-05-13 15:15:58','2019-05-13 15:15:58'),(14,'AGL43636','AGL','2019-06-20',1,-2900000.00,290.00,-0.0100,'Cash','2019-05-13 15:15:58','2019-05-13 15:15:58'),(15,'AGL43636','AGL','2019-06-20',1,-142660000.00,350.00,-0.2100,'Physical','2019-05-13 15:15:58','2019-05-13 15:15:58'),(16,'AGL43636','AGL','2019-06-20',1,-2461340.00,351.62,-0.2200,'Physical','2019-05-13 15:15:58','2019-05-13 15:15:58'),(17,'AGL43636','AGL','2019-06-20',1,-27887280.00,354.80,-0.2500,'Cash','2019-05-13 15:15:58','2019-05-13 15:15:58'),(18,'AGL43636','AGL','2019-06-20',0,114696000.00,360.00,0.7100,'Physical','2019-05-13 15:15:58','2019-05-13 15:15:58'),(19,'AGL43636','AGL','2019-06-20',1,-2914960.00,364.37,-0.3400,'Physical','2019-05-13 15:15:58','2019-05-13 15:15:58'),(20,'AGL43636','AGL','2019-06-20',1,-1484640.00,371.16,-0.4100,'Physical','2019-05-13 15:15:58','2019-05-13 15:15:58'),(21,'AGL43636','AGL','2019-06-20',1,-29386968.00,373.88,-0.4400,'Cash','2019-05-13 15:15:58','2019-05-13 15:15:58'),(22,'AGL43636','AGL','2019-06-20',1,-1332835.00,380.81,-0.5100,'Physical','2019-05-13 15:15:58','2019-05-13 15:15:58'),(23,'AGL43636','AGL','2019-06-20',0,3286240.00,410.78,0.1900,'Physical','2019-05-13 15:15:58','2019-05-13 15:15:58'),(24,'AGL43636','AGL','2019-06-20',0,33831012.00,430.42,0.0700,'Cash','2019-05-13 15:15:58','2019-05-13 15:15:58'),(25,'ABG44092','ABG','2020-09-18',1,-129558000.00,130.00,-0.2200,'Physical','2019-05-13 15:15:58','2019-05-13 15:15:58'),(26,'ABG44092','ABG','2020-09-18',0,142974200.00,158.00,0.6000,'Physical','2019-05-13 15:15:58','2019-05-13 15:15:58'),(27,'ABG44092','ABG','2020-09-18',0,171931000.00,190.00,0.3800,'Physical','2019-05-13 15:15:58','2019-05-13 15:15:58'),(28,'AGL43818','AGL','2019-12-19',1,-3316800.00,331.68,-0.2500,'Cash','2019-05-13 15:15:58','2019-05-13 15:15:58'),(29,'AGL43818','AGL','2019-12-19',0,218960000.00,400.00,0.4800,'Physical','2019-05-13 15:15:58','2019-05-13 15:15:58'),(30,'AGLX43584','AGLX','2019-04-29',0,20755482.00,401.46,0.0000,'Cash','2019-05-13 15:15:58','2019-05-13 15:15:58'),(31,'ALSI43636','ALSI','2019-06-20',1,-2500.00,40000.00,0.0000,'Cash','2019-05-13 15:15:58','2019-05-13 15:15:58'),(32,'ALSI43636','ALSI','2019-06-20',1,-720.00,40850.00,0.0000,'Cash','2019-05-13 15:15:58','2019-05-13 15:15:58'),(33,'ABG44092','ABG','2020-09-18',0,171931000.00,195.50,0.3800,'Physical','2019-05-13 15:15:58','2019-05-13 15:15:58'),(34,'ALSI43636','ALSI','2019-06-20',1,-1500.00,42000.00,0.0000,'Cash','2019-05-13 15:15:58','2019-05-13 15:15:58'),(35,'ALSI43636','ALSI','2019-06-20',1,-2500.00,43000.00,-0.0100,'Cash','2019-05-13 15:15:58','2019-05-13 15:15:58'),(36,'ALSI43636','ALSI','2019-06-20',1,-250.00,43500.00,-0.0100,'Cash','2019-05-13 15:15:58','2019-05-13 15:15:58'),(37,'ALSI43636','ALSI','2019-06-20',1,-3700.00,44000.00,-0.0100,'Cash','2019-05-13 15:15:58','2019-05-13 15:15:58'),(38,'ALSI43636','ALSI','2019-06-20',1,-720.00,44400.00,-0.0100,'Cash','2019-05-13 15:15:58','2019-05-13 15:15:58'),(39,'ALSI43636','ALSI','2019-06-20',1,-201.00,44500.00,-0.0200,'Cash','2019-05-13 15:15:58','2019-05-13 15:15:58'),(40,'ALSI43636','ALSI','2019-06-20',1,-530.00,44600.00,-0.0200,'Cash','2019-05-13 15:15:58','2019-05-13 15:15:58'),(41,'ALSI43636','ALSI','2019-06-20',1,-25.00,44700.00,-0.0200,'Cash','2019-05-13 15:15:58','2019-05-13 15:15:58'),(42,'ALSI43636','ALSI','2019-06-20',1,-3000.00,44750.00,-0.0200,'Cash','2019-05-13 15:15:58','2019-05-13 15:15:58'),(43,'ALSI43636','ALSI','2019-06-20',1,-3274.00,45000.00,-0.0200,'Cash','2019-05-13 15:15:58','2019-05-13 15:15:58'),(44,'ALSI43636','ALSI','2019-06-20',1,-1500.00,45500.00,-0.0200,'Cash','2019-05-13 15:15:58','2019-05-13 15:15:58'),(45,'ALSI43636','ALSI','2019-06-20',1,-180.00,45650.00,-0.0300,'Cash','2019-05-13 15:15:58','2019-05-13 15:15:58'),(46,'ALSI43636','ALSI','2019-06-20',1,-200.00,45800.00,-0.0300,'Cash','2019-05-13 15:15:58','2019-05-13 15:15:58'),(47,'ALSI43636','ALSI','2019-06-20',1,-4750.00,46000.00,-0.0300,'Cash','2019-05-13 15:15:58','2019-05-13 15:15:58'),(48,'ALSI43636','ALSI','2019-06-20',1,-2038.00,46500.00,-0.0400,'Cash','2019-05-13 15:15:58','2019-05-13 15:15:58'),(49,'ALSI43636','ALSI','2019-06-20',1,-187.00,46700.00,-0.0400,'Cash','2019-05-13 15:15:58','2019-05-13 15:15:58'),(50,'ALSI43636','ALSI','2019-06-20',1,-9105.00,47000.00,-0.0500,'Cash','2019-05-13 15:15:58','2019-05-13 15:15:58'),(51,'ALSI43636','ALSI','2019-06-20',1,-5050.00,47250.00,-0.0500,'Cash','2019-05-13 15:15:58','2019-05-13 15:15:58'),(52,'ALSI43636','ALSI','2019-06-20',1,-700.00,47400.00,-0.0600,'Cash','2019-05-13 15:15:58','2019-05-13 15:15:58'),(53,'ALSI43636','ALSI','2019-06-20',1,-482.00,47500.00,-0.0600,'Cash','2019-05-13 15:15:58','2019-05-13 15:15:58'),(54,'ALSI43636','ALSI','2019-06-20',1,-343.00,47750.00,-0.0700,'Cash','2019-05-13 15:15:58','2019-05-13 15:15:58'),(55,'ALSI43636','ALSI','2019-06-20',0,500.00,48000.00,0.9200,'Cash','2019-05-13 15:15:58','2019-05-13 15:15:58'),(56,'ALSI43636','ALSI','2019-06-20',1,-6900.00,48000.00,-0.0800,'Cash','2019-05-13 15:15:58','2019-05-13 15:15:58'),(57,'ALSI43636','ALSI','2019-06-20',1,-7.00,48200.00,-0.0800,'Cash','2019-05-13 15:15:58','2019-05-13 15:15:58'),(58,'ALSI43636','ALSI','2019-06-20',1,-2025.00,48500.00,-0.0900,'Cash','2019-05-13 15:15:58','2019-05-13 15:15:58'),(59,'ALSI43636','ALSI','2019-06-20',0,5050.00,48750.00,0.9000,'Cash','2019-05-13 15:15:58','2019-05-13 15:15:58'),(60,'ALSI43636','ALSI','2019-06-20',1,-3000.00,48750.00,-0.1000,'Cash','2019-05-13 15:15:58','2019-05-13 15:15:58'),(61,'ALSI43636','ALSI','2019-06-20',1,-807.00,48850.00,-0.1100,'Cash','2019-05-13 15:15:58','2019-05-13 15:15:58'),(62,'ALSI43636','ALSI','2019-06-20',0,2000.00,49000.00,0.8800,'Cash','2019-05-13 15:15:58','2019-05-13 15:15:58'),(63,'ALSI43636','ALSI','2019-06-20',1,-7414.00,49000.00,-0.1200,'Cash','2019-05-13 15:15:58','2019-05-13 15:15:58'),(64,'ALSI43636','ALSI','2019-06-20',1,-500.00,49250.00,-0.1300,'Cash','2019-05-13 15:15:58','2019-05-13 15:15:58'),(65,'ALSI43636','ALSI','2019-06-20',1,-1000.00,49500.00,-0.1400,'Cash','2019-05-13 15:15:58','2019-05-13 15:15:58'),(66,'ALSI43636','ALSI','2019-06-20',0,150.00,49600.00,0.8500,'Cash','2019-05-13 15:15:58','2019-05-13 15:15:58'),(67,'ALSI43636','ALSI','2019-06-20',1,-180.00,49750.00,-0.1600,'Cash','2019-05-13 15:15:58','2019-05-13 15:15:58'),(68,'ALSI43636','ALSI','2019-06-20',1,-49.00,49850.00,-0.1600,'Cash','2019-05-13 15:15:58','2019-05-13 15:15:58'),(69,'ALSI43636','ALSI','2019-06-20',0,1150.00,50000.00,0.8300,'Cash','2019-05-13 15:15:58','2019-05-13 15:15:58'),(70,'ALSI43636','ALSI','2019-06-20',1,-4500.00,50000.00,-0.1700,'Cash','2019-05-13 15:15:58','2019-05-13 15:15:58'),(71,'ALSI43636','ALSI','2019-06-20',1,-1250.00,50100.00,-0.1800,'Cash','2019-05-13 15:15:58','2019-05-13 15:15:58'),(72,'ALSI43636','ALSI','2019-06-20',0,720.00,50250.00,0.8100,'Cash','2019-05-13 15:15:58','2019-05-13 15:15:58'),(73,'ALSI43636','ALSI','2019-06-20',0,16.00,50350.00,0.8000,'Cash','2019-05-13 15:15:58','2019-05-13 15:15:58'),(74,'ALSI43636','ALSI','2019-06-20',1,-1018.00,50450.00,-0.2000,'Cash','2019-05-13 15:15:58','2019-05-13 15:15:58'),(75,'ALSI43636','ALSI','2019-06-20',1,-99.00,50550.00,-0.2100,'Cash','2019-05-13 15:15:58','2019-05-13 15:15:58'),(76,'ALSI43636','ALSI','2019-06-20',1,-38.00,50600.00,-0.2200,'Cash','2019-05-13 15:15:58','2019-05-13 15:15:58'),(77,'ALSI43636','ALSI','2019-06-20',1,-84.00,50750.00,-0.2300,'Cash','2019-05-13 15:15:58','2019-05-13 15:15:58'),(78,'ALSI43636','ALSI','2019-06-20',0,3977.00,51000.00,0.7500,'Cash','2019-05-13 15:15:58','2019-05-13 15:15:58'),(79,'ALSI43636','ALSI','2019-06-20',1,-2265.00,51000.00,-0.2500,'Cash','2019-05-13 15:15:58','2019-05-13 15:15:58'),(80,'ALSI43636','ALSI','2019-06-20',0,200.00,51300.00,0.7200,'Cash','2019-05-13 15:15:58','2019-05-13 15:15:58'),(81,'ALSI43636','ALSI','2019-06-20',0,1018.00,51400.00,0.7100,'Cash','2019-05-13 15:15:58','2019-05-13 15:15:58'),(82,'ALSI43636','ALSI','2019-06-20',0,3500.00,52000.00,0.6500,'Cash','2019-05-13 15:15:58','2019-05-13 15:15:58'),(83,'ALSI43636','ALSI','2019-06-20',1,-500.00,52000.00,-0.3500,'Cash','2019-05-13 15:15:58','2019-05-13 15:15:58'),(84,'ALSI43636','ALSI','2019-06-20',0,482.00,52050.00,0.6400,'Cash','2019-05-13 15:15:58','2019-05-13 15:15:58'),(85,'ALSI43636','ALSI','2019-06-20',1,-50.00,52150.00,-0.3700,'Cash','2019-05-13 15:15:58','2019-05-13 15:15:58'),(86,'ALSI43636','ALSI','2019-06-20',0,100.00,52250.00,0.6200,'Cash','2019-05-13 15:15:58','2019-05-13 15:15:58'),(87,'ALSI43636','ALSI','2019-06-20',1,-915.00,52300.00,-0.3900,'Cash','2019-05-13 15:15:58','2019-05-13 15:15:58'),(88,'ALSI43636','ALSI','2019-06-20',0,4581.00,53000.00,0.5300,'Cash','2019-05-13 15:15:58','2019-05-13 15:15:58'),(89,'ALSI43636','ALSI','2019-06-20',0,110.00,53500.00,0.4600,'Cash','2019-05-13 15:15:58','2019-05-13 15:15:58'),(90,'ALSI43636','ALSI','2019-06-20',1,-600.00,53500.00,-0.5400,'Cash','2019-05-13 15:15:58','2019-05-13 15:15:58'),(91,'ALSI43636','ALSI','2019-06-20',0,1000.00,53700.00,0.4300,'Cash','2019-05-13 15:15:58','2019-05-13 15:15:58'),(92,'ALSI43636','ALSI','2019-06-20',0,500.00,53800.00,0.4200,'Cash','2019-05-13 15:15:58','2019-05-13 15:15:58'),(93,'ALSI43636','ALSI','2019-06-20',0,6111.00,54000.00,0.3900,'Cash','2019-05-13 15:15:58','2019-05-13 15:15:58'),(94,'ALSI43636','ALSI','2019-06-20',1,-500.00,54000.00,-0.6100,'Cash','2019-05-13 15:15:58','2019-05-13 15:15:58'),(95,'ALSI43636','ALSI','2019-06-20',0,4000.00,55000.00,0.2600,'Cash','2019-05-13 15:15:58','2019-05-13 15:15:58'),(96,'ALSI43636','ALSI','2019-06-20',0,2000.00,56000.00,0.1500,'Cash','2019-05-13 15:15:58','2019-05-13 15:15:58'),(97,'ALSI43636','ALSI','2019-06-20',0,16.00,57600.00,0.0500,'Cash','2019-05-13 15:15:58','2019-05-13 15:15:58'),(98,'ALSI43636','ALSI','2019-06-20',0,500.00,59500.00,0.0100,'Cash','2019-05-13 15:15:58','2019-05-13 15:15:58'),(99,'ALSI43636','ALSI','2019-06-20',0,141.00,60900.00,0.0000,'Cash','2019-05-13 15:15:58','2019-05-13 15:15:58'),(100,'ALSI43727','ALSI','2019-09-19',1,-300.00,38000.00,-0.0100,'Cash','2019-05-13 15:15:58','2019-05-13 15:15:58'),(101,'ALSI43727','ALSI','2019-09-19',1,-500.00,40000.00,-0.0200,'Cash','2019-05-13 15:15:58','2019-05-13 15:15:58'),(102,'ALSI43727','ALSI','2019-09-19',1,-300.00,42000.00,-0.0400,'Cash','2019-05-13 15:15:58','2019-05-13 15:15:58'),(103,'ALSI43727','ALSI','2019-09-19',1,-500.00,43000.00,-0.0500,'Cash','2019-05-13 15:15:58','2019-05-13 15:15:58'),(104,'ALSI43727','ALSI','2019-09-19',1,-162.00,43500.00,-0.0600,'Cash','2019-05-13 15:15:58','2019-05-13 15:15:58'),(105,'ALSI43727','ALSI','2019-09-19',1,-4500.00,44000.00,-0.0600,'Cash','2019-05-13 15:15:58','2019-05-13 15:15:58'),(106,'ALSI43727','ALSI','2019-09-19',1,-4169.00,45000.00,-0.0800,'Cash','2019-05-13 15:15:58','2019-05-13 15:15:58'),(107,'ALSI43727','ALSI','2019-09-19',0,3750.00,46000.00,0.8900,'Cash','2019-05-13 15:15:58','2019-05-13 15:15:58'),(108,'ALSI43727','ALSI','2019-09-19',1,-6000.00,46000.00,-0.1100,'Cash','2019-05-13 15:15:58','2019-05-13 15:15:58'),(109,'ALSI43727','ALSI','2019-09-19',1,-1500.00,47000.00,-0.1300,'Cash','2019-05-13 15:15:58','2019-05-13 15:15:58'),(110,'ALSI43727','ALSI','2019-09-19',0,5200.00,48000.00,0.8300,'Cash','2019-05-13 15:15:58','2019-05-13 15:15:58'),(111,'ALSI43727','ALSI','2019-09-19',1,-622.00,48000.00,-0.1700,'Cash','2019-05-13 15:15:58','2019-05-13 15:15:58'),(112,'ALSI43727','ALSI','2019-09-19',1,-500.00,49400.00,-0.2300,'Cash','2019-05-13 15:15:58','2019-05-13 15:15:58'),(113,'ALSI43727','ALSI','2019-09-19',0,1500.00,50000.00,0.7400,'Cash','2019-05-13 15:15:58','2019-05-13 15:15:58'),(114,'ALSI43727','ALSI','2019-09-19',1,-2500.00,50000.00,-0.2600,'Cash','2019-05-13 15:15:58','2019-05-13 15:15:58'),(115,'ALSI43727','ALSI','2019-09-19',0,17.00,50300.00,0.7300,'Cash','2019-05-13 15:15:58','2019-05-13 15:15:58'),(116,'ALSI43727','ALSI','2019-09-19',1,-25.00,50500.00,-0.2900,'Cash','2019-05-13 15:15:58','2019-05-13 15:15:58'),(117,'ALSI43727','ALSI','2019-09-19',0,4750.00,52000.00,0.6200,'Cash','2019-05-13 15:15:58','2019-05-13 15:15:58'),(118,'ALSI43727','ALSI','2019-09-19',0,3106.00,53000.00,0.5500,'Cash','2019-05-13 15:15:58','2019-05-13 15:15:58'),(119,'ALSI43727','ALSI','2019-09-19',1,-662.00,53000.00,-0.4500,'Cash','2019-05-13 15:15:58','2019-05-13 15:15:58'),(120,'ALSI43727','ALSI','2019-09-19',0,2000.00,54000.00,0.4700,'Cash','2019-05-13 15:15:58','2019-05-13 15:15:58'),(121,'ALSI43727','ALSI','2019-09-19',0,2000.00,55000.00,0.3900,'Cash','2019-05-13 15:15:58','2019-05-13 15:15:58'),(122,'ALSI43727','ALSI','2019-09-19',0,1000.00,57500.00,0.2000,'Cash','2019-05-13 15:15:58','2019-05-13 15:15:58'),(123,'ALSI43727','ALSI','2019-09-19',0,17.00,57900.00,0.1700,'Cash','2019-05-13 15:15:58','2019-05-13 15:15:58'),(124,'ALSI43727','ALSI','2019-09-19',0,710.00,61000.00,0.0500,'Cash','2019-05-13 15:15:58','2019-05-13 15:15:58'),(125,'ALSI43818','ALSI','2019-12-19',1,-200.00,38000.00,-0.0200,'Cash','2019-05-13 15:15:58','2019-05-13 15:15:58'),(126,'ALSI43818','ALSI','2019-12-19',1,-2000.00,39000.00,-0.0300,'Cash','2019-05-13 15:15:58','2019-05-13 15:15:58'),(127,'ALSI43818','ALSI','2019-12-19',1,-743.00,40000.00,-0.0300,'Cash','2019-05-13 15:15:58','2019-05-13 15:15:58'),(128,'ALSI43818','ALSI','2019-12-19',1,-3000.00,43000.00,-0.0700,'Cash','2019-05-13 15:15:58','2019-05-13 15:15:58'),(129,'ALSI43818','ALSI','2019-12-19',1,-1000.00,43500.00,-0.0700,'Cash','2019-05-13 15:15:58','2019-05-13 15:15:58'),(130,'ALSI43818','ALSI','2019-12-19',1,-197.00,44000.00,-0.0800,'Cash','2019-05-13 15:15:58','2019-05-13 15:15:58'),(131,'ALSI43818','ALSI','2019-12-19',1,-1318.00,45000.00,-0.1000,'Cash','2019-05-13 15:15:58','2019-05-13 15:15:58'),(132,'ALSI43818','ALSI','2019-12-19',0,18.00,45250.00,0.8900,'Cash','2019-05-13 15:15:58','2019-05-13 15:15:58'),(133,'ALSI43818','ALSI','2019-12-19',0,65.00,45800.00,0.8800,'Cash','2019-05-13 15:15:58','2019-05-13 15:15:58'),(134,'ALSI43818','ALSI','2019-12-19',1,-305.00,45800.00,-0.1200,'Cash','2019-05-13 15:15:58','2019-05-13 15:15:58'),(135,'ALSI43818','ALSI','2019-12-19',0,3000.00,46000.00,0.8700,'Cash','2019-05-13 15:15:58','2019-05-13 15:15:58'),(136,'ALSI43818','ALSI','2019-12-19',1,-4104.00,47000.00,-0.1500,'Cash','2019-05-13 15:15:58','2019-05-13 15:15:58'),(137,'ALSI43818','ALSI','2019-12-19',1,-1000.00,48000.00,-0.1900,'Cash','2019-05-13 15:15:58','2019-05-13 15:15:58'),(138,'ALSI43818','ALSI','2019-12-19',1,-838.00,49000.00,-0.2200,'Cash','2019-05-13 15:15:58','2019-05-13 15:15:58'),(139,'ALSI43818','ALSI','2019-12-19',0,4611.00,50000.00,0.7400,'Cash','2019-05-13 15:15:58','2019-05-13 15:15:58'),(140,'ALSI43818','ALSI','2019-12-19',1,-2500.00,50000.00,-0.2600,'Cash','2019-05-13 15:15:58','2019-05-13 15:15:58'),(141,'ALSI43818','ALSI','2019-12-19',0,4500.00,52000.00,0.6400,'Cash','2019-05-13 15:15:58','2019-05-13 15:15:58'),(142,'ALSI43818','ALSI','2019-12-19',1,-5104.00,52000.00,-0.3600,'Cash','2019-05-13 15:15:58','2019-05-13 15:15:58'),(143,'ALSI43818','ALSI','2019-12-19',0,18.00,52550.00,0.6100,'Cash','2019-05-13 15:15:58','2019-05-13 15:15:58'),(144,'ALSI43818','ALSI','2019-12-19',0,300.00,53000.00,0.5800,'Cash','2019-05-13 15:15:58','2019-05-13 15:15:58'),(145,'ALSI43818','ALSI','2019-12-19',0,369.00,53050.00,0.5800,'Cash','2019-05-13 15:15:58','2019-05-13 15:15:58'),(146,'ALSI43818','ALSI','2019-12-19',0,265.00,54500.00,0.4900,'Cash','2019-05-13 15:15:58','2019-05-13 15:15:58'),(147,'ALSI43818','ALSI','2019-12-19',0,2000.00,55000.00,0.4600,'Cash','2019-05-13 15:15:58','2019-05-13 15:15:58'),(148,'ALSI43818','ALSI','2019-12-19',1,-1000.00,55000.00,-0.5400,'Cash','2019-05-13 15:15:58','2019-05-13 15:15:58'),(149,'ALSI43818','ALSI','2019-12-19',0,1000.00,56500.00,0.3600,'Cash','2019-05-13 15:15:58','2019-05-13 15:15:58'),(150,'ALSI43909','ALSI','2020-03-19',1,-2000.00,45000.00,-0.1200,'Cash','2019-05-13 15:15:58','2019-05-13 15:15:58'),(151,'ALSI43909','ALSI','2020-03-19',0,18.00,49950.00,0.7300,'Cash','2019-05-13 15:15:58','2019-05-13 15:15:58'),(152,'ALSI43909','ALSI','2020-03-19',0,6627.00,50000.00,0.7300,'Cash','2019-05-13 15:15:58','2019-05-13 15:15:58'),(153,'ALSI43909','ALSI','2020-03-19',1,-1516.00,50000.00,-0.2700,'Cash','2019-05-13 15:15:58','2019-05-13 15:15:58'),(154,'ALSI43909','ALSI','2020-03-19',1,-190.00,50500.00,-0.2900,'Cash','2019-05-13 15:15:58','2019-05-13 15:15:58'),(155,'ALSI43909','ALSI','2020-03-19',1,-250.00,51000.00,-0.3100,'Cash','2019-05-13 15:15:58','2019-05-13 15:15:58'),(156,'ALSI43909','ALSI','2020-03-19',0,18.00,57450.00,0.3800,'Cash','2019-05-13 15:15:58','2019-05-13 15:15:58'),(157,'ALSI43909','ALSI','2020-03-19',0,315.00,58000.00,0.3500,'Cash','2019-05-13 15:15:58','2019-05-13 15:15:58'),(158,'ALSI43909','ALSI','2020-03-19',0,1000.00,60000.00,0.2500,'Cash','2019-05-13 15:15:58','2019-05-13 15:15:58'),(159,'ALSI44000','ALSI','2020-06-18',1,-90.00,41000.00,-0.0800,'Cash','2019-05-13 15:15:58','2019-05-13 15:15:58'),(160,'ALSI44000','ALSI','2020-06-18',1,-1500.00,45000.00,-0.1500,'Cash','2019-05-13 15:15:58','2019-05-13 15:15:58'),(161,'ALSI44000','ALSI','2020-06-18',1,-1508.00,48000.00,-0.2300,'Cash','2019-05-13 15:15:58','2019-05-13 15:15:58'),(162,'ALSI44000','ALSI','2020-06-18',1,-110.00,49000.00,-0.2600,'Cash','2019-05-13 15:15:58','2019-05-13 15:15:58'),(163,'ALSI44000','ALSI','2020-06-18',1,-1500.00,50000.00,-0.2900,'Cash','2019-05-13 15:15:58','2019-05-13 15:15:58'),(164,'ALSI44000','ALSI','2020-06-18',0,1000.00,53000.00,0.6000,'Cash','2019-05-13 15:15:58','2019-05-13 15:15:58'),(165,'ALSI44000','ALSI','2020-06-18',1,-2000.00,53000.00,-0.4000,'Cash','2019-05-13 15:15:58','2019-05-13 15:15:58'),(166,'ALSI44000','ALSI','2020-06-18',0,1500.00,55000.00,0.5200,'Cash','2019-05-13 15:15:58','2019-05-13 15:15:58'),(167,'ALSI44000','ALSI','2020-06-18',0,7.00,56000.00,0.4800,'Cash','2019-05-13 15:15:58','2019-05-13 15:15:58'),(168,'ALSI44000','ALSI','2020-06-18',1,-7.00,56000.00,-0.5200,'Cash','2019-05-13 15:15:58','2019-05-13 15:15:58'),(169,'ALSI44000','ALSI','2020-06-18',0,10.00,57000.00,0.4400,'Cash','2019-05-13 15:15:58','2019-05-13 15:15:58'),(170,'ALSI44000','ALSI','2020-06-18',1,-10.00,57000.00,-0.5600,'Cash','2019-05-13 15:15:58','2019-05-13 15:15:58'),(171,'ALSI44000','ALSI','2020-06-18',0,4500.00,60000.00,0.3100,'Cash','2019-05-13 15:15:58','2019-05-13 15:15:58'),(172,'ALSI44000','ALSI','2020-06-18',1,-250.00,60000.00,-0.6900,'Cash','2019-05-13 15:15:58','2019-05-13 15:15:58'),(173,'ALSI44000','ALSI','2020-06-18',0,1000.00,62000.00,0.2400,'Cash','2019-05-13 15:15:58','2019-05-13 15:15:58'),(174,'ALSI44091','ALSI','2020-09-17',1,-664.00,55000.00,-0.4500,'Cash','2019-05-13 15:15:58','2019-05-13 15:15:58'),(175,'ALSI44182','ALSI','2020-12-17',0,1000.00,57750.00,0.4900,'Cash','2019-05-13 15:15:58','2019-05-13 15:15:58'),(176,'ALSI44273','ALSI','2021-03-18',0,500.00,50000.00,0.7100,'Cash','2019-05-13 15:15:58','2019-05-13 15:15:58'),(177,'ALSX43605','ALSX','2019-05-20',0,500.00,53450.00,0.3800,'Cash','2019-05-13 15:15:58','2019-05-13 15:15:58'),(178,'ALSX43609','ALSX','2019-05-24',0,394.00,54000.00,0.2900,'Cash','2019-05-13 15:15:58','2019-05-13 15:15:58'),(179,'ALSX43609','ALSX','2019-05-24',0,2000.00,54250.00,0.2500,'Cash','2019-05-13 15:15:58','2019-05-13 15:15:58'),(180,'ALSX43609','ALSX','2019-05-24',0,200.00,54300.00,0.2400,'Cash','2019-05-13 15:15:58','2019-05-13 15:15:58'),(181,'ALSX43609','ALSX','2019-05-24',0,1250.00,54500.00,0.2100,'Cash','2019-05-13 15:15:58','2019-05-13 15:15:58'),(182,'ALSX43609','ALSX','2019-05-24',0,2000.00,54750.00,0.1800,'Cash','2019-05-13 15:15:58','2019-05-13 15:15:58'),(183,'ALSX43613','ALSX','2019-05-28',0,500.00,53550.00,0.3900,'Cash','2019-05-13 15:15:58','2019-05-13 15:15:58'),(184,'ALSX43938','ALSX','2020-04-17',1,-440.00,50250.00,-0.2900,'Cash','2019-05-13 15:15:58','2019-05-13 15:15:58'),(185,'AMS43636','AMS','2019-06-20',0,16544000.00,880.00,0.1900,'Physical','2019-05-13 15:15:58','2019-05-13 15:15:58'),(186,'AMS43727','AMS','2019-09-19',1,-9945000.00,765.00,-0.4300,'Cash','2019-05-13 15:15:58','2019-05-13 15:15:58'),(187,'AMS43727','AMS','2019-09-19',0,11050000.00,850.00,0.3500,'Cash','2019-05-13 15:15:58','2019-05-13 15:15:58'),(188,'ANG43818','ANG','2019-12-19',1,-95328000.00,160.00,-0.2600,'Physical','2019-05-13 15:15:58','2019-05-13 15:15:58'),(189,'APN43818','APN','2019-12-19',0,53385000.00,150.00,0.0400,'Physical','2019-05-13 15:15:58','2019-05-13 15:15:58'),(190,'BHP43636','BHP','2019-06-20',1,-119752228.00,266.59,-0.0100,'Physical','2019-05-13 15:15:58','2019-05-13 15:15:58'),(191,'BHP43636','BHP','2019-06-20',0,329988339.00,285.63,0.9700,'Physical','2019-05-13 15:15:58','2019-05-13 15:15:58'),(192,'BHP43636','BHP','2019-06-20',1,-106050000.00,300.00,-0.0700,'Physical','2019-05-13 15:15:58','2019-05-13 15:15:58'),(193,'BHP43636','BHP','2019-06-20',0,94874238.00,304.67,0.9000,'Physical','2019-05-13 15:15:58','2019-05-13 15:15:58'),(194,'BHP43636','BHP','2019-06-20',1,-46501952.00,315.91,-0.1700,'Cash','2019-05-13 15:15:58','2019-05-13 15:15:58'),(195,'BHP43636','BHP','2019-06-20',1,-14700220.00,319.57,-0.2100,'Physical','2019-05-13 15:15:58','2019-05-13 15:15:58'),(196,'BHP43636','BHP','2019-06-20',1,-198802500.00,325.00,-0.2600,'Physical','2019-05-13 15:15:58','2019-05-13 15:15:58'),(197,'BHP43636','BHP','2019-06-20',1,-49002880.00,332.90,-0.3500,'Cash','2019-05-13 15:15:58','2019-05-13 15:15:58'),(198,'BHP43636','BHP','2019-06-20',1,-123725000.00,350.00,-0.5800,'Physical','2019-05-13 15:15:58','2019-05-13 15:15:58'),(199,'BHP43636','BHP','2019-06-20',0,55832960.00,379.30,0.1100,'Cash','2019-05-13 15:15:58','2019-05-13 15:15:58'),(200,'BHP43636','BHP','2019-06-20',0,17967140.00,390.59,0.0500,'Physical','2019-05-13 15:15:58','2019-05-13 15:15:58'),(201,'BHP43727','BHP','2019-09-19',1,-197987760.00,306.72,-0.2800,'Cash','2019-05-13 15:15:58','2019-05-13 15:15:58'),(202,'BHPX43584','BHPX','2019-04-29',0,58009600.00,362.56,0.0000,'Cash','2019-05-13 15:15:58','2019-05-13 15:15:58'),(203,'BID43636','BID','2019-06-20',1,-13110980.00,241.90,-0.0400,'Cash','2019-05-13 15:15:58','2019-05-13 15:15:58'),(204,'BID43636','BID','2019-06-20',0,15989000.00,295.00,0.6500,'Cash','2019-05-13 15:15:58','2019-05-13 15:15:58'),(205,'BID43636','BID','2019-06-20',1,-15989000.00,295.00,-0.3500,'Cash','2019-05-13 15:15:58','2019-05-13 15:15:58'),(206,'BTI43636','BTI','2019-06-20',1,-18836896.00,452.81,-0.0800,'Cash','2019-05-13 15:15:58','2019-05-13 15:15:58'),(207,'BTI43636','BTI','2019-06-20',0,24069344.00,578.59,0.4000,'Cash','2019-05-13 15:15:58','2019-05-13 15:15:58'),(208,'BTI43727','BTI','2019-09-19',1,-103785000.00,510.00,-0.3000,'Physical','2019-05-13 15:15:58','2019-05-13 15:15:58'),(209,'BTI43727','BTI','2019-09-19',0,114163500.00,561.00,0.5100,'Physical','2019-05-13 15:15:58','2019-05-13 15:15:58'),(210,'BTI43727','BTI','2019-09-19',0,124135000.00,610.00,0.3300,'Physical','2019-05-13 15:15:58','2019-05-13 15:15:58'),(211,'BTI43818','BTI','2019-12-19',1,-156897000.00,390.00,-0.1000,'Physical','2019-05-13 15:15:58','2019-05-13 15:15:58'),(212,'BTI43818','BTI','2019-12-19',1,-1660000.00,415.00,-0.1300,'Cash','2019-05-13 15:15:58','2019-05-13 15:15:58'),(213,'BTI43818','BTI','2019-12-19',0,54100000.00,500.00,0.7000,'Physical','2019-05-13 15:15:58','2019-05-13 15:15:58'),(214,'BTI43818','BTI','2019-12-19',1,-1500000.00,500.00,-0.3000,'Cash','2019-05-13 15:15:58','2019-05-13 15:15:58'),(215,'BTI43818','BTI','2019-12-19',0,104624000.00,520.00,0.6500,'Physical','2019-05-13 15:15:58','2019-05-13 15:15:58'),(216,'BTI43818','BTI','2019-12-19',0,1785000.00,595.00,0.4400,'Cash','2019-05-13 15:15:58','2019-05-13 15:15:58'),(217,'BTI43818','BTI','2019-12-19',0,269541000.00,670.00,0.2500,'Physical','2019-05-13 15:15:58','2019-05-13 15:15:58'),(218,'BVT43727','BVT','2019-09-19',1,-13022163.00,187.91,-0.1700,'Cash','2019-05-13 15:15:58','2019-05-13 15:15:58'),(219,'BVT43727','BVT','2019-09-19',0,14701995.00,212.15,0.6600,'Cash','2019-05-13 15:15:58','2019-05-13 15:15:58'),(220,'BVT43727','BVT','2019-09-19',0,17740800.00,256.00,0.2900,'Cash','2019-05-13 15:15:58','2019-05-13 15:15:58'),(221,'BVTX43584','BVTX','2019-04-29',0,1247.00,194.84,1.0000,'Cash','2019-05-13 15:15:58','2019-05-13 15:15:58'),(222,'CFR43636','CFR','2019-06-20',1,-73521000.00,90.00,-0.0700,'Physical','2019-05-13 15:15:58','2019-05-13 15:15:58'),(223,'CFR43727','CFR','2019-09-19',0,103576000.00,110.00,0.4900,'Physical','2019-05-13 15:15:58','2019-05-13 15:15:58'),(224,'CFR43818','CFR','2019-12-19',0,2520000.00,126.00,0.2500,'Cash','2019-05-13 15:15:58','2019-05-13 15:15:58'),(225,'CFRX43584','CFRX','2019-04-29',0,57904704.00,109.44,0.0300,'Cash','2019-05-13 15:15:58','2019-05-13 15:15:58'),(226,'CLS43636','CLS','2019-06-20',1,-30075000.00,150.00,-0.0300,'Physical','2019-05-13 15:15:58','2019-05-13 15:15:58'),(227,'CLS43636','CLS','2019-06-20',1,-10200000.00,170.00,-0.1400,'Physical','2019-05-13 15:15:58','2019-05-13 15:15:58'),(228,'CLS43636','CLS','2019-06-20',1,-18555500.00,185.00,-0.3200,'Physical','2019-05-13 15:15:58','2019-05-13 15:15:58'),(229,'CLS43636','CLS','2019-06-20',0,11700000.00,195.00,0.5300,'Physical','2019-05-13 15:15:58','2019-05-13 15:15:58'),(230,'CLS43636','CLS','2019-06-20',0,43107500.00,215.00,0.2400,'Physical','2019-05-13 15:15:58','2019-05-13 15:15:58'),(231,'CLS43818','CLS','2019-12-19',0,114240000.00,210.00,0.4900,'Physical','2019-05-13 15:15:58','2019-05-13 15:15:58'),(232,'CPI43636','CPI','2019-06-20',0,25171835.00,928.85,1.0000,'Cash','2019-05-13 15:15:58','2019-05-13 15:15:58'),(233,'CPI43636','CPI','2019-06-20',0,50778000.00,930.00,1.0000,'Physical','2019-05-13 15:15:58','2019-05-13 15:15:58'),(234,'CPI43636','CPI','2019-06-20',1,-97350000.00,1100.00,-0.0200,'Physical','2019-05-13 15:15:58','2019-05-13 15:15:58'),(235,'CPI43636','CPI','2019-06-20',1,-101315000.00,1150.00,-0.0400,'Physical','2019-05-13 15:15:58','2019-05-13 15:15:58'),(236,'CPI43636','CPI','2019-06-20',0,31165271.00,1150.01,0.9600,'Cash','2019-05-13 15:15:58','2019-05-13 15:15:58'),(237,'CPI43636','CPI','2019-06-20',1,-66240000.00,1200.00,-0.0800,'Physical','2019-05-13 15:15:58','2019-05-13 15:15:58'),(238,'CPI43636','CPI','2019-06-20',1,-13000000.00,1300.00,-0.2600,'Physical','2019-05-13 15:15:58','2019-05-13 15:15:58'),(239,'CPI43636','CPI','2019-06-20',1,-1316700.00,1316.70,-0.3100,'Physical','2019-05-13 15:15:58','2019-05-13 15:15:58'),(240,'CPI43636','CPI','2019-06-20',0,3659040.00,1524.60,0.1100,'Physical','2019-05-13 15:15:58','2019-05-13 15:15:58'),(241,'CPI43727','CPI','2019-09-19',1,-41748000.00,980.00,-0.0200,'Physical','2019-05-13 15:15:58','2019-05-13 15:15:58'),(242,'CPI43727','CPI','2019-09-19',1,-66240000.00,1200.00,-0.1600,'Physical','2019-05-13 15:15:58','2019-05-13 15:15:58'),(243,'CPI43727','CPI','2019-09-19',1,-135398172.00,1239.91,-0.2000,'Physical','2019-05-13 15:15:58','2019-05-13 15:15:58'),(244,'CPI43727','CPI','2019-09-19',1,-118355160.00,1408.99,-0.4900,'Physical','2019-05-13 15:15:58','2019-05-13 15:15:58'),(245,'CPI43727','CPI','2019-09-19',0,131539800.00,1565.95,0.2200,'Physical','2019-05-13 15:15:58','2019-05-13 15:15:58'),(246,'CPI43818','CPI','2019-12-19',1,-7280000.00,800.00,-0.0100,'Cash','2019-05-13 15:15:58','2019-05-13 15:15:58'),(247,'CPI43818','CPI','2019-12-19',1,-127466000.00,977.50,-0.0500,'Cash','2019-05-13 15:15:58','2019-05-13 15:15:58'),(248,'CPI43818','CPI','2019-12-19',1,-68041208.00,1005.04,-0.0600,'Cash','2019-05-13 15:15:58','2019-05-13 15:15:58'),(249,'CPI43818','CPI','2019-12-19',1,-53999355.00,1040.45,-0.0800,'Cash','2019-05-13 15:15:58','2019-05-13 15:15:58'),(250,'CPI43818','CPI','2019-12-19',0,149960000.00,1150.00,0.8500,'Cash','2019-05-13 15:15:58','2019-05-13 15:15:58'),(251,'CPI43818','CPI','2019-12-19',1,-13444740.00,1189.80,-0.1800,'Cash','2019-05-13 15:15:58','2019-05-13 15:15:58'),(252,'CPI43818','CPI','2019-12-19',0,50830000.00,1300.00,0.7000,'Physical','2019-05-13 15:15:58','2019-05-13 15:15:58'),(253,'CPI43818','CPI','2019-12-19',1,-14938600.00,1322.00,-0.3300,'Cash','2019-05-13 15:15:58','2019-05-13 15:15:58'),(254,'CPI43818','CPI','2019-12-19',0,71999313.00,1387.27,0.5800,'Cash','2019-05-13 15:15:58','2019-05-13 15:15:58'),(255,'CPI43818','CPI','2019-12-19',0,100060600.00,1478.00,0.4500,'Cash','2019-05-13 15:15:58','2019-05-13 15:15:58'),(256,'CPI43818','CPI','2019-12-19',0,194948000.00,1495.00,0.4200,'Cash','2019-05-13 15:15:58','2019-05-13 15:15:58'),(257,'CPI43818','CPI','2019-12-19',0,17328776.00,1533.52,0.3600,'Cash','2019-05-13 15:15:58','2019-05-13 15:15:58'),(258,'CPI43909','CPI','2020-03-19',1,-6451200.00,1024.00,-0.1000,'Cash','2019-05-13 15:15:58','2019-05-13 15:15:58'),(259,'CPI43909','CPI','2020-03-19',1,-46860000.00,1100.00,-0.1400,'Physical','2019-05-13 15:15:58','2019-05-13 15:15:58'),(260,'CPI43909','CPI','2020-03-19',1,-87840000.00,1200.00,-0.2100,'Physical','2019-05-13 15:15:58','2019-05-13 15:15:58'),(261,'CPI43909','CPI','2020-03-19',0,8064000.00,1280.00,0.7200,'Cash','2019-05-13 15:15:58','2019-05-13 15:15:58'),(262,'CPI43909','CPI','2020-03-19',0,10483200.00,1664.00,0.3000,'Cash','2019-05-13 15:15:58','2019-05-13 15:15:58'),(263,'CPI44000','CPI','2020-06-18',1,-80520000.00,1100.00,-0.1400,'Physical','2019-05-13 15:15:58','2019-05-13 15:15:58'),(264,'CPI44000','CPI','2020-06-18',1,-91000000.00,1250.00,-0.2400,'Physical','2019-05-13 15:15:58','2019-05-13 15:15:58'),(265,'CPI44000','CPI','2020-06-18',0,50830000.00,1300.00,0.7100,'Physical','2019-05-13 15:15:58','2019-05-13 15:15:58'),(266,'CPI44000','CPI','2020-06-18',0,116480000.00,1600.00,0.3800,'Physical','2019-05-13 15:15:58','2019-05-13 15:15:58'),(267,'DCAP43636','DCAP','2019-06-20',1,-2758.00,14100.00,-0.0100,'Cash','2019-05-13 15:15:58','2019-05-13 15:15:58'),(268,'DCAP43636','DCAP','2019-06-20',1,-674.00,14200.00,-0.0100,'Cash','2019-05-13 15:15:58','2019-05-13 15:15:58'),(269,'DCAP43636','DCAP','2019-06-20',1,-2807.00,14720.00,-0.0200,'Cash','2019-05-13 15:15:58','2019-05-13 15:15:58'),(270,'DCAP43636','DCAP','2019-06-20',1,-4500.00,15000.00,-0.0300,'Cash','2019-05-13 15:15:58','2019-05-13 15:15:58'),(271,'DCAP43636','DCAP','2019-06-20',1,-1649.00,15230.00,-0.0400,'Cash','2019-05-13 15:15:58','2019-05-13 15:15:58'),(272,'DCAP43636','DCAP','2019-06-20',1,-2080.00,15340.00,-0.0500,'Cash','2019-05-13 15:15:58','2019-05-13 15:15:58'),(273,'DCAP43636','DCAP','2019-06-20',1,-22.00,15790.00,-0.0800,'Cash','2019-05-13 15:15:58','2019-05-13 15:15:58'),(274,'DCAP43636','DCAP','2019-06-20',1,-12678.00,16000.00,-0.1100,'Cash','2019-05-13 15:15:58','2019-05-13 15:15:58'),(275,'DCAP43636','DCAP','2019-06-20',1,-2446.00,16100.00,-0.1200,'Cash','2019-05-13 15:15:58','2019-05-13 15:15:58'),(276,'DCAP43636','DCAP','2019-06-20',1,-674.00,16200.00,-0.1400,'Cash','2019-05-13 15:15:58','2019-05-13 15:15:58'),(277,'DCAP43636','DCAP','2019-06-20',1,-1499.00,16240.00,-0.1500,'Cash','2019-05-13 15:15:58','2019-05-13 15:15:58'),(278,'DCAP43636','DCAP','2019-06-20',1,-305.00,16420.00,-0.1800,'Cash','2019-05-13 15:15:58','2019-05-13 15:15:58'),(279,'DCAP43636','DCAP','2019-06-20',1,-4500.00,16500.00,-0.2000,'Cash','2019-05-13 15:15:58','2019-05-13 15:15:58'),(280,'DCAP43636','DCAP','2019-06-20',1,-1126.00,16770.00,-0.2700,'Cash','2019-05-13 15:15:58','2019-05-13 15:15:58'),(281,'DCAP43636','DCAP','2019-06-20',1,-1675.00,17310.00,-0.4500,'Cash','2019-05-13 15:15:58','2019-05-13 15:15:58'),(282,'DCAP43636','DCAP','2019-06-20',0,2080.00,17360.00,0.5300,'Cash','2019-05-13 15:15:58','2019-05-13 15:15:58'),(283,'DCAP43636','DCAP','2019-06-20',0,1499.00,17800.00,0.3600,'Cash','2019-05-13 15:15:58','2019-05-13 15:15:58'),(284,'DCAP43636','DCAP','2019-06-20',0,5846.00,17960.00,0.2900,'Cash','2019-05-13 15:15:58','2019-05-13 15:15:58'),(285,'DCAP43636','DCAP','2019-06-20',0,1050.00,18300.00,0.1800,'Cash','2019-05-13 15:15:58','2019-05-13 15:15:58'),(286,'DCAP43727','DCAP','2019-09-19',1,-774.00,14300.00,-0.0600,'Cash','2019-05-13 15:15:58','2019-05-13 15:15:58'),(287,'DCAP43727','DCAP','2019-09-19',1,-3800.00,14570.00,-0.0700,'Cash','2019-05-13 15:15:58','2019-05-13 15:15:58'),(288,'DCAP43727','DCAP','2019-09-19',1,-455.00,14770.00,-0.0800,'Cash','2019-05-13 15:15:58','2019-05-13 15:15:58'),(289,'DCAP43727','DCAP','2019-09-19',1,-2807.00,14930.00,-0.0900,'Cash','2019-05-13 15:15:58','2019-05-13 15:15:58'),(290,'DCAP43727','DCAP','2019-09-19',1,-560.00,15640.00,-0.1500,'Cash','2019-05-13 15:15:58','2019-05-13 15:15:58'),(291,'DCAP43727','DCAP','2019-09-19',1,-3000.00,16000.00,-0.2000,'Cash','2019-05-13 15:15:58','2019-05-13 15:15:58'),(292,'DCAP43727','DCAP','2019-09-19',1,-774.00,16500.00,-0.2700,'Cash','2019-05-13 15:15:58','2019-05-13 15:15:58'),(293,'DCAP43727','DCAP','2019-09-19',1,-1126.00,16770.00,-0.3200,'Cash','2019-05-13 15:15:58','2019-05-13 15:15:58'),(294,'DCAP43818','DCAP','2019-12-19',1,-627.00,14360.00,-0.0800,'Cash','2019-05-13 15:15:58','2019-05-13 15:15:58'),(295,'DCAP43818','DCAP','2019-12-19',1,-5900.00,14630.00,-0.1000,'Cash','2019-05-13 15:15:58','2019-05-13 15:15:58'),(296,'DCAP43818','DCAP','2019-12-19',1,-3284.00,14660.00,-0.1000,'Cash','2019-05-13 15:15:58','2019-05-13 15:15:58'),(297,'DCAP43818','DCAP','2019-12-19',1,-2807.00,15110.00,-0.1300,'Cash','2019-05-13 15:15:58','2019-05-13 15:15:58'),(298,'DCAP43818','DCAP','2019-12-19',1,-560.00,15640.00,-0.1700,'Cash','2019-05-13 15:15:58','2019-05-13 15:15:58'),(299,'DCAP43818','DCAP','2019-12-19',1,-384.00,16450.00,-0.2700,'Cash','2019-05-13 15:15:58','2019-05-13 15:15:58'),(300,'DCAP43818','DCAP','2019-12-19',1,-1750.00,16640.00,-0.2900,'Cash','2019-05-13 15:15:58','2019-05-13 15:15:58'),(301,'DCAP43818','DCAP','2019-12-19',0,5900.00,18690.00,0.3500,'Cash','2019-05-13 15:15:58','2019-05-13 15:15:58'),(302,'DCAP43909','DCAP','2020-03-19',1,-3903.00,12500.00,-0.0400,'Cash','2019-05-13 15:15:58','2019-05-13 15:15:58'),(303,'DCAP43909','DCAP','2020-03-19',1,-3903.00,14990.00,-0.1600,'Cash','2019-05-13 15:15:58','2019-05-13 15:15:58'),(304,'DCAP43909','DCAP','2020-03-19',1,-2807.00,15290.00,-0.1800,'Cash','2019-05-13 15:15:58','2019-05-13 15:15:58'),(305,'DCAP43909','DCAP','2020-03-19',1,-384.00,16450.00,-0.2900,'Cash','2019-05-13 15:15:58','2019-05-13 15:15:58'),(306,'DCAP43909','DCAP','2020-03-19',1,-48.00,16490.00,-0.2900,'Cash','2019-05-13 15:15:58','2019-05-13 15:15:58'),(307,'DCAP43909','DCAP','2020-03-19',1,-1132.00,16940.00,-0.3400,'Cash','2019-05-13 15:15:58','2019-05-13 15:15:58'),(308,'DCAP43909','DCAP','2020-03-19',0,3903.00,19200.00,0.3700,'Cash','2019-05-13 15:15:58','2019-05-13 15:15:58'),(309,'DCAP44000','DCAP','2020-06-18',1,-3984.00,12900.00,-0.0700,'Cash','2019-05-13 15:15:58','2019-05-13 15:15:58'),(310,'DCAP44000','DCAP','2020-06-18',1,-3984.00,15470.00,-0.2100,'Cash','2019-05-13 15:15:58','2019-05-13 15:15:58'),(311,'DCAP44000','DCAP','2020-06-18',0,3984.00,20380.00,0.2700,'Cash','2019-05-13 15:15:58','2019-05-13 15:15:58'),(312,'DSY43636','DSY','2019-06-20',1,-2200000.00,110.00,-0.0100,'Cash','2019-05-13 15:15:58','2019-05-13 15:15:58'),(313,'DSY43636','DSY','2019-06-20',1,-170825000.00,125.00,-0.0800,'Physical','2019-05-13 15:15:58','2019-05-13 15:15:58'),(314,'DSY43636','DSY','2019-06-20',1,-2600000.00,130.00,-0.1400,'Cash','2019-05-13 15:15:58','2019-05-13 15:15:58'),(315,'DSY43636','DSY','2019-06-20',1,-3000000.00,150.00,-0.6000,'Cash','2019-05-13 15:15:58','2019-05-13 15:15:58'),(316,'DSY43636','DSY','2019-06-20',0,101796000.00,170.00,0.0500,'Physical','2019-05-13 15:15:58','2019-05-13 15:15:58'),(317,'DSY43636','DSY','2019-06-20',0,123339500.00,185.00,0.0000,'Physical','2019-05-13 15:15:58','2019-05-13 15:15:58'),(318,'DSY43727','DSY','2019-09-19',1,-15299320.00,128.35,-0.2100,'Cash','2019-05-13 15:15:58','2019-05-13 15:15:58'),(319,'DSY43727','DSY','2019-09-19',1,-87022000.00,130.00,-0.2300,'Physical','2019-05-13 15:15:58','2019-05-13 15:15:58'),(320,'DSY43727','DSY','2019-09-19',1,-152999217.00,134.01,-0.2800,'Cash','2019-05-13 15:15:58','2019-05-13 15:15:58'),(321,'DSY43727','DSY','2019-09-19',1,-88522000.00,140.00,-0.3500,'Physical','2019-05-13 15:15:58','2019-05-13 15:15:58'),(322,'DSY43727','DSY','2019-09-19',1,-16999112.00,142.61,-0.3900,'Cash','2019-05-13 15:15:58','2019-05-13 15:15:58'),(323,'DSY43727','DSY','2019-09-19',0,20137648.00,168.94,0.2600,'Cash','2019-05-13 15:15:58','2019-05-13 15:15:58'),(324,'DSY43727','DSY','2019-09-19',0,203998956.00,178.68,0.1600,'Cash','2019-05-13 15:15:58','2019-05-13 15:15:58'),(325,'DSY43727','DSY','2019-09-19',0,113814000.00,180.00,0.1500,'Physical','2019-05-13 15:15:58','2019-05-13 15:15:58'),(326,'DSY43818','DSY','2019-12-19',1,-234756000.00,120.00,-0.1700,'Physical','2019-05-13 15:15:58','2019-05-13 15:15:58'),(327,'DSY43818','DSY','2019-12-19',1,-169414380.00,120.28,-0.1700,'Cash','2019-05-13 15:15:58','2019-05-13 15:15:58'),(328,'DSY43818','DSY','2019-12-19',1,-97552000.00,140.00,-0.3500,'Physical','2019-05-13 15:15:58','2019-05-13 15:15:58'),(329,'DSY43818','DSY','2019-12-19',1,-146745000.00,150.00,-0.4600,'Physical','2019-05-13 15:15:58','2019-05-13 15:15:58'),(330,'DSY43818','DSY','2019-12-19',0,245149425.00,174.05,0.2800,'Cash','2019-05-13 15:15:58','2019-05-13 15:15:58'),(331,'DSY43818','DSY','2019-12-19',0,123060000.00,175.00,0.2700,'Physical','2019-05-13 15:15:58','2019-05-13 15:15:58'),(332,'DSY43818','DSY','2019-12-19',0,61800000.00,200.00,0.0900,'Physical','2019-05-13 15:15:58','2019-05-13 15:15:58'),(333,'DSY43909','DSY','2020-03-19',1,-56763850.00,110.50,-0.1400,'Physical','2019-05-13 15:15:58','2019-05-13 15:15:58'),(334,'DSY43909','DSY','2020-03-19',1,-61900850.00,120.50,-0.2000,'Physical','2019-05-13 15:15:58','2019-05-13 15:15:58'),(335,'DTOP43636','DTOP','2019-06-20',1,-10532.00,8640.00,0.0000,'Cash','2019-05-13 15:15:58','2019-05-13 15:15:58'),(336,'DTOP43636','DTOP','2019-06-20',1,-12050.00,8710.00,0.0000,'Cash','2019-05-13 15:15:58','2019-05-13 15:15:58'),(337,'DTOP43636','DTOP','2019-06-20',1,-5000.00,9000.00,0.0000,'Cash','2019-05-13 15:15:58','2019-05-13 15:15:58'),(338,'DTOP43636','DTOP','2019-06-20',1,-6850.00,9220.00,-0.0100,'Cash','2019-05-13 15:15:58','2019-05-13 15:15:58'),(339,'DTOP43636','DTOP','2019-06-20',1,-14105.00,9250.00,-0.0100,'Cash','2019-05-13 15:15:58','2019-05-13 15:15:58'),(340,'DTOP43636','DTOP','2019-06-20',1,-5114.00,9330.00,-0.0100,'Cash','2019-05-13 15:15:58','2019-05-13 15:15:58'),(341,'DTOP43636','DTOP','2019-06-20',1,-9439.00,9420.00,-0.0100,'Cash','2019-05-13 15:15:58','2019-05-13 15:15:58'),(342,'DTOP43636','DTOP','2019-06-20',1,-15000.00,9500.00,-0.0100,'Cash','2019-05-13 15:15:58','2019-05-13 15:15:58'),(343,'DTOP43636','DTOP','2019-06-20',1,-5114.00,9620.00,-0.0100,'Cash','2019-05-13 15:15:58','2019-05-13 15:15:58'),(344,'DTOP43636','DTOP','2019-06-20',1,-578.00,9820.00,-0.0200,'Cash','2019-05-13 15:15:58','2019-05-13 15:15:58'),(345,'DTOP43636','DTOP','2019-06-20',0,951.00,9830.00,0.9800,'Cash','2019-05-13 15:15:58','2019-05-13 15:15:58'),(346,'DTOP43636','DTOP','2019-06-20',1,-578.00,9880.00,-0.0200,'Cash','2019-05-13 15:15:58','2019-05-13 15:15:58'),(347,'DTOP43636','DTOP','2019-06-20',1,-676.00,9940.00,-0.0300,'Cash','2019-05-13 15:15:58','2019-05-13 15:15:58'),(348,'DTOP43636','DTOP','2019-06-20',1,-8233.00,9950.00,-0.0300,'Cash','2019-05-13 15:15:58','2019-05-13 15:15:58'),(349,'DTOP43636','DTOP','2019-06-20',1,-10000.00,10000.00,-0.0300,'Cash','2019-05-13 15:15:58','2019-05-13 15:15:58'),(350,'DTOP43636','DTOP','2019-06-20',1,-5206.00,10060.00,-0.0400,'Cash','2019-05-13 15:15:58','2019-05-13 15:15:58'),(351,'DTOP43636','DTOP','2019-06-20',1,-578.00,10080.00,-0.0400,'Cash','2019-05-13 15:15:58','2019-05-13 15:15:58'),(352,'DTOP43636','DTOP','2019-06-20',1,-578.00,10300.00,-0.0600,'Cash','2019-05-13 15:15:58','2019-05-13 15:15:58'),(353,'DTOP43636','DTOP','2019-06-20',1,-5206.00,10420.00,-0.0800,'Cash','2019-05-13 15:15:58','2019-05-13 15:15:58'),(354,'DTOP43636','DTOP','2019-06-20',1,-7030.00,10500.00,-0.0900,'Cash','2019-05-13 15:15:58','2019-05-13 15:15:58'),(355,'DTOP43636','DTOP','2019-06-20',1,-1476.00,10540.00,-0.0900,'Cash','2019-05-13 15:15:58','2019-05-13 15:15:58'),(356,'DTOP43636','DTOP','2019-06-20',0,951.00,10610.00,0.8900,'Cash','2019-05-13 15:15:58','2019-05-13 15:15:58'),(357,'DTOP43636','DTOP','2019-06-20',1,-8233.00,10710.00,-0.1300,'Cash','2019-05-13 15:15:58','2019-05-13 15:15:58'),(358,'DTOP43636','DTOP','2019-06-20',1,-813.00,10830.00,-0.1600,'Cash','2019-05-13 15:15:58','2019-05-13 15:15:58'),(359,'DTOP43636','DTOP','2019-06-20',0,5115.00,11000.00,0.7800,'Cash','2019-05-13 15:15:58','2019-05-13 15:15:58'),(360,'DTOP43636','DTOP','2019-06-20',1,-7500.00,11000.00,-0.2200,'Cash','2019-05-13 15:15:58','2019-05-13 15:15:58'),(361,'DTOP43636','DTOP','2019-06-20',1,-813.00,11010.00,-0.2200,'Cash','2019-05-13 15:15:58','2019-05-13 15:15:58'),(362,'DTOP43636','DTOP','2019-06-20',1,-676.00,11050.00,-0.2400,'Cash','2019-05-13 15:15:58','2019-05-13 15:15:58'),(363,'DTOP43636','DTOP','2019-06-20',0,10532.00,11120.00,0.7400,'Cash','2019-05-13 15:15:58','2019-05-13 15:15:58'),(364,'DTOP43636','DTOP','2019-06-20',1,-734.00,11120.00,-0.2600,'Cash','2019-05-13 15:15:58','2019-05-13 15:15:58'),(365,'DTOP43636','DTOP','2019-06-20',1,-578.00,11200.00,-0.3000,'Cash','2019-05-13 15:15:58','2019-05-13 15:15:58'),(366,'DTOP43636','DTOP','2019-06-20',1,-619.00,11300.00,-0.3500,'Cash','2019-05-13 15:15:58','2019-05-13 15:15:58'),(367,'DTOP43636','DTOP','2019-06-20',0,28422.00,11500.00,0.5400,'Cash','2019-05-13 15:15:58','2019-05-13 15:15:58'),(368,'DTOP43636','DTOP','2019-06-20',1,-2500.00,11500.00,-0.4600,'Cash','2019-05-13 15:15:58','2019-05-13 15:15:58'),(369,'DTOP43636','DTOP','2019-06-20',0,6850.00,11530.00,0.5200,'Cash','2019-05-13 15:15:58','2019-05-13 15:15:58'),(370,'DTOP43636','DTOP','2019-06-20',0,9439.00,11710.00,0.4100,'Cash','2019-05-13 15:15:58','2019-05-13 15:15:58'),(371,'DTOP43636','DTOP','2019-06-20',0,7500.00,11950.00,0.2700,'Cash','2019-05-13 15:15:58','2019-05-13 15:15:58'),(372,'DTOP43636','DTOP','2019-06-20',0,24000.00,12000.00,0.2500,'Cash','2019-05-13 15:15:58','2019-05-13 15:15:58'),(373,'DTOP43636','DTOP','2019-06-20',1,-5000.00,12000.00,-0.7500,'Cash','2019-05-13 15:15:58','2019-05-13 15:15:58'),(374,'DTOP43636','DTOP','2019-06-20',0,578.00,12650.00,0.0300,'Cash','2019-05-13 15:15:58','2019-05-13 15:15:58'),(375,'DTOP43636','DTOP','2019-06-20',0,8233.00,12700.00,0.0200,'Cash','2019-05-13 15:15:58','2019-05-13 15:15:58'),(376,'DTOP43636','DTOP','2019-06-20',0,21000.00,13000.00,0.0100,'Cash','2019-05-13 15:15:58','2019-05-13 15:15:58'),(377,'DTOP43636','DTOP','2019-06-20',0,13100.00,13170.00,0.0000,'Cash','2019-05-13 15:15:58','2019-05-13 15:15:58'),(378,'DTOP43727','DTOP','2019-09-19',1,-2500.00,8500.00,-0.0200,'Cash','2019-05-13 15:15:58','2019-05-13 15:15:58'),(379,'DTOP43727','DTOP','2019-09-19',1,-1920.00,8850.00,-0.0300,'Cash','2019-05-13 15:15:58','2019-05-13 15:15:58'),(380,'DTOP43727','DTOP','2019-09-19',1,-5000.00,8930.00,-0.0300,'Cash','2019-05-13 15:15:58','2019-05-13 15:15:58'),(381,'DTOP43727','DTOP','2019-09-19',1,-2500.00,9000.00,-0.0300,'Cash','2019-05-13 15:15:58','2019-05-13 15:15:58'),(382,'DTOP43727','DTOP','2019-09-19',1,-100.00,9400.00,-0.0500,'Cash','2019-05-13 15:15:58','2019-05-13 15:15:58'),(383,'DTOP43727','DTOP','2019-09-19',1,-1100.00,9410.00,-0.0500,'Cash','2019-05-13 15:15:58','2019-05-13 15:15:58'),(384,'DTOP43727','DTOP','2019-09-19',1,-10000.00,9500.00,-0.0600,'Cash','2019-05-13 15:15:58','2019-05-13 15:15:58'),(385,'DTOP43727','DTOP','2019-09-19',1,-17500.00,9530.00,-0.0600,'Cash','2019-05-13 15:15:58','2019-05-13 15:15:58'),(386,'DTOP43727','DTOP','2019-09-19',0,5000.00,10000.00,0.9000,'Cash','2019-05-13 15:15:58','2019-05-13 15:15:58'),(387,'DTOP43727','DTOP','2019-09-19',1,-31500.00,10000.00,-0.1000,'Cash','2019-05-13 15:15:58','2019-05-13 15:15:58'),(388,'DTOP43727','DTOP','2019-09-19',1,-9000.00,10080.00,-0.1100,'Cash','2019-05-13 15:15:58','2019-05-13 15:15:58'),(389,'DTOP43727','DTOP','2019-09-19',1,-90.00,10400.00,-0.1600,'Cash','2019-05-13 15:15:58','2019-05-13 15:15:58'),(390,'DTOP43727','DTOP','2019-09-19',1,-1920.00,10420.00,-0.1600,'Cash','2019-05-13 15:15:58','2019-05-13 15:15:58'),(391,'DTOP43727','DTOP','2019-09-19',0,5000.00,11000.00,0.7200,'Cash','2019-05-13 15:15:58','2019-05-13 15:15:58'),(392,'DTOP43727','DTOP','2019-09-19',1,-7500.00,11000.00,-0.2800,'Cash','2019-05-13 15:15:58','2019-05-13 15:15:58'),(393,'DTOP43727','DTOP','2019-09-19',0,5000.00,11160.00,0.6800,'Cash','2019-05-13 15:15:58','2019-05-13 15:15:58'),(394,'DTOP43727','DTOP','2019-09-19',0,50.00,11300.00,0.6400,'Cash','2019-05-13 15:15:58','2019-05-13 15:15:58'),(395,'DTOP43727','DTOP','2019-09-19',0,22500.00,11500.00,0.5700,'Cash','2019-05-13 15:15:58','2019-05-13 15:15:58'),(396,'DTOP43727','DTOP','2019-09-19',0,1920.00,11670.00,0.5200,'Cash','2019-05-13 15:15:58','2019-05-13 15:15:58'),(397,'DTOP43727','DTOP','2019-09-19',0,17500.00,11840.00,0.4500,'Cash','2019-05-13 15:15:58','2019-05-13 15:15:58'),(398,'DTOP43727','DTOP','2019-09-19',0,16500.00,12500.00,0.2200,'Cash','2019-05-13 15:15:58','2019-05-13 15:15:58'),(399,'DTOP43727','DTOP','2019-09-19',0,9000.00,12530.00,0.2200,'Cash','2019-05-13 15:15:58','2019-05-13 15:15:58'),(400,'DTOP43818','DTOP','2019-12-19',1,-300.00,7880.00,-0.0100,'Cash','2019-05-13 15:15:58','2019-05-13 15:15:58'),(401,'DTOP43818','DTOP','2019-12-19',1,-11975.00,8420.00,-0.0200,'Cash','2019-05-13 15:15:58','2019-05-13 15:15:58'),(402,'DTOP43818','DTOP','2019-12-19',1,-7500.00,8500.00,-0.0300,'Cash','2019-05-13 15:15:58','2019-05-13 15:15:58'),(403,'DTOP43818','DTOP','2019-12-19',1,-300.00,9360.00,-0.0700,'Cash','2019-05-13 15:15:58','2019-05-13 15:15:58'),(404,'DTOP43818','DTOP','2019-12-19',1,-1105.00,9490.00,-0.0700,'Cash','2019-05-13 15:15:58','2019-05-13 15:15:58'),(405,'DTOP43818','DTOP','2019-12-19',1,-5000.00,9500.00,-0.0800,'Cash','2019-05-13 15:15:58','2019-05-13 15:15:58'),(406,'DTOP43818','DTOP','2019-12-19',1,-741.00,9620.00,-0.0800,'Cash','2019-05-13 15:15:58','2019-05-13 15:15:58'),(407,'DTOP43818','DTOP','2019-12-19',1,-11975.00,9920.00,-0.1100,'Cash','2019-05-13 15:15:58','2019-05-13 15:15:58'),(408,'DTOP43818','DTOP','2019-12-19',1,-7500.00,10000.00,-0.1200,'Cash','2019-05-13 15:15:58','2019-05-13 15:15:58'),(409,'DTOP43818','DTOP','2019-12-19',1,-8094.00,10230.00,-0.1500,'Cash','2019-05-13 15:15:58','2019-05-13 15:15:58'),(410,'DTOP43818','DTOP','2019-12-19',1,-8094.00,10900.00,-0.2600,'Cash','2019-05-13 15:15:58','2019-05-13 15:15:58'),(411,'DTOP43818','DTOP','2019-12-19',1,-6893.00,11000.00,-0.2800,'Cash','2019-05-13 15:15:58','2019-05-13 15:15:58'),(412,'DTOP43818','DTOP','2019-12-19',1,-4393.00,11460.00,-0.3800,'Cash','2019-05-13 15:15:58','2019-05-13 15:15:58'),(413,'DTOP43818','DTOP','2019-12-19',0,10000.00,11500.00,0.6100,'Cash','2019-05-13 15:15:58','2019-05-13 15:15:58'),(414,'DTOP43818','DTOP','2019-12-19',0,11975.00,11640.00,0.5700,'Cash','2019-05-13 15:15:58','2019-05-13 15:15:58'),(415,'DTOP43818','DTOP','2019-12-19',0,5000.00,12000.00,0.4700,'Cash','2019-05-13 15:15:58','2019-05-13 15:15:58'),(416,'DTOP43818','DTOP','2019-12-19',0,741.00,12150.00,0.4300,'Cash','2019-05-13 15:15:58','2019-05-13 15:15:58'),(417,'DTOP43818','DTOP','2019-12-19',0,10000.00,12500.00,0.3300,'Cash','2019-05-13 15:15:58','2019-05-13 15:15:58'),(418,'DTOP43818','DTOP','2019-12-19',0,4393.00,12540.00,0.3200,'Cash','2019-05-13 15:15:58','2019-05-13 15:15:58'),(419,'DTOP43818','DTOP','2019-12-19',0,8094.00,12560.00,0.3100,'Cash','2019-05-13 15:15:58','2019-05-13 15:15:58'),(420,'DTOP43909','DTOP','2020-03-19',1,-5595.00,6440.00,0.0000,'Cash','2019-05-13 15:15:58','2019-05-13 15:15:58'),(421,'DTOP43909','DTOP','2020-03-19',1,-5595.00,9120.00,-0.0700,'Cash','2019-05-13 15:15:58','2019-05-13 15:15:58'),(422,'DTOP43909','DTOP','2020-03-19',1,-18455.00,9750.00,-0.1100,'Cash','2019-05-13 15:15:58','2019-05-13 15:15:58'),(423,'DTOP43909','DTOP','2020-03-19',1,-970.00,9830.00,-0.1200,'Cash','2019-05-13 15:15:58','2019-05-13 15:15:58'),(424,'DTOP43909','DTOP','2020-03-19',1,-8500.00,9900.00,-0.1300,'Cash','2019-05-13 15:15:58','2019-05-13 15:15:58'),(425,'DTOP43909','DTOP','2020-03-19',1,-2500.00,10000.00,-0.1400,'Cash','2019-05-13 15:15:58','2019-05-13 15:15:58'),(426,'DTOP43909','DTOP','2020-03-19',1,-1130.00,10170.00,-0.1600,'Cash','2019-05-13 15:15:58','2019-05-13 15:15:58'),(427,'DTOP43909','DTOP','2020-03-19',1,-18455.00,10840.00,-0.2500,'Cash','2019-05-13 15:15:58','2019-05-13 15:15:58'),(428,'DTOP43909','DTOP','2020-03-19',0,5000.00,11000.00,0.7200,'Cash','2019-05-13 15:15:58','2019-05-13 15:15:58'),(429,'DTOP43909','DTOP','2020-03-19',1,-2500.00,11000.00,-0.2800,'Cash','2019-05-13 15:15:58','2019-05-13 15:15:58'),(430,'DTOP43909','DTOP','2020-03-19',1,-10000.00,11500.00,-0.3700,'Cash','2019-05-13 15:15:58','2019-05-13 15:15:58'),(431,'DTOP43909','DTOP','2020-03-19',0,8200.00,11900.00,0.5400,'Cash','2019-05-13 15:15:58','2019-05-13 15:15:58'),(432,'DTOP43909','DTOP','2020-03-19',0,2500.00,12000.00,0.5200,'Cash','2019-05-13 15:15:58','2019-05-13 15:15:58'),(433,'DTOP43909','DTOP','2020-03-19',0,8500.00,12300.00,0.4500,'Cash','2019-05-13 15:15:58','2019-05-13 15:15:58'),(434,'DTOP43909','DTOP','2020-03-19',0,15000.00,12500.00,0.4100,'Cash','2019-05-13 15:15:58','2019-05-13 15:15:58'),(435,'DTOP43909','DTOP','2020-03-19',0,18455.00,12540.00,0.4000,'Cash','2019-05-13 15:15:58','2019-05-13 15:15:58'),(436,'DTOP43909','DTOP','2020-03-19',0,5595.00,12820.00,0.3300,'Cash','2019-05-13 15:15:58','2019-05-13 15:15:58'),(437,'DTOP43909','DTOP','2020-03-19',0,5000.00,13000.00,0.2900,'Cash','2019-05-13 15:15:58','2019-05-13 15:15:58'),(438,'DTOP43909','DTOP','2020-03-19',0,15000.00,13500.00,0.1900,'Cash','2019-05-13 15:15:58','2019-05-13 15:15:58'),(439,'DTOP44000','DTOP','2020-06-18',0,5000.00,11500.00,0.6300,'Cash','2019-05-13 15:15:58','2019-05-13 15:15:58'),(440,'DTOP44000','DTOP','2020-06-18',0,7500.00,13500.00,0.2700,'Cash','2019-05-13 15:15:58','2019-05-13 15:15:58'),(441,'DTOX43669','DTOX','2019-07-23',0,2098.00,11180.00,0.6900,'Cash','2019-05-13 15:15:58','2019-05-13 15:15:58'),(442,'DTOX43741','DTOX','2019-10-03',0,2206.00,11720.00,0.5000,'Cash','2019-05-13 15:15:58','2019-05-13 15:15:58'),(443,'DTOX43755','DTOX','2019-10-17',1,-7853.00,9740.00,-0.0700,'Cash','2019-05-13 15:15:58','2019-05-13 15:15:58'),(444,'DTOX43755','DTOX','2019-10-17',1,-7853.00,10610.00,-0.1900,'Cash','2019-05-13 15:15:58','2019-05-13 15:15:58'),(445,'DTOX43755','DTOX','2019-10-17',0,7853.00,11830.00,0.4800,'Cash','2019-05-13 15:15:58','2019-05-13 15:15:58'),(446,'DTOX43773','DTOX','2019-11-04',1,-12302.00,8290.00,-0.0100,'Cash','2019-05-13 15:15:58','2019-05-13 15:15:58'),(447,'DTOX43773','DTOX','2019-11-04',1,-1959.00,8680.00,-0.0200,'Cash','2019-05-13 15:15:58','2019-05-13 15:15:58'),(448,'DTOX43773','DTOX','2019-11-04',1,-12302.00,9750.00,-0.0800,'Cash','2019-05-13 15:15:58','2019-05-13 15:15:58'),(449,'DTOX43773','DTOX','2019-11-04',1,-1959.00,10210.00,-0.1300,'Cash','2019-05-13 15:15:58','2019-05-13 15:15:58'),(450,'DTOX43773','DTOX','2019-11-04',0,12302.00,11040.00,0.7100,'Cash','2019-05-13 15:15:58','2019-05-13 15:15:58'),(451,'DTOX43773','DTOX','2019-11-04',0,1959.00,11580.00,0.5700,'Cash','2019-05-13 15:15:58','2019-05-13 15:15:58'),(452,'DTOX43802','DTOX','2019-12-03',0,2787.00,12080.00,0.4400,'Cash','2019-05-13 15:15:58','2019-05-13 15:15:58'),(453,'DTOX43852','DTOX','2020-01-22',0,5454.00,12850.00,0.2800,'Cash','2019-05-13 15:15:58','2019-05-13 15:15:58'),(454,'EXX43727','EXX','2019-09-19',1,-45167500.00,145.00,-0.2800,'Physical','2019-05-13 15:15:58','2019-05-13 15:15:58'),(455,'FSR43636','FSR','2019-06-20',1,-16314232.00,55.34,-0.0600,'Cash','2019-05-13 15:15:58','2019-05-13 15:15:58'),(456,'FSR43636','FSR','2019-06-20',0,26118675.00,60.39,0.8400,'Cash','2019-05-13 15:15:58','2019-05-13 15:15:58'),(457,'FSR43636','FSR','2019-06-20',0,19896052.00,67.49,0.5500,'Cash','2019-05-13 15:15:58','2019-05-13 15:15:58'),(458,'FSR43636','FSR','2019-06-20',1,-19896052.00,67.49,-0.4500,'Cash','2019-05-13 15:15:58','2019-05-13 15:15:58'),(459,'FSR43636','FSR','2019-06-20',0,31866600.00,73.68,0.2700,'Cash','2019-05-13 15:15:58','2019-05-13 15:15:58'),(460,'FSR43727','FSR','2019-09-19',1,-94044300.00,57.00,-0.1600,'Physical','2019-05-13 15:15:58','2019-05-13 15:15:58'),(461,'FSR43727','FSR','2019-09-19',1,-103943700.00,63.00,-0.2800,'Physical','2019-05-13 15:15:58','2019-05-13 15:15:58'),(462,'FSR43727','FSR','2019-09-19',0,118792800.00,72.00,0.4600,'Physical','2019-05-13 15:15:58','2019-05-13 15:15:58'),(463,'FSR43818','FSR','2019-12-19',0,112000000.00,70.00,0.5400,'Physical','2019-05-13 15:15:58','2019-05-13 15:15:58'),(464,'FSRX43584','FSRX','2019-04-29',0,3563.00,63.20,0.9900,'Cash','2019-05-13 15:15:58','2019-05-13 15:15:58'),(465,'GRT43636','GRT','2019-06-20',0,2700000.00,27.00,0.1800,'Cash','2019-05-13 15:15:58','2019-05-13 15:15:58'),(466,'GRT43818','GRT','2019-12-19',0,2500000.00,25.00,0.6100,'Cash','2019-05-13 15:15:58','2019-05-13 15:15:58'),(467,'HAR43818','HAR','2019-12-19',0,14184000.00,30.00,0.3700,'Physical','2019-05-13 15:15:58','2019-05-13 15:15:58'),(468,'HYP43636','HYP','2019-06-20',0,9200000.00,92.00,0.0200,'Physical','2019-05-13 15:15:58','2019-05-13 15:15:58'),(469,'IMH43636','IMH','2019-06-20',1,-48846000.00,210.00,-1.0000,'Physical','2019-05-13 15:15:58','2019-05-13 15:15:58'),(470,'IMP43727','IMP','2019-09-19',1,-3999471.00,46.13,-0.0300,'Cash','2019-05-13 15:15:58','2019-05-13 15:15:58'),(471,'IMP43727','IMP','2019-09-19',1,-4001402.00,47.02,-0.0400,'Cash','2019-05-13 15:15:58','2019-05-13 15:15:58'),(472,'IMP43727','IMP','2019-09-19',1,-4749426.00,54.78,-0.1500,'Cash','2019-05-13 15:15:58','2019-05-13 15:15:58'),(473,'IMP43727','IMP','2019-09-19',1,-4751133.00,55.83,-0.1700,'Cash','2019-05-13 15:15:58','2019-05-13 15:15:58'),(474,'IMP43727','IMP','2019-09-19',0,6148764.00,70.92,0.3200,'Cash','2019-05-13 15:15:58','2019-05-13 15:15:58'),(475,'IMP43727','IMP','2019-09-19',0,6076991.00,71.41,0.3100,'Cash','2019-05-13 15:15:58','2019-05-13 15:15:58'),(476,'IPL43636','IPL','2019-06-20',0,49784000.00,70.00,0.2900,'Physical','2019-05-13 15:15:58','2019-05-13 15:15:58'),(477,'IPL43727','IPL','2019-09-19',1,-45456000.00,60.00,-0.3600,'Physical','2019-05-13 15:15:58','2019-05-13 15:15:58'),(478,'IPL43818','IPL','2019-12-19',1,-48873500.00,65.00,-0.4900,'Physical','2019-05-13 15:15:58','2019-05-13 15:15:58'),(479,'LHC43636','LHC','2019-06-20',1,-13020120.00,21.24,-0.0300,'Cash','2019-05-13 15:15:58','2019-05-13 15:15:58'),(480,'LHC43636','LHC','2019-06-20',0,15876700.00,25.90,0.5900,'Cash','2019-05-13 15:15:58','2019-05-13 15:15:58'),(481,'LHC43636','LHC','2019-06-20',1,-15876700.00,25.90,-0.4100,'Cash','2019-05-13 15:15:58','2019-05-13 15:15:58'),(482,'LHC43636','LHC','2019-06-20',1,-49631400.00,27.00,-0.5700,'Physical','2019-05-13 15:15:58','2019-05-13 15:15:58'),(483,'MCG43909','MCG','2020-03-19',1,-3496950.00,85.50,-0.0800,'Cash','2019-05-13 15:15:58','2019-05-13 15:15:58'),(484,'MCG43909','MCG','2020-03-19',1,-4499000.00,110.00,-0.2300,'Cash','2019-05-13 15:15:58','2019-05-13 15:15:58'),(485,'MEI43636','MEI','2019-06-20',0,3600000.00,72.00,0.1800,'Physical','2019-05-13 15:15:58','2019-05-13 15:15:58'),(486,'MND43636','MND','2019-06-20',0,3173940.00,352.66,0.1400,'Physical','2019-05-13 15:15:58','2019-05-13 15:15:58'),(487,'MNDX43584','MNDX','2019-04-29',0,616.00,326.26,0.0800,'Cash','2019-05-13 15:15:58','2019-05-13 15:15:58'),(488,'MNP43636','MNP','2019-06-20',1,-2585700.00,287.30,-0.1200,'Physical','2019-05-13 15:15:58','2019-05-13 15:15:58'),(489,'MRP43636','MRP','2019-06-20',1,-52191666.00,194.31,-0.2400,'Cash','2019-05-13 15:15:58','2019-05-13 15:15:58'),(490,'MRP43636','MRP','2019-06-20',1,-47200000.00,200.00,-0.3000,'Physical','2019-05-13 15:15:58','2019-05-13 15:15:58'),(491,'MRP43727','MRP','2019-09-19',1,-4244805.00,180.63,-0.2100,'Cash','2019-05-13 15:15:58','2019-05-13 15:15:58'),(492,'MRP43727','MRP','2019-09-19',1,-13607202.00,209.02,-0.3900,'Cash','2019-05-13 15:15:58','2019-05-13 15:15:58'),(493,'MRP43727','MRP','2019-09-19',0,6491875.00,276.25,0.1900,'Cash','2019-05-13 15:15:58','2019-05-13 15:15:58'),(494,'MRP43727','MRP','2019-09-19',0,19210359.00,295.09,0.1100,'Cash','2019-05-13 15:15:58','2019-05-13 15:15:58'),(495,'MRP43818','MRP','2019-12-19',1,-10197660.00,154.51,-0.1400,'Cash','2019-05-13 15:15:58','2019-05-13 15:15:58'),(496,'MRP43818','MRP','2019-12-19',0,12597420.00,190.87,0.7100,'Cash','2019-05-13 15:15:58','2019-05-13 15:15:58'),(497,'MRP43818','MRP','2019-12-19',0,15116640.00,229.04,0.5100,'Cash','2019-05-13 15:15:58','2019-05-13 15:15:58'),(498,'MRP43818','MRP','2019-12-19',0,123396000.00,260.00,0.3500,'Physical','2019-05-13 15:15:58','2019-05-13 15:15:58'),(499,'MSM43636','MSM','2019-06-20',1,-12598482.00,85.01,-0.2600,'Cash','2019-05-13 15:15:58','2019-05-13 15:15:58'),(500,'MSM43636','MSM','2019-06-20',1,-6045234.00,103.87,-0.8600,'Cash','2019-05-13 15:15:58','2019-05-13 15:15:58'),(501,'MSM43636','MSM','2019-06-20',0,6825114.00,117.27,0.0100,'Cash','2019-05-13 15:15:58','2019-05-13 15:15:58'),(502,'MTN43636','MTN','2019-06-20',1,-11199500.00,68.92,0.0000,'Cash','2019-05-13 15:15:58','2019-05-13 15:15:58'),(503,'MTN43636','MTN','2019-06-20',1,-45815000.00,70.00,0.0000,'Physical','2019-05-13 15:15:58','2019-05-13 15:15:58'),(504,'MTN43636','MTN','2019-06-20',0,577505980.00,74.12,0.9900,'Physical','2019-05-13 15:15:58','2019-05-13 15:15:58'),(505,'MTN43636','MTN','2019-06-20',1,-80715000.00,75.00,-0.0100,'Physical','2019-05-13 15:15:58','2019-05-13 15:15:58'),(506,'MTN43636','MTN','2019-06-20',1,-21691800.00,83.43,-0.0500,'Physical','2019-05-13 15:15:58','2019-05-13 15:15:58'),(507,'MTN43636','MTN','2019-06-20',0,13999375.00,86.15,0.9200,'Cash','2019-05-13 15:15:58','2019-05-13 15:15:58'),(508,'MTN43636','MTN','2019-06-20',1,-13999375.00,86.15,-0.0800,'Cash','2019-05-13 15:15:58','2019-05-13 15:15:58'),(509,'MTN43636','MTN','2019-06-20',0,215586000.00,90.00,0.8700,'Physical','2019-05-13 15:15:58','2019-05-13 15:15:58'),(510,'MTN43636','MTN','2019-06-20',1,-104409000.00,90.00,-0.1300,'Physical','2019-05-13 15:15:58','2019-05-13 15:15:58'),(511,'MTN43636','MTN','2019-06-20',0,715025955.00,91.77,0.8500,'Physical','2019-05-13 15:15:58','2019-05-13 15:15:58'),(512,'MTN43636','MTN','2019-06-20',1,-43926300.00,93.50,-0.1900,'Physical','2019-05-13 15:15:58','2019-05-13 15:15:58'),(513,'MTN43636','MTN','2019-06-20',0,56800500.00,95.00,0.7800,'Physical','2019-05-13 15:15:58','2019-05-13 15:15:58'),(514,'MTN43636','MTN','2019-06-20',0,26512200.00,101.97,0.6100,'Physical','2019-05-13 15:15:58','2019-05-13 15:15:58'),(515,'MTN43636','MTN','2019-06-20',0,118382000.00,110.00,0.3900,'Physical','2019-05-13 15:15:58','2019-05-13 15:15:58'),(516,'MTN43727','MTN','2019-09-19',1,-40259562.00,76.51,-0.0700,'Cash','2019-05-13 15:15:58','2019-05-13 15:15:58'),(517,'MTN43727','MTN','2019-09-19',1,-46791000.00,90.00,-0.2000,'Physical','2019-05-13 15:15:58','2019-05-13 15:15:58'),(518,'MTN43727','MTN','2019-09-19',0,38652010.00,91.81,0.7700,'Cash','2019-05-13 15:15:58','2019-05-13 15:15:58'),(519,'MTN43727','MTN','2019-09-19',1,-57189000.00,110.00,-0.5500,'Physical','2019-05-13 15:15:58','2019-05-13 15:15:58'),(520,'MTN43727','MTN','2019-09-19',0,50802070.00,120.67,0.2700,'Cash','2019-05-13 15:15:58','2019-05-13 15:15:58'),(521,'MTN43818','MTN','2019-12-19',0,106974000.00,90.00,0.7500,'Physical','2019-05-13 15:15:58','2019-05-13 15:15:58'),(522,'MTN43818','MTN','2019-12-19',0,56800500.00,95.00,0.7000,'Physical','2019-05-13 15:15:58','2019-05-13 15:15:58'),(523,'MTN43909','MTN','2020-03-19',1,-95808000.00,80.00,-0.1500,'Physical','2019-05-13 15:15:58','2019-05-13 15:15:58'),(524,'MTN43909','MTN','2020-03-19',0,119760000.00,100.00,0.6700,'Physical','2019-05-13 15:15:58','2019-05-13 15:15:58'),(525,'NMC43636','NMC','2019-06-20',1,-102112370.00,2572.10,0.0000,'Cash','2019-05-13 15:15:58','2019-05-13 15:15:58'),(526,'NMC43636','NMC','2019-06-20',1,-3915000.00,2610.00,0.0000,'Cash','2019-05-13 15:15:58','2019-05-13 15:15:58'),(527,'NMC43636','NMC','2019-06-20',1,-133128000.00,2662.56,-0.0100,'Physical','2019-05-13 15:15:58','2019-05-13 15:15:58'),(528,'NMC43636','NMC','2019-06-20',1,-45844673.00,2745.19,-0.0100,'Cash','2019-05-13 15:15:58','2019-05-13 15:15:58'),(529,'NMC43636','NMC','2019-06-20',1,-161488320.00,2746.40,-0.0100,'Cash','2019-05-13 15:15:58','2019-05-13 15:15:58'),(530,'NMC43636','NMC','2019-06-20',1,-24740910.00,2748.99,-0.0100,'Cash','2019-05-13 15:15:58','2019-05-13 15:15:58'),(531,'NMC43636','NMC','2019-06-20',1,-30835280.00,2753.15,-0.0100,'Cash','2019-05-13 15:15:58','2019-05-13 15:15:58'),(532,'NMC43636','NMC','2019-06-20',1,-78553695.00,2756.27,-0.0100,'Cash','2019-05-13 15:15:58','2019-05-13 15:15:58'),(533,'NMC43636','NMC','2019-06-20',0,55440000.00,2800.00,0.9900,'Physical','2019-05-13 15:15:58','2019-05-13 15:15:58'),(534,'NMC43636','NMC','2019-06-20',1,-335160000.00,2800.00,-0.0100,'Physical','2019-05-13 15:15:58','2019-05-13 15:15:58'),(535,'NMC43636','NMC','2019-06-20',1,-4060000.00,2900.00,-0.0200,'Cash','2019-05-13 15:15:58','2019-05-13 15:15:58'),(536,'NMC43636','NMC','2019-06-20',1,-162564000.00,2945.00,-0.0300,'Cash','2019-05-13 15:15:58','2019-05-13 15:15:58'),(537,'NMC43636','NMC','2019-06-20',0,13926100.00,2963.00,0.9700,'Cash','2019-05-13 15:15:58','2019-05-13 15:15:58'),(538,'NMC43636','NMC','2019-06-20',1,-13926100.00,2963.00,-0.0300,'Cash','2019-05-13 15:15:58','2019-05-13 15:15:58'),(539,'NMC43636','NMC','2019-06-20',0,293100000.00,3000.00,0.9600,'Physical','2019-05-13 15:15:58','2019-05-13 15:15:58'),(540,'NMC43636','NMC','2019-06-20',1,-196500000.00,3000.00,-0.0400,'Physical','2019-05-13 15:15:58','2019-05-13 15:15:58'),(541,'NMC43636','NMC','2019-06-20',0,120132200.00,3026.00,0.9600,'Cash','2019-05-13 15:15:58','2019-05-13 15:15:58'),(542,'NMC43636','NMC','2019-06-20',1,-50938507.00,3050.21,-0.0500,'Cash','2019-05-13 15:15:58','2019-05-13 15:15:58'),(543,'NMC43636','NMC','2019-06-20',1,-179431728.00,3051.56,-0.0500,'Cash','2019-05-13 15:15:58','2019-05-13 15:15:58'),(544,'NMC43636','NMC','2019-06-20',1,-27489960.00,3054.44,-0.0500,'Cash','2019-05-13 15:15:58','2019-05-13 15:15:58'),(545,'NMC43636','NMC','2019-06-20',1,-34261472.00,3059.06,-0.0500,'Cash','2019-05-13 15:15:58','2019-05-13 15:15:58'),(546,'NMC43636','NMC','2019-06-20',1,-87281820.00,3062.52,-0.0500,'Cash','2019-05-13 15:15:58','2019-05-13 15:15:58'),(547,'NMC43636','NMC','2019-06-20',0,7750000.00,3100.00,0.9400,'Cash','2019-05-13 15:15:58','2019-05-13 15:15:58'),(548,'NMC43636','NMC','2019-06-20',0,218560000.00,3200.00,0.9200,'Physical','2019-05-13 15:15:58','2019-05-13 15:15:58'),(549,'NMC43636','NMC','2019-06-20',1,-145280000.00,3200.00,-0.0800,'Physical','2019-05-13 15:15:58','2019-05-13 15:15:58'),(550,'NMC43636','NMC','2019-06-20',0,166410000.00,3328.20,0.8700,'Physical','2019-05-13 15:15:58','2019-05-13 15:15:58'),(551,'NMC43636','NMC','2019-06-20',0,300160800.00,3384.00,0.8500,'Cash','2019-05-13 15:15:58','2019-05-13 15:15:58'),(552,'NMC43636','NMC','2019-06-20',0,350540000.00,3400.00,0.8400,'Physical','2019-05-13 15:15:58','2019-05-13 15:15:58'),(553,'NMC43636','NMC','2019-06-20',0,196788000.00,3565.00,0.7400,'Cash','2019-05-13 15:15:58','2019-05-13 15:15:58'),(554,'NMC43636','NMC','2019-06-20',0,5437500.00,3625.00,0.7000,'Cash','2019-05-13 15:15:58','2019-05-13 15:15:58'),(555,'NMC43636','NMC','2019-06-20',0,61278980.00,3669.40,0.6700,'Cash','2019-05-13 15:15:58','2019-05-13 15:15:58'),(556,'NMC43636','NMC','2019-06-20',0,216035904.00,3674.08,0.6700,'Cash','2019-05-13 15:15:58','2019-05-13 15:15:58'),(557,'NMC43636','NMC','2019-06-20',0,104738070.00,3675.02,0.6700,'Cash','2019-05-13 15:15:58','2019-05-13 15:15:58'),(558,'NMC43636','NMC','2019-06-20',0,41216560.00,3680.05,0.6600,'Cash','2019-05-13 15:15:58','2019-05-13 15:15:58'),(559,'NMC43636','NMC','2019-06-20',0,33276600.00,3697.40,0.6500,'Cash','2019-05-13 15:15:58','2019-05-13 15:15:58'),(560,'NMC43636','NMC','2019-06-20',0,59940000.00,3700.00,0.6500,'Cash','2019-05-13 15:15:58','2019-05-13 15:15:58'),(561,'NMC43636','NMC','2019-06-20',0,232940000.00,3800.00,0.5700,'Physical','2019-05-13 15:15:58','2019-05-13 15:15:58'),(562,'NMC43636','NMC','2019-06-20',0,156171860.00,3933.80,0.4700,'Cash','2019-05-13 15:15:58','2019-05-13 15:15:58'),(563,'NMC43636','NMC','2019-06-20',0,180000000.00,4000.00,0.4100,'Physical','2019-05-13 15:15:58','2019-05-13 15:15:58'),(564,'NMC43727','NMC','2019-09-19',1,-47560000.00,2050.00,0.0000,'Physical','2019-05-13 15:15:58','2019-05-13 15:15:58'),(565,'NMC43727','NMC','2019-09-19',1,-22145700.00,2214.57,-0.0100,'Cash','2019-05-13 15:15:58','2019-05-13 15:15:58'),(566,'NMC43727','NMC','2019-09-19',1,-255094550.00,2227.90,-0.0100,'Cash','2019-05-13 15:15:58','2019-05-13 15:15:58'),(567,'NMC43727','NMC','2019-09-19',1,-27943750.00,2235.50,-0.0100,'Cash','2019-05-13 15:15:58','2019-05-13 15:15:58'),(568,'NMC43727','NMC','2019-09-19',1,-27816000.00,2280.00,-0.0100,'Cash','2019-05-13 15:15:58','2019-05-13 15:15:58'),(569,'NMC43727','NMC','2019-09-19',1,-40020000.00,2300.00,-0.0100,'Physical','2019-05-13 15:15:58','2019-05-13 15:15:58'),(570,'NMC43727','NMC','2019-09-19',1,-63554400.00,2328.00,-0.0100,'Cash','2019-05-13 15:15:58','2019-05-13 15:15:58'),(571,'NMC43727','NMC','2019-09-19',1,-296640000.00,2400.00,-0.0200,'Physical','2019-05-13 15:15:58','2019-05-13 15:15:58'),(572,'NMC43727','NMC','2019-09-19',1,-2418250.00,2418.25,-0.0200,'Cash','2019-05-13 15:15:58','2019-05-13 15:15:58'),(573,'NMC43727','NMC','2019-09-19',1,-9350850.00,2460.75,-0.0200,'Cash','2019-05-13 15:15:58','2019-05-13 15:15:58'),(574,'NMC43727','NMC','2019-09-19',1,-58000000.00,2500.00,-0.0200,'Physical','2019-05-13 15:15:58','2019-05-13 15:15:58'),(575,'NMC43727','NMC','2019-09-19',1,-83460000.00,2600.00,-0.0300,'Physical','2019-05-13 15:15:58','2019-05-13 15:15:58'),(576,'NMC43727','NMC','2019-09-19',1,-300111370.00,2621.06,-0.0300,'Cash','2019-05-13 15:15:58','2019-05-13 15:15:58'),(577,'NMC43727','NMC','2019-09-19',1,-32875000.00,2630.00,-0.0300,'Cash','2019-05-13 15:15:58','2019-05-13 15:15:58'),(578,'NMC43727','NMC','2019-09-19',0,27682100.00,2768.21,0.9500,'Cash','2019-05-13 15:15:58','2019-05-13 15:15:58'),(579,'NMC43727','NMC','2019-09-19',0,53760000.00,2800.00,0.9500,'Physical','2019-05-13 15:15:58','2019-05-13 15:15:58'),(580,'NMC43727','NMC','2019-09-19',1,-274680000.00,2800.00,-0.0500,'Physical','2019-05-13 15:15:58','2019-05-13 15:15:58'),(581,'NMC43727','NMC','2019-09-19',1,-14050600.00,2810.12,-0.0600,'Cash','2019-05-13 15:15:58','2019-05-13 15:15:58'),(582,'NMC43727','NMC','2019-09-19',1,-2845000.00,2845.00,-0.0600,'Cash','2019-05-13 15:15:58','2019-05-13 15:15:58'),(583,'NMC43727','NMC','2019-09-19',0,34770000.00,2850.00,0.9400,'Cash','2019-05-13 15:15:58','2019-05-13 15:15:58'),(584,'NMC43727','NMC','2019-09-19',1,-11001000.00,2895.00,-0.0700,'Cash','2019-05-13 15:15:58','2019-05-13 15:15:58'),(585,'NMC43727','NMC','2019-09-19',1,-285072200.00,2908.90,-0.0700,'Cash','2019-05-13 15:15:58','2019-05-13 15:15:58'),(586,'NMC43727','NMC','2019-09-19',0,79443000.00,2910.00,0.9300,'Cash','2019-05-13 15:15:58','2019-05-13 15:15:58'),(587,'NMC43727','NMC','2019-09-19',1,-15611750.00,3122.35,-0.1200,'Cash','2019-05-13 15:15:58','2019-05-13 15:15:58'),(588,'NMC43727','NMC','2019-09-19',0,163840000.00,3200.00,0.8600,'Physical','2019-05-13 15:15:58','2019-05-13 15:15:58'),(589,'NMC43727','NMC','2019-09-19',1,-211200000.00,3200.00,-0.1400,'Physical','2019-05-13 15:15:58','2019-05-13 15:15:58'),(590,'NMC43727','NMC','2019-09-19',0,76560000.00,3300.00,0.8200,'Physical','2019-05-13 15:15:58','2019-05-13 15:15:58'),(591,'NMC43727','NMC','2019-09-19',0,190400000.00,3400.00,0.7900,'Physical','2019-05-13 15:15:58','2019-05-13 15:15:58'),(592,'NMC43727','NMC','2019-09-19',0,403650285.00,3525.33,0.7400,'Cash','2019-05-13 15:15:58','2019-05-13 15:15:58'),(593,'NMC43727','NMC','2019-09-19',0,44391125.00,3551.29,0.7200,'Cash','2019-05-13 15:15:58','2019-05-13 15:15:58'),(594,'NMC43727','NMC','2019-09-19',0,35986700.00,3598.67,0.7000,'Cash','2019-05-13 15:15:58','2019-05-13 15:15:58'),(595,'NMC43727','NMC','2019-09-19',0,115560000.00,3600.00,0.7000,'Physical','2019-05-13 15:15:58','2019-05-13 15:15:58'),(596,'NMC43727','NMC','2019-09-19',0,45201000.00,3705.00,0.6500,'Cash','2019-05-13 15:15:58','2019-05-13 15:15:58'),(597,'NMC43727','NMC','2019-09-19',0,367593100.00,3750.95,0.6300,'Cash','2019-05-13 15:15:58','2019-05-13 15:15:58'),(598,'NMC43727','NMC','2019-09-19',0,103275900.00,3783.00,0.6100,'Cash','2019-05-13 15:15:58','2019-05-13 15:15:58'),(599,'NMC43727','NMC','2019-09-19',0,186960000.00,3800.00,0.6000,'Physical','2019-05-13 15:15:58','2019-05-13 15:15:58'),(600,'NMC43727','NMC','2019-09-19',0,3840750.00,3840.75,0.5800,'Cash','2019-05-13 15:15:58','2019-05-13 15:15:58'),(601,'NMC43727','NMC','2019-09-19',0,19280500.00,3856.10,0.5700,'Cash','2019-05-13 15:15:58','2019-05-13 15:15:58'),(602,'NMC43727','NMC','2019-09-19',0,14851350.00,3908.25,0.5400,'Cash','2019-05-13 15:15:58','2019-05-13 15:15:58'),(603,'NMC43727','NMC','2019-09-19',0,127142022.00,3948.51,0.5200,'Cash','2019-05-13 15:15:58','2019-05-13 15:15:58'),(604,'NMC43727','NMC','2019-09-19',0,322800000.00,4000.00,0.5000,'Physical','2019-05-13 15:15:58','2019-05-13 15:15:58'),(605,'NMC43727','NMC','2019-09-19',0,276104843.00,4294.01,0.3400,'Cash','2019-05-13 15:15:58','2019-05-13 15:15:58'),(606,'NMC43727','NMC','2019-09-19',0,300300000.00,4550.00,0.2200,'Physical','2019-05-13 15:15:58','2019-05-13 15:15:58'),(607,'NMC43818','NMC','2019-12-19',1,-31800000.00,2000.00,-0.0200,'Physical','2019-05-13 15:15:58','2019-05-13 15:15:58'),(608,'NMC43818','NMC','2019-12-19',1,-590310000.00,2100.00,-0.0300,'Physical','2019-05-13 15:15:58','2019-05-13 15:15:58'),(609,'NMC43818','NMC','2019-12-19',1,-420051800.00,2114.00,-0.0300,'Cash','2019-05-13 15:15:58','2019-05-13 15:15:58'),(610,'NMC43818','NMC','2019-12-19',1,-271630000.00,2300.00,-0.0400,'Physical','2019-05-13 15:15:58','2019-05-13 15:15:58'),(611,'NMC43818','NMC','2019-12-19',1,-79948800.00,2304.00,-0.0400,'Cash','2019-05-13 15:15:58','2019-05-13 15:15:58'),(612,'NMC43818','NMC','2019-12-19',1,-174660000.00,2328.80,-0.0500,'Physical','2019-05-13 15:15:58','2019-05-13 15:15:58'),(613,'NMC43818','NMC','2019-12-19',1,-79930400.00,2344.00,-0.0500,'Cash','2019-05-13 15:15:58','2019-05-13 15:15:58'),(614,'NMC43818','NMC','2019-12-19',1,-240046630.00,2434.55,-0.0600,'Cash','2019-05-13 15:15:58','2019-05-13 15:15:58'),(615,'NMC43818','NMC','2019-12-19',1,-82000000.00,2500.00,-0.0600,'Physical','2019-05-13 15:15:58','2019-05-13 15:15:58'),(616,'NMC43818','NMC','2019-12-19',1,-9899950.00,2605.25,-0.0800,'Cash','2019-05-13 15:15:58','2019-05-13 15:15:58'),(617,'NMC43818','NMC','2019-12-19',1,-29884400.00,2668.25,-0.0900,'Cash','2019-05-13 15:15:58','2019-05-13 15:15:58'),(618,'NMC43818','NMC','2019-12-19',1,-249720135.00,2765.45,-0.1000,'Physical','2019-05-13 15:15:58','2019-05-13 15:15:58'),(619,'NMC43818','NMC','2019-12-19',1,-536322150.00,2806.50,-0.1100,'Physical','2019-05-13 15:15:58','2019-05-13 15:15:58'),(620,'NMC43818','NMC','2019-12-19',1,-149100000.00,3000.00,-0.1500,'Physical','2019-05-13 15:15:58','2019-05-13 15:15:58'),(621,'NMC43818','NMC','2019-12-19',1,-300057548.00,3043.18,-0.1600,'Cash','2019-05-13 15:15:58','2019-05-13 15:15:58'),(622,'NMC43818','NMC','2019-12-19',1,-11647000.00,3065.00,-0.1600,'Cash','2019-05-13 15:15:58','2019-05-13 15:15:58'),(623,'NMC43818','NMC','2019-12-19',1,-35158144.00,3139.12,-0.1800,'Cash','2019-05-13 15:15:58','2019-05-13 15:15:58'),(624,'NMC43818','NMC','2019-12-19',1,-424000000.00,3200.00,-0.1900,'Physical','2019-05-13 15:15:58','2019-05-13 15:15:58'),(625,'NMC43818','NMC','2019-12-19',1,-108240000.00,3300.00,-0.2200,'Physical','2019-05-13 15:15:58','2019-05-13 15:15:58'),(626,'NMC43818','NMC','2019-12-19',0,276080000.00,3400.00,0.7500,'Physical','2019-05-13 15:15:58','2019-05-13 15:15:58'),(627,'NMC43818','NMC','2019-12-19',0,119923200.00,3456.00,0.7300,'Cash','2019-05-13 15:15:58','2019-05-13 15:15:58'),(628,'NMC43818','NMC','2019-12-19',0,260400000.00,3500.00,0.7200,'Physical','2019-05-13 15:15:58','2019-05-13 15:15:58'),(629,'NMC43818','NMC','2019-12-19',0,119895600.00,3516.00,0.7200,'Cash','2019-05-13 15:15:58','2019-05-13 15:15:58'),(630,'NMC43818','NMC','2019-12-19',0,261213738.00,3852.71,0.6000,'Physical','2019-05-13 15:15:58','2019-05-13 15:15:58'),(631,'NMC43818','NMC','2019-12-19',0,44105936.00,3938.03,0.5700,'Cash','2019-05-13 15:15:58','2019-05-13 15:15:58'),(632,'NMC43818','NMC','2019-12-19',0,390674892.00,3962.22,0.5700,'Cash','2019-05-13 15:15:58','2019-05-13 15:15:58'),(633,'NMC43818','NMC','2019-12-19',0,594400000.00,4000.00,0.5500,'Physical','2019-05-13 15:15:58','2019-05-13 15:15:58'),(634,'NMC43818','NMC','2019-12-19',0,15315824.00,4030.48,0.5400,'Cash','2019-05-13 15:15:58','2019-05-13 15:15:58'),(635,'NMC43818','NMC','2019-12-19',0,810099900.00,4077.00,0.5300,'Cash','2019-05-13 15:15:58','2019-05-13 15:15:58'),(636,'NMC43818','NMC','2019-12-19',0,787979829.00,4123.39,0.5100,'Cash','2019-05-13 15:15:58','2019-05-13 15:15:58'),(637,'NMC43818','NMC','2019-12-19',0,1521660000.00,4200.00,0.4800,'Physical','2019-05-13 15:15:58','2019-05-13 15:15:58'),(638,'NMC43818','NMC','2019-12-19',0,825110559.00,4317.69,0.4400,'Physical','2019-05-13 15:15:58','2019-05-13 15:15:58'),(639,'NMC43909','NMC','2020-03-19',1,-138810000.00,2100.00,-0.0400,'Physical','2019-05-13 15:15:58','2019-05-13 15:15:58'),(640,'NMC43909','NMC','2020-03-19',1,-1080803673.00,2134.71,-0.0400,'Cash','2019-05-13 15:15:58','2019-05-13 15:15:58'),(641,'NMC43909','NMC','2020-03-19',1,-44026164.00,2419.02,-0.0700,'Cash','2019-05-13 15:15:58','2019-05-13 15:15:58'),(642,'NMC43909','NMC','2020-03-19',1,-250554109.00,2439.67,-0.0800,'Cash','2019-05-13 15:15:58','2019-05-13 15:15:58'),(643,'NMC43909','NMC','2020-03-19',1,-1389606169.00,2744.63,-0.1200,'Cash','2019-05-13 15:15:58','2019-05-13 15:15:58'),(644,'NMC43909','NMC','2020-03-19',1,-55032614.00,3023.77,-0.1700,'Cash','2019-05-13 15:15:58','2019-05-13 15:15:58'),(645,'NMC43909','NMC','2020-03-19',1,-313192893.00,3049.59,-0.1700,'Cash','2019-05-13 15:15:58','2019-05-13 15:15:58'),(646,'NMC43909','NMC','2020-03-19',0,190800000.00,4000.00,0.5800,'Physical','2019-05-13 15:15:58','2019-05-13 15:15:58'),(647,'NMC43909','NMC','2020-03-19',0,72978906.00,4009.83,0.5800,'Cash','2019-05-13 15:15:58','2019-05-13 15:15:58'),(648,'NMC43909','NMC','2020-03-19',0,420460989.00,4094.07,0.5600,'Cash','2019-05-13 15:15:58','2019-05-13 15:15:58'),(649,'NMC43909','NMC','2020-03-19',0,2191099321.00,4327.67,0.4900,'Cash','2019-05-13 15:15:58','2019-05-13 15:15:58'),(650,'NMC44000','NMC','2020-06-18',0,352000000.00,4400.00,0.5000,'Physical','2019-05-13 15:15:58','2019-05-13 15:15:58'),(651,'NMC44273','NMC','2021-03-18',0,116100000.00,2700.00,0.8800,'Physical','2019-05-13 15:15:58','2019-05-13 15:15:58'),(652,'NMCX43850','NMCX','2020-01-20',1,-228769248.00,2296.88,-0.0300,'Cash','2019-05-13 15:15:58','2019-05-13 15:15:58'),(653,'NMCX43850','NMCX','2020-01-20',1,-274522500.00,2756.25,-0.0800,'Cash','2019-05-13 15:15:58','2019-05-13 15:15:58'),(654,'NMCX43850','NMCX','2020-01-20',0,454487748.00,4563.13,0.3300,'Cash','2019-05-13 15:15:58','2019-05-13 15:15:58'),(655,'NNS43636','NNS','2019-06-20',0,35000000.00,3500.00,0.7600,'Cash','2019-05-13 15:15:58','2019-05-13 15:15:58'),(656,'NNS43727','NNS','2019-09-19',1,-240500000.00,1850.00,0.0000,'Cash','2019-05-13 15:15:58','2019-05-13 15:15:58'),(657,'NNS43727','NNS','2019-09-19',0,116100000.00,2700.00,0.9500,'Cash','2019-05-13 15:15:58','2019-05-13 15:15:58'),(658,'NNS44273','NNS','2021-03-18',1,-160000000.00,8000.00,-0.9700,'Cash','2019-05-13 15:15:58','2019-05-13 15:15:58'),(659,'NNS44273','NNS','2021-03-18',1,-170000000.00,8500.00,-0.9900,'Cash','2019-05-13 15:15:58','2019-05-13 15:15:58'),(660,'NPN43636','NPN','2019-06-20',1,-105102400.00,2608.00,0.0000,'Cash','2019-05-13 15:15:58','2019-05-13 15:15:58'),(661,'NPN43636','NPN','2019-06-20',1,-57745786.00,2844.62,-0.0100,'Cash','2019-05-13 15:15:58','2019-05-13 15:15:58'),(662,'NPN43636','NPN','2019-06-20',1,-6580668.00,2861.16,-0.0100,'Cash','2019-05-13 15:15:58','2019-05-13 15:15:58'),(663,'NPN43636','NPN','2019-06-20',1,-27016965.00,2905.05,-0.0100,'Cash','2019-05-13 15:15:58','2019-05-13 15:15:58'),(664,'NPN43636','NPN','2019-06-20',1,-16154710.00,2937.22,-0.0200,'Cash','2019-05-13 15:15:58','2019-05-13 15:15:58'),(665,'NPN43636','NPN','2019-06-20',0,12000000.00,3000.00,0.9800,'Physical','2019-05-13 15:15:58','2019-05-13 15:15:58'),(666,'NPN43636','NPN','2019-06-20',1,-2721546.00,3023.94,-0.0300,'Physical','2019-05-13 15:15:58','2019-05-13 15:15:58'),(667,'NPN43636','NPN','2019-06-20',1,-9398580.00,3031.80,-0.0300,'Cash','2019-05-13 15:15:58','2019-05-13 15:15:58'),(668,'NPN43636','NPN','2019-06-20',1,-48360000.00,3100.00,-0.0400,'Physical','2019-05-13 15:15:58','2019-05-13 15:15:58'),(669,'NPN43636','NPN','2019-06-20',1,-84588300.00,3132.90,-0.0500,'Physical','2019-05-13 15:15:58','2019-05-13 15:15:58'),(670,'NPN43636','NPN','2019-06-20',1,-64162007.00,3160.69,-0.0600,'Cash','2019-05-13 15:15:58','2019-05-13 15:15:58'),(671,'NPN43636','NPN','2019-06-20',1,-7311861.00,3179.07,-0.0600,'Cash','2019-05-13 15:15:58','2019-05-13 15:15:58'),(672,'NPN43636','NPN','2019-06-20',1,-2870613.00,3189.57,-0.0600,'Physical','2019-05-13 15:15:58','2019-05-13 15:15:58'),(673,'NPN43636','NPN','2019-06-20',1,-1595965.00,3191.93,-0.0700,'Physical','2019-05-13 15:15:58','2019-05-13 15:15:58'),(674,'NPN43636','NPN','2019-06-20',1,-138654320.00,3194.80,-0.0700,'Cash','2019-05-13 15:15:58','2019-05-13 15:15:58'),(675,'NPN43636','NPN','2019-06-20',1,-30018819.00,3227.83,-0.0800,'Cash','2019-05-13 15:15:58','2019-05-13 15:15:58'),(676,'NPN43636','NPN','2019-06-20',1,-17949690.00,3263.58,-0.0900,'Cash','2019-05-13 15:15:58','2019-05-13 15:15:58'),(677,'NPN43636','NPN','2019-06-20',1,-1647785.00,3295.57,-0.1100,'Physical','2019-05-13 15:15:58','2019-05-13 15:15:58'),(678,'NPN43636','NPN','2019-06-20',0,134640000.00,3400.00,0.8300,'Physical','2019-05-13 15:15:58','2019-05-13 15:15:58'),(679,'NPN43636','NPN','2019-06-20',1,-13600000.00,3400.00,-0.1700,'Physical','2019-05-13 15:15:58','2019-05-13 15:15:58'),(680,'NPN43636','NPN','2019-06-20',0,3489250.00,3489.25,0.7600,'Physical','2019-05-13 15:15:58','2019-05-13 15:15:58'),(681,'NPN43636','NPN','2019-06-20',0,124960000.00,3550.00,0.7100,'Physical','2019-05-13 15:15:58','2019-05-13 15:15:58'),(682,'NPN43636','NPN','2019-06-20',0,72079616.00,3550.72,0.7100,'Cash','2019-05-13 15:15:58','2019-05-13 15:15:58'),(683,'NPN43636','NPN','2019-06-20',0,8194394.00,3562.78,0.7000,'Cash','2019-05-13 15:15:58','2019-05-13 15:15:58'),(684,'NPN43636','NPN','2019-06-20',0,33320877.00,3582.89,0.6800,'Cash','2019-05-13 15:15:58','2019-05-13 15:15:58'),(685,'NPN43636','NPN','2019-06-20',1,-97200000.00,3600.00,-0.3400,'Physical','2019-05-13 15:15:58','2019-05-13 15:15:58'),(686,'NPN43636','NPN','2019-06-20',0,19848785.00,3608.87,0.6500,'Cash','2019-05-13 15:15:58','2019-05-13 15:15:58'),(687,'NPN43636','NPN','2019-06-20',0,1474292.00,3685.73,0.5700,'Physical','2019-05-13 15:15:58','2019-05-13 15:15:58'),(688,'NPN43636','NPN','2019-06-20',0,116920000.00,3700.00,0.5500,'Physical','2019-05-13 15:15:58','2019-05-13 15:15:58'),(689,'NPN43636','NPN','2019-06-20',0,11791687.00,3803.77,0.4400,'Cash','2019-05-13 15:15:58','2019-05-13 15:15:58'),(690,'NPN43636','NPN','2019-06-20',0,3815920.00,3815.92,0.4300,'Physical','2019-05-13 15:15:58','2019-05-13 15:15:58'),(691,'NPN43636','NPN','2019-06-20',0,103385700.00,3829.10,0.4100,'Physical','2019-05-13 15:15:58','2019-05-13 15:15:58'),(692,'NPN43636','NPN','2019-06-20',0,155026040.00,3846.80,0.3900,'Cash','2019-05-13 15:15:58','2019-05-13 15:15:58'),(693,'NPN43727','NPN','2019-09-19',1,-2900000.00,2900.00,-0.0800,'Cash','2019-05-13 15:15:58','2019-05-13 15:15:58'),(694,'NPN43727','NPN','2019-09-19',1,-360116589.00,2906.51,-0.0800,'Cash','2019-05-13 15:15:58','2019-05-13 15:15:58'),(695,'NPN43727','NPN','2019-09-19',1,-86800000.00,3100.00,-0.1300,'Physical','2019-05-13 15:15:58','2019-05-13 15:15:58'),(696,'NPN43727','NPN','2019-09-19',1,-400128855.00,3229.45,-0.1700,'Cash','2019-05-13 15:15:58','2019-05-13 15:15:58'),(697,'NPN43727','NPN','2019-09-19',1,-3400000.00,3400.00,-0.2500,'Cash','2019-05-13 15:15:58','2019-05-13 15:15:58'),(698,'NPN43727','NPN','2019-09-19',1,-58497000.00,3441.00,-0.2700,'Cash','2019-05-13 15:15:58','2019-05-13 15:15:58'),(699,'NPN43727','NPN','2019-09-19',1,-431200000.00,3500.00,-0.3000,'Physical','2019-05-13 15:15:58','2019-05-13 15:15:58'),(700,'NPN43727','NPN','2019-09-19',1,-50055000.00,3550.00,-0.3200,'Physical','2019-05-13 15:15:58','2019-05-13 15:15:58'),(701,'NPN43727','NPN','2019-09-19',1,-61642000.00,3626.00,-0.3700,'Cash','2019-05-13 15:15:58','2019-05-13 15:15:58'),(702,'NPN43727','NPN','2019-09-19',0,480554823.00,3878.57,0.4800,'Cash','2019-05-13 15:15:58','2019-05-13 15:15:58'),(703,'NPN43727','NPN','2019-09-19',0,114800000.00,4000.00,0.4100,'Physical','2019-05-13 15:15:58','2019-05-13 15:15:58'),(704,'NPN43727','NPN','2019-09-19',0,73876050.00,4345.65,0.2200,'Cash','2019-05-13 15:15:58','2019-05-13 15:15:58'),(705,'NPN43818','NPN','2019-12-19',1,-8041020.00,2680.34,-0.0800,'Cash','2019-05-13 15:15:58','2019-05-13 15:15:58'),(706,'NPN43818','NPN','2019-12-19',1,-116370000.00,2700.00,-0.0800,'Physical','2019-05-13 15:15:58','2019-05-13 15:15:58'),(707,'NPN43818','NPN','2019-12-19',1,-491145030.00,2763.90,-0.0900,'Cash','2019-05-13 15:15:58','2019-05-13 15:15:58'),(708,'NPN43818','NPN','2019-12-19',1,-9548730.00,3182.91,-0.1900,'Cash','2019-05-13 15:15:58','2019-05-13 15:15:58'),(709,'NPN43818','NPN','2019-12-19',1,-75900000.00,3300.00,-0.2300,'Physical','2019-05-13 15:15:58','2019-05-13 15:15:58'),(710,'NPN43818','NPN','2019-12-19',1,-100450000.00,3500.00,-0.3000,'Physical','2019-05-13 15:15:58','2019-05-13 15:15:58'),(711,'NPN43818','NPN','2019-12-19',0,709431710.00,3992.30,0.4900,'Cash','2019-05-13 15:15:58','2019-05-13 15:15:58'),(712,'NPN43818','NPN','2019-12-19',0,227200000.00,4000.00,0.4800,'Physical','2019-05-13 15:15:58','2019-05-13 15:15:58'),(713,'NPN43818','NPN','2019-12-19',0,12209310.00,4069.77,0.4500,'Cash','2019-05-13 15:15:58','2019-05-13 15:15:58'),(714,'NPN43909','NPN','2020-03-19',1,-70319476.00,2218.28,-0.0400,'Cash','2019-05-13 15:15:58','2019-05-13 15:15:58'),(715,'NPN43909','NPN','2020-03-19',1,-38160000.00,2400.00,-0.0500,'Physical','2019-05-13 15:15:58','2019-05-13 15:15:58'),(716,'NPN43909','NPN','2020-03-19',1,-180024300.00,2839.50,-0.1200,'Cash','2019-05-13 15:15:58','2019-05-13 15:15:58'),(717,'NPN43909','NPN','2020-03-19',1,-860140000.00,2900.00,-0.1300,'Physical','2019-05-13 15:15:58','2019-05-13 15:15:58'),(718,'NPN43909','NPN','2020-03-19',1,-626850000.00,3500.00,-0.2900,'Physical','2019-05-13 15:15:58','2019-05-13 15:15:58'),(719,'NPN43909','NPN','2020-03-19',0,130367518.00,4112.54,0.4800,'Cash','2019-05-13 15:15:58','2019-05-13 15:15:58'),(720,'NPN43909','NPN','2020-03-19',0,140018900.00,4417.00,0.3600,'Cash','2019-05-13 15:15:58','2019-05-13 15:15:58'),(721,'NPN44000','NPN','2020-06-18',1,-36240000.00,2400.00,-0.0700,'Physical','2019-05-13 15:15:58','2019-05-13 15:15:58'),(722,'NPN44091','NPN','2020-09-17',0,393420000.00,3950.00,0.6000,'Physical','2019-05-13 15:15:58','2019-05-13 15:15:58'),(723,'NPNX43584','NPNX','2019-04-29',0,58728370.00,3454.61,0.9900,'Cash','2019-05-13 15:15:58','2019-05-13 15:15:58'),(724,'NTC43636','NTC','2019-06-20',0,15397529.00,27.53,0.1600,'Cash','2019-05-13 15:15:58','2019-05-13 15:15:58'),(725,'NTCX43584','NTCX','2019-04-29',0,8313.00,24.12,0.4500,'Cash','2019-05-13 15:15:58','2019-05-13 15:15:58'),(726,'NXD43636','NXD','2019-06-20',1,-42508500.00,255.00,-0.3200,'Physical','2019-05-13 15:15:58','2019-05-13 15:15:58'),(727,'NXD43636','NXD','2019-06-20',1,-47342800.00,284.00,-0.6400,'Physical','2019-05-13 15:15:58','2019-05-13 15:15:58'),(728,'NXD43636','NXD','2019-06-20',0,52510500.00,315.00,0.1000,'Physical','2019-05-13 15:15:58','2019-05-13 15:15:58'),(729,'PIK43636','PIK','2019-06-20',0,26332500.00,75.00,0.2000,'Physical','2019-05-13 15:15:58','2019-05-13 15:15:58'),(730,'PIK43727','PIK','2019-09-19',1,-8218170.00,57.15,-0.1600,'Cash','2019-05-13 15:15:58','2019-05-13 15:15:58'),(731,'PIK43727','PIK','2019-09-19',1,-33337600.00,64.00,-0.3100,'Physical','2019-05-13 15:15:58','2019-05-13 15:15:58'),(732,'PIK43727','PIK','2019-09-19',1,-9378636.00,65.22,-0.3500,'Cash','2019-05-13 15:15:58','2019-05-13 15:15:58'),(733,'PIK43727','PIK','2019-09-19',1,-36463000.00,70.00,-0.4900,'Physical','2019-05-13 15:15:58','2019-05-13 15:15:58'),(734,'PIK43727','PIK','2019-09-19',0,11071162.00,76.99,0.3000,'Cash','2019-05-13 15:15:58','2019-05-13 15:15:58'),(735,'PIK43727','PIK','2019-09-19',0,41151100.00,79.00,0.2400,'Physical','2019-05-13 15:15:58','2019-05-13 15:15:58'),(736,'PSG43818','PSG','2019-12-19',1,-6315000.00,150.00,-0.0100,'Cash','2019-05-13 15:15:58','2019-05-13 15:15:58'),(737,'RDF43818','RDF','2019-12-19',1,-49310000.00,10.00,-0.6100,'Physical','2019-05-13 15:15:58','2019-05-13 15:15:58'),(738,'REM43636','REM','2019-06-20',1,-12295920.00,168.90,-0.0800,'Cash','2019-05-13 15:15:58','2019-05-13 15:15:58'),(739,'REM43636','REM','2019-06-20',0,14995344.00,205.98,0.3900,'Cash','2019-05-13 15:15:58','2019-05-13 15:15:58'),(740,'REM43636','REM','2019-06-20',1,-14995344.00,205.98,-0.6100,'Cash','2019-05-13 15:15:58','2019-05-13 15:15:58'),(741,'RESI43636','RESI','2019-06-20',1,-223.00,43800.00,-0.2300,'Cash','2019-05-13 15:15:58','2019-05-13 15:15:58'),(742,'RMHX43584','RMHX','2019-04-29',0,2962.00,75.85,1.0000,'Cash','2019-05-13 15:15:58','2019-05-13 15:15:58'),(743,'RNI43636','RNI','2019-06-20',0,11000000.00,220.00,0.7600,'Physical','2019-05-13 15:15:58','2019-05-13 15:15:58'),(744,'RNI43636','RNI','2019-06-20',1,-16450000.00,235.00,-0.4500,'Physical','2019-05-13 15:15:58','2019-05-13 15:15:58'),(745,'S3243727','S32','2019-09-19',1,-12605837.00,30.53,-0.2400,'Cash','2019-05-13 15:15:58','2019-05-13 15:15:58'),(746,'S3243727','S32','2019-09-19',0,14707498.00,35.62,0.5000,'Cash','2019-05-13 15:15:58','2019-05-13 15:15:58'),(747,'S3243727','S32','2019-09-19',0,17523476.00,42.44,0.1600,'Cash','2019-05-13 15:15:58','2019-05-13 15:15:58'),(748,'SBK43636','SBK','2019-06-20',0,232051050.00,166.50,0.9200,'Physical','2019-05-13 15:15:58','2019-05-13 15:15:58'),(749,'SBK43636','SBK','2019-06-20',1,-255391000.00,170.00,-0.1000,'Physical','2019-05-13 15:15:58','2019-05-13 15:15:58'),(750,'SBK43636','SBK','2019-06-20',1,-49086000.00,180.00,-0.2000,'Physical','2019-05-13 15:15:58','2019-05-13 15:15:58'),(751,'SBK43636','SBK','2019-06-20',1,-283934700.00,189.00,-0.3200,'Physical','2019-05-13 15:15:58','2019-05-13 15:15:58'),(752,'SBK43636','SBK','2019-06-20',1,-75543000.00,195.00,-0.4100,'Physical','2019-05-13 15:15:58','2019-05-13 15:15:58'),(753,'SBK43636','SBK','2019-06-20',0,51880000.00,200.00,0.5100,'Physical','2019-05-13 15:15:58','2019-05-13 15:15:58'),(754,'SBK43636','SBK','2019-06-20',0,31369800.00,203.70,0.4500,'Cash','2019-05-13 15:15:58','2019-05-13 15:15:58'),(755,'SBK43636','SBK','2019-06-20',0,210248000.00,205.00,0.4200,'Physical','2019-05-13 15:15:58','2019-05-13 15:15:58'),(756,'SBK43636','SBK','2019-06-20',0,316985300.00,211.00,0.3300,'Physical','2019-05-13 15:15:58','2019-05-13 15:15:58'),(757,'SBK43636','SBK','2019-06-20',0,38270540.00,248.51,0.0200,'Cash','2019-05-13 15:15:58','2019-05-13 15:15:58'),(758,'SBK43727','SBK','2019-09-19',0,51433000.00,190.00,0.6300,'Physical','2019-05-13 15:15:58','2019-05-13 15:15:58'),(759,'SBKX43584','SBKX','2019-04-29',0,22287915.00,181.35,1.0000,'Cash','2019-05-13 15:15:58','2019-05-13 15:15:58'),(760,'SGL43818','SGL','2019-12-19',1,-1035000.00,10.35,-0.0700,'Cash','2019-05-13 15:15:58','2019-05-13 15:15:58'),(761,'SGL43818','SGL','2019-12-19',0,1806250.00,14.45,0.6000,'Cash','2019-05-13 15:15:58','2019-05-13 15:15:58'),(762,'SHP43636','SHP','2019-06-20',0,99598000.00,190.00,0.3000,'Physical','2019-05-13 15:15:58','2019-05-13 15:15:58'),(763,'SHP43636','SHP','2019-06-20',0,115324000.00,220.00,0.0300,'Physical','2019-05-13 15:15:58','2019-05-13 15:15:58'),(764,'SHP43727','SHP','2019-09-19',1,-16465134.00,166.82,-0.3500,'Cash','2019-05-13 15:15:58','2019-05-13 15:15:58'),(765,'SHP43727','SHP','2019-09-19',1,-47481000.00,170.00,-0.3800,'Physical','2019-05-13 15:15:58','2019-05-13 15:15:58'),(766,'SHP43727','SHP','2019-09-19',0,21038892.00,213.16,0.1900,'Cash','2019-05-13 15:15:58','2019-05-13 15:15:58'),(767,'SHP43818','SHP','2019-12-19',1,-44047000.00,170.00,-0.3600,'Physical','2019-05-13 15:15:58','2019-05-13 15:15:58'),(768,'SHP43818','SHP','2019-12-19',1,-141372000.00,180.00,-0.4500,'Physical','2019-05-13 15:15:58','2019-05-13 15:15:58'),(769,'SHP43818','SHP','2019-12-19',0,54411000.00,210.00,0.2900,'Physical','2019-05-13 15:15:58','2019-05-13 15:15:58'),(770,'SHP43818','SHP','2019-12-19',0,172788000.00,220.00,0.2200,'Physical','2019-05-13 15:15:58','2019-05-13 15:15:58'),(771,'SLM43636','SLM','2019-06-20',1,-12602574.00,63.94,-0.0700,'Cash','2019-05-13 15:15:58','2019-05-13 15:15:58'),(772,'SLM43636','SLM','2019-06-20',1,-246920000.00,80.00,-0.5400,'Physical','2019-05-13 15:15:58','2019-05-13 15:15:58'),(773,'SLM43818','SLM','2019-12-19',1,-161997462.00,65.34,-0.1800,'Cash','2019-05-13 15:15:58','2019-05-13 15:15:58'),(774,'SLM43818','SLM','2019-12-19',0,215996616.00,87.12,0.4300,'Cash','2019-05-13 15:15:58','2019-05-13 15:15:58'),(775,'SLMX43584','SLMX','2019-04-29',0,3019.00,72.36,0.9900,'Cash','2019-05-13 15:15:58','2019-05-13 15:15:58'),(776,'SOL43636','SOL','2019-06-20',1,-1800000.00,360.00,-0.0100,'Cash','2019-05-13 15:15:58','2019-05-13 15:15:58'),(777,'SOL43636','SOL','2019-06-20',1,-3904500.00,390.45,-0.0300,'Physical','2019-05-13 15:15:58','2019-05-13 15:15:58'),(778,'SOL43636','SOL','2019-06-20',1,-48720000.00,400.00,-0.0400,'Physical','2019-05-13 15:15:58','2019-05-13 15:15:58'),(779,'SOL43636','SOL','2019-06-20',1,-2822400.00,403.20,-0.0400,'Physical','2019-05-13 15:15:58','2019-05-13 15:15:58'),(780,'SOL43636','SOL','2019-06-20',1,-1489600.00,425.60,-0.1100,'Physical','2019-05-13 15:15:58','2019-05-13 15:15:58'),(781,'SOL43636','SOL','2019-06-20',1,-3283350.00,437.78,-0.1600,'Physical','2019-05-13 15:15:58','2019-05-13 15:15:58'),(782,'SOL43636','SOL','2019-06-20',1,-2225000.00,445.00,-0.1900,'Cash','2019-05-13 15:15:58','2019-05-13 15:15:58'),(783,'SOL43636','SOL','2019-06-20',0,179999768.00,487.54,0.5000,'Cash','2019-05-13 15:15:58','2019-05-13 15:15:58'),(784,'SOL43636','SOL','2019-06-20',0,3201055.00,492.47,0.4600,'Physical','2019-05-13 15:15:58','2019-05-13 15:15:58'),(785,'SOL43636','SOL','2019-06-20',0,1767955.00,505.13,0.3500,'Physical','2019-05-13 15:15:58','2019-05-13 15:15:58'),(786,'SOL43636','SOL','2019-06-20',0,2650000.00,530.00,0.1800,'Cash','2019-05-13 15:15:58','2019-05-13 15:15:58'),(787,'SOL43727','SOL','2019-09-19',0,51040000.00,400.00,0.8400,'Physical','2019-05-13 15:15:58','2019-05-13 15:15:58'),(788,'SOL43727','SOL','2019-09-19',0,61248000.00,480.00,0.5600,'Physical','2019-05-13 15:15:58','2019-05-13 15:15:58'),(789,'SOL43818','SOL','2019-12-19',1,-49496040.00,426.69,-0.2400,'Cash','2019-05-13 15:15:58','2019-05-13 15:15:58'),(790,'SOL43818','SOL','2019-12-19',0,63245520.00,545.22,0.3600,'Cash','2019-05-13 15:15:58','2019-05-13 15:15:58'),(791,'SOL43909','SOL','2020-03-19',1,-201024000.00,320.00,-0.0800,'Physical','2019-05-13 15:15:58','2019-05-13 15:15:58'),(792,'SOL43909','SOL','2020-03-19',0,351760000.00,400.00,0.8000,'Physical','2019-05-13 15:15:58','2019-05-13 15:15:58'),(793,'SOL43909','SOL','2020-03-19',1,-86840000.00,400.00,-0.2000,'Physical','2019-05-13 15:15:58','2019-05-13 15:15:58'),(794,'SOL43909','SOL','2020-03-19',0,310959000.00,495.00,0.5600,'Physical','2019-05-13 15:15:58','2019-05-13 15:15:58'),(795,'SOLX43584','SOLX','2019-04-29',0,20915307.00,474.27,0.6700,'Cash','2019-05-13 15:15:58','2019-05-13 15:15:58'),(796,'TFG43636','TFG','2019-06-20',0,26044200.00,189.00,0.5000,'Cash','2019-05-13 15:15:58','2019-05-13 15:15:58'),(797,'TFG43636','TFG','2019-06-20',0,31762900.00,230.50,0.0700,'Cash','2019-05-13 15:15:58','2019-05-13 15:15:58'),(798,'TFG43727','TFG','2019-09-19',1,-122336000.00,160.00,-0.2400,'Physical','2019-05-13 15:15:58','2019-05-13 15:15:58'),(799,'TFGX43584','TFGX','2019-04-29',0,20795592.00,165.57,1.0000,'Cash','2019-05-13 15:15:58','2019-05-13 15:15:58'),(800,'TKG43636','TKG','2019-06-20',1,-13721472.00,66.48,-0.0400,'Cash','2019-05-13 15:15:58','2019-05-13 15:15:58'),(801,'TKG43636','TKG','2019-06-20',0,15612096.00,75.64,0.7900,'Cash','2019-05-13 15:15:58','2019-05-13 15:15:58'),(802,'VOD43636','VOD','2019-06-20',1,-12302994.00,98.11,-0.0500,'Cash','2019-05-13 15:15:58','2019-05-13 15:15:58'),(803,'VOD43636','VOD','2019-06-20',0,15004110.00,119.65,0.5200,'Cash','2019-05-13 15:15:58','2019-05-13 15:15:58'),(804,'VOD43636','VOD','2019-06-20',1,-15004110.00,119.65,-0.4800,'Cash','2019-05-13 15:15:58','2019-05-13 15:15:58'),(805,'WHL43727','WHL','2019-09-19',0,111610000.00,50.00,0.4300,'Physical','2019-05-13 15:15:58','2019-05-13 15:15:58'),(806,'WHLX43584','WHLX','2019-04-29',0,4517.00,46.06,0.9100,'Cash','2019-05-13 15:15:58','2019-05-13 15:15:58'),(807,'YMEZ43637','YMEZ','2019-06-21',1,-5381.00,256.48,-0.0200,'Cash','2019-05-13 15:15:58','2019-05-13 15:15:58'),(808,'YMEZ43637','YMEZ','2019-06-21',1,-5381.00,275.99,-0.1800,'Cash','2019-05-13 15:15:58','2019-05-13 15:15:58'),(809,'YMEZ43678','YMEZ','2019-08-01',1,-8887.00,239.13,-0.0100,'Cash','2019-05-13 15:15:58','2019-05-13 15:15:58'),(810,'YMEZ43678','YMEZ','2019-08-01',1,-8887.00,253.20,-0.0400,'Cash','2019-05-13 15:15:58','2019-05-13 15:15:58'),(811,'YMEZ43678','YMEZ','2019-08-01',1,-8887.00,267.26,-0.1200,'Cash','2019-05-13 15:15:58','2019-05-13 15:15:58'),(812,'YMEZ43678','YMEZ','2019-08-01',0,8887.00,303.84,0.3100,'Cash','2019-05-13 15:15:58','2019-05-13 15:15:58'),(813,'YMEZ43678','YMEZ','2019-08-01',0,8887.00,304.68,0.3000,'Cash','2019-05-13 15:15:58','2019-05-13 15:15:58'),(814,'YMEZ43710','YMEZ','2019-09-02',1,-4203.00,217.73,-0.0100,'Cash','2019-05-13 15:15:58','2019-05-13 15:15:58'),(815,'YMEZ43710','YMEZ','2019-09-02',1,-4203.00,246.76,-0.0500,'Cash','2019-05-13 15:15:58','2019-05-13 15:15:58'),(816,'YMEZ43710','YMEZ','2019-09-02',1,-4203.00,261.27,-0.1200,'Cash','2019-05-13 15:15:58','2019-05-13 15:15:58'),(817,'YMEZ43710','YMEZ','2019-09-02',1,-4203.00,275.79,-0.2500,'Cash','2019-05-13 15:15:58','2019-05-13 15:15:58'),(818,'YMEZ43710','YMEZ','2019-09-02',0,4203.00,314.39,0.2200,'Cash','2019-05-13 15:15:58','2019-05-13 15:15:58'),(819,'YMEZ43710','YMEZ','2019-09-02',0,4203.00,315.56,0.2100,'Cash','2019-05-13 15:15:58','2019-05-13 15:15:58'),(820,'YOD43630','YOD','2019-06-14',1,-1109776404.00,76.01,-0.0300,'Physical','2019-05-13 15:15:58','2019-05-13 15:15:58'),(821,'YOD43630','YOD','2019-06-14',0,1417990848.00,97.12,0.2900,'Physical','2019-05-13 15:15:58','2019-05-13 15:15:58'),(822,'YOE43630','YOE','2019-06-14',1,-95003572.00,306.76,-0.1100,'Physical','2019-05-13 15:15:58','2019-05-13 15:15:58');
/*!40000 ALTER TABLE `open_interests` ENABLE KEYS */;
UNLOCK TABLES;

--
-- Table structure for table `organisation_slack_intergration`
--

DROP TABLE IF EXISTS `organisation_slack_intergration`;
/*!40101 SET @saved_cs_client     = @@character_set_client */;
/*!40101 SET character_set_client = utf8 */;
CREATE TABLE `organisation_slack_intergration` (
  `id` int(10) unsigned NOT NULL AUTO_INCREMENT,
  `organisation_id` int(10) unsigned NOT NULL,
  `slack_integration_id` int(10) unsigned NOT NULL,
  `created_at` timestamp NULL DEFAULT NULL,
  `updated_at` timestamp NULL DEFAULT NULL,
  PRIMARY KEY (`id`),
  KEY `organisation_slack_intergration_organisation_id_foreign` (`organisation_id`),
  KEY `organisation_slack_intergration_slack_integration_id_foreign` (`slack_integration_id`),
  CONSTRAINT `organisation_slack_intergration_organisation_id_foreign` FOREIGN KEY (`organisation_id`) REFERENCES `organisations` (`id`),
  CONSTRAINT `organisation_slack_intergration_slack_integration_id_foreign` FOREIGN KEY (`slack_integration_id`) REFERENCES `slack_integrations` (`id`)
) ENGINE=InnoDB AUTO_INCREMENT=19 DEFAULT CHARSET=utf8mb4 COLLATE=utf8mb4_unicode_ci;
/*!40101 SET character_set_client = @saved_cs_client */;

--
-- Dumping data for table `organisation_slack_intergration`
--

LOCK TABLES `organisation_slack_intergration` WRITE;
/*!40000 ALTER TABLE `organisation_slack_intergration` DISABLE KEYS */;
INSERT INTO `organisation_slack_intergration` VALUES (1,5,1,NULL,NULL),(2,2,2,NULL,NULL),(3,1,3,NULL,NULL),(4,6,4,NULL,NULL),(5,4,5,NULL,NULL),(6,3,6,NULL,NULL),(7,7,7,NULL,NULL),(8,8,8,NULL,NULL),(9,9,9,NULL,NULL),(10,10,10,NULL,NULL),(11,11,11,NULL,NULL),(12,12,12,NULL,NULL),(13,13,13,NULL,NULL),(14,14,14,NULL,NULL),(15,16,15,NULL,NULL),(16,15,16,NULL,NULL),(17,17,17,NULL,NULL),(18,18,18,NULL,NULL);
/*!40000 ALTER TABLE `organisation_slack_intergration` ENABLE KEYS */;
UNLOCK TABLES;

--
-- Table structure for table `organisations`
--

DROP TABLE IF EXISTS `organisations`;
/*!40101 SET @saved_cs_client     = @@character_set_client */;
/*!40101 SET character_set_client = utf8 */;
CREATE TABLE `organisations` (
  `id` int(10) unsigned NOT NULL AUTO_INCREMENT,
  `title` varchar(255) COLLATE utf8mb4_unicode_ci NOT NULL,
  `verified` tinyint(1) NOT NULL,
  `description` text COLLATE utf8mb4_unicode_ci,
  `created_at` timestamp NULL DEFAULT NULL,
  `updated_at` timestamp NULL DEFAULT NULL,
  PRIMARY KEY (`id`)
) ENGINE=InnoDB AUTO_INCREMENT=19 DEFAULT CHARSET=utf8mb4 COLLATE=utf8mb4_unicode_ci;
/*!40101 SET character_set_client = @saved_cs_client */;

--
-- Dumping data for table `organisations`
--

LOCK TABLES `organisations` WRITE;
/*!40000 ALTER TABLE `organisations` DISABLE KEYS */;
INSERT INTO `organisations` VALUES (1,'Organisation 1',1,'Switchable zeroadministration framework','2019-02-06 16:55:40','2019-02-06 16:56:23'),(2,'Organisation 2',1,'Fundamental national support','2019-02-06 16:55:40','2019-02-06 16:56:21'),(3,'Organisation 3',1,'Synergized web-enabled throughput','2019-02-06 16:55:40','2019-02-06 16:56:31'),(4,'Organisation 4',1,'Self-enabling even-keeled help-desk','2019-02-06 16:55:40','2019-02-06 16:56:27'),(5,'Organisation 5',1,'Phased non-volatile contingency','2019-02-06 16:55:40','2019-02-06 16:56:18'),(6,'Organisation 6',1,'Reduced systematic knowledgebase','2019-02-06 16:55:40','2019-02-06 16:56:25'),(7,'Organisation 7',1,'Decentralized directional support','2019-02-06 16:55:40','2019-02-06 16:56:33'),(8,'Tusk Bank',1,NULL,'2019-02-10 12:20:06','2019-02-10 12:22:02'),(9,'Rare Woods',1,NULL,'2019-02-14 11:02:46','2019-02-14 11:06:36'),(10,'Investec',1,NULL,'2019-02-18 10:22:30','2019-02-20 17:32:29'),(11,'Wade1',1,NULL,'2019-02-21 12:36:55','2019-02-21 12:36:55'),(12,'Wade2',1,NULL,'2019-02-21 12:37:41','2019-02-21 12:37:41'),(13,'Wade3',1,NULL,'2019-02-21 12:38:08','2019-02-21 12:38:08'),(14,'Wade4',1,NULL,'2019-02-21 12:41:27','2019-02-21 12:41:51'),(15,'Bov Inc',1,NULL,'2019-03-02 11:57:32','2019-03-02 12:01:02'),(16,'JJ Inc',1,NULL,'2019-03-02 12:00:01','2019-03-02 12:00:58'),(17,'WWWWW',1,NULL,'2019-03-07 13:49:53','2019-03-07 13:50:58'),(18,'Matt Inc',1,NULL,'2019-03-26 11:05:46','2019-03-26 11:07:04');
/*!40000 ALTER TABLE `organisations` ENABLE KEYS */;
UNLOCK TABLES;

--
-- Table structure for table `password_resets`
--

DROP TABLE IF EXISTS `password_resets`;
/*!40101 SET @saved_cs_client     = @@character_set_client */;
/*!40101 SET character_set_client = utf8 */;
CREATE TABLE `password_resets` (
  `email` varchar(255) COLLATE utf8mb4_unicode_ci NOT NULL,
  `token` varchar(255) COLLATE utf8mb4_unicode_ci NOT NULL,
  `created_at` timestamp NULL DEFAULT NULL,
  KEY `password_resets_email_index` (`email`)
) ENGINE=InnoDB DEFAULT CHARSET=utf8mb4 COLLATE=utf8mb4_unicode_ci;
/*!40101 SET character_set_client = @saved_cs_client */;

--
-- Dumping data for table `password_resets`
--

LOCK TABLES `password_resets` WRITE;
/*!40000 ALTER TABLE `password_resets` DISABLE KEYS */;
/*!40000 ALTER TABLE `password_resets` ENABLE KEYS */;
UNLOCK TABLES;

--
-- Table structure for table `rebate_slack_integration`
--

DROP TABLE IF EXISTS `rebate_slack_integration`;
/*!40101 SET @saved_cs_client     = @@character_set_client */;
/*!40101 SET character_set_client = utf8 */;
CREATE TABLE `rebate_slack_integration` (
  `id` int(10) unsigned NOT NULL AUTO_INCREMENT,
  `slack_integration_id` int(10) unsigned NOT NULL,
  `rebate_id` int(10) unsigned NOT NULL,
  `created_at` timestamp NULL DEFAULT NULL,
  `updated_at` timestamp NULL DEFAULT NULL,
  PRIMARY KEY (`id`),
  KEY `rebate_slack_integration_slack_integration_id_foreign` (`slack_integration_id`),
  KEY `rebate_slack_integration_rebate_id_foreign` (`rebate_id`),
  CONSTRAINT `rebate_slack_integration_rebate_id_foreign` FOREIGN KEY (`rebate_id`) REFERENCES `rebates` (`id`),
  CONSTRAINT `rebate_slack_integration_slack_integration_id_foreign` FOREIGN KEY (`slack_integration_id`) REFERENCES `slack_integrations` (`id`)
) ENGINE=InnoDB DEFAULT CHARSET=utf8mb4 COLLATE=utf8mb4_unicode_ci;
/*!40101 SET character_set_client = @saved_cs_client */;

--
-- Dumping data for table `rebate_slack_integration`
--

LOCK TABLES `rebate_slack_integration` WRITE;
/*!40000 ALTER TABLE `rebate_slack_integration` DISABLE KEYS */;
/*!40000 ALTER TABLE `rebate_slack_integration` ENABLE KEYS */;
UNLOCK TABLES;

--
-- Table structure for table `rebates`
--

DROP TABLE IF EXISTS `rebates`;
/*!40101 SET @saved_cs_client     = @@character_set_client */;
/*!40101 SET character_set_client = utf8 */;
CREATE TABLE `rebates` (
  `id` int(10) unsigned NOT NULL AUTO_INCREMENT,
  `user_id` int(10) unsigned NOT NULL,
  `user_market_id` int(10) unsigned NOT NULL,
  `organisation_id` int(10) unsigned NOT NULL,
  `user_market_request_id` int(10) unsigned NOT NULL,
  `is_paid` tinyint(1) NOT NULL,
  `trade_date` date NOT NULL,
  `created_at` timestamp NULL DEFAULT NULL,
  `updated_at` timestamp NULL DEFAULT NULL,
  `booked_trade_id` int(10) unsigned DEFAULT NULL,
  `trade_confirmation_id` int(10) unsigned DEFAULT NULL,
  `amount` double(14,2) NOT NULL,
  PRIMARY KEY (`id`),
  KEY `rebates_user_id_foreign` (`user_id`),
  KEY `rebates_user_market_id_foreign` (`user_market_id`),
  KEY `rebates_organisation_id_foreign` (`organisation_id`),
  KEY `rebates_user_market_request_id_foreign` (`user_market_request_id`),
  KEY `rebates_booked_trade_id_foreign` (`booked_trade_id`),
  KEY `rebates_trade_confirmation_id_foreign` (`trade_confirmation_id`),
  CONSTRAINT `rebates_booked_trade_id_foreign` FOREIGN KEY (`booked_trade_id`) REFERENCES `booked_trades` (`id`),
  CONSTRAINT `rebates_organisation_id_foreign` FOREIGN KEY (`organisation_id`) REFERENCES `organisations` (`id`),
  CONSTRAINT `rebates_trade_confirmation_id_foreign` FOREIGN KEY (`trade_confirmation_id`) REFERENCES `trade_confirmations` (`id`),
  CONSTRAINT `rebates_user_id_foreign` FOREIGN KEY (`user_id`) REFERENCES `users` (`id`),
  CONSTRAINT `rebates_user_market_id_foreign` FOREIGN KEY (`user_market_id`) REFERENCES `user_markets` (`id`),
  CONSTRAINT `rebates_user_market_request_id_foreign` FOREIGN KEY (`user_market_request_id`) REFERENCES `user_market_requests` (`id`)
) ENGINE=InnoDB AUTO_INCREMENT=2 DEFAULT CHARSET=utf8mb4 COLLATE=utf8mb4_unicode_ci;
/*!40101 SET character_set_client = @saved_cs_client */;

--
-- Dumping data for table `rebates`
--

LOCK TABLES `rebates` WRITE;
/*!40000 ALTER TABLE `rebates` DISABLE KEYS */;
INSERT INTO `rebates` VALUES (1,17,7,15,9,0,'2019-07-19','2019-07-19 14:11:24','2019-07-19 14:11:24',NULL,3,0.00);
/*!40000 ALTER TABLE `rebates` ENABLE KEYS */;
UNLOCK TABLES;

--
-- Table structure for table `roles`
--

DROP TABLE IF EXISTS `roles`;
/*!40101 SET @saved_cs_client     = @@character_set_client */;
/*!40101 SET character_set_client = utf8 */;
CREATE TABLE `roles` (
  `id` int(10) unsigned NOT NULL AUTO_INCREMENT,
  `title` varchar(255) COLLATE utf8mb4_unicode_ci NOT NULL,
  `is_selectable` tinyint(1) NOT NULL,
  `created_at` timestamp NULL DEFAULT NULL,
  `updated_at` timestamp NULL DEFAULT NULL,
  PRIMARY KEY (`id`)
) ENGINE=InnoDB AUTO_INCREMENT=4 DEFAULT CHARSET=utf8mb4 COLLATE=utf8mb4_unicode_ci;
/*!40101 SET character_set_client = @saved_cs_client */;

--
-- Dumping data for table `roles`
--

LOCK TABLES `roles` WRITE;
/*!40000 ALTER TABLE `roles` DISABLE KEYS */;
INSERT INTO `roles` VALUES (1,'Admin',0,NULL,NULL),(2,'Trader',1,NULL,NULL),(3,'Viewer',1,NULL,NULL);
/*!40000 ALTER TABLE `roles` ENABLE KEYS */;
UNLOCK TABLES;

--
-- Table structure for table `safex_expiration_dates`
--

DROP TABLE IF EXISTS `safex_expiration_dates`;
/*!40101 SET @saved_cs_client     = @@character_set_client */;
/*!40101 SET character_set_client = utf8 */;
CREATE TABLE `safex_expiration_dates` (
  `id` int(10) unsigned NOT NULL AUTO_INCREMENT,
  `expiration_date` date NOT NULL,
  `created_at` timestamp NULL DEFAULT NULL,
  `updated_at` timestamp NULL DEFAULT NULL,
  PRIMARY KEY (`id`)
) ENGINE=InnoDB AUTO_INCREMENT=33 DEFAULT CHARSET=utf8mb4 COLLATE=utf8mb4_unicode_ci;
/*!40101 SET character_set_client = @saved_cs_client */;

--
-- Dumping data for table `safex_expiration_dates`
--

LOCK TABLES `safex_expiration_dates` WRITE;
/*!40000 ALTER TABLE `safex_expiration_dates` DISABLE KEYS */;
INSERT INTO `safex_expiration_dates` VALUES (1,'2019-03-20',NULL,NULL),(2,'2019-06-20',NULL,NULL),(3,'2019-09-19',NULL,NULL),(4,'2019-12-19',NULL,NULL),(5,'2020-03-19',NULL,NULL),(6,'2020-06-18',NULL,NULL),(7,'2020-09-17',NULL,NULL),(8,'2020-12-17',NULL,NULL),(9,'2021-03-18',NULL,NULL),(10,'2021-06-17',NULL,NULL),(11,'2021-09-16',NULL,NULL),(12,'2021-12-15',NULL,NULL),(13,'2022-03-17',NULL,NULL),(14,'2022-06-15',NULL,NULL),(15,'2022-09-15',NULL,NULL),(16,'2022-12-15',NULL,NULL),(17,'2023-03-16',NULL,NULL),(18,'2023-06-15',NULL,NULL),(19,'2023-09-21',NULL,NULL),(20,'2023-12-21',NULL,NULL),(21,'2024-03-20',NULL,NULL),(22,'2024-06-20',NULL,NULL),(23,'2024-09-19',NULL,NULL),(24,'2024-12-19',NULL,NULL),(25,'2025-03-20',NULL,NULL),(26,'2025-06-19',NULL,NULL),(27,'2025-09-18',NULL,NULL),(28,'2025-12-18',NULL,NULL),(29,'2026-03-19',NULL,NULL),(30,'2026-06-18',NULL,NULL),(31,'2026-09-17',NULL,NULL),(32,'2026-12-17',NULL,NULL);
/*!40000 ALTER TABLE `safex_expiration_dates` ENABLE KEYS */;
UNLOCK TABLES;

--
-- Table structure for table `safex_trade_confirmations`
--

DROP TABLE IF EXISTS `safex_trade_confirmations`;
/*!40101 SET @saved_cs_client     = @@character_set_client */;
/*!40101 SET character_set_client = utf8 */;
CREATE TABLE `safex_trade_confirmations` (
  `id` int(10) unsigned NOT NULL AUTO_INCREMENT,
  `trade_id` double(11,3) NOT NULL,
  `underlying` varchar(255) COLLATE utf8mb4_unicode_ci NOT NULL,
  `trade_date` date NOT NULL,
  `structure` varchar(255) COLLATE utf8mb4_unicode_ci NOT NULL,
  `underlying_alt` varchar(255) COLLATE utf8mb4_unicode_ci NOT NULL,
  `strike` double(11,2) NOT NULL,
  `strike_percentage` double(11,2) DEFAULT NULL,
  `is_put` tinyint(1) NOT NULL,
  `volspread` varchar(255) COLLATE utf8mb4_unicode_ci NOT NULL,
  `expiry` date NOT NULL,
  `nominal` double(14,2) NOT NULL,
  `created_at` timestamp NULL DEFAULT NULL,
  `updated_at` timestamp NULL DEFAULT NULL,
  PRIMARY KEY (`id`)
) ENGINE=InnoDB AUTO_INCREMENT=858 DEFAULT CHARSET=utf8mb4 COLLATE=utf8mb4_unicode_ci;
/*!40101 SET character_set_client = @saved_cs_client */;

--
-- Dumping data for table `safex_trade_confirmations`
--

LOCK TABLES `safex_trade_confirmations` WRITE;
/*!40000 ALTER TABLE `safex_trade_confirmations` DISABLE KEYS */;
INSERT INTO `safex_trade_confirmations` VALUES (1,43564.170,'ALSI','2019-04-09','Ratio Calendar','ALSI',50000.00,NULL,1,'13.6','2019-06-20',1500.00,'2019-04-10 11:25:53','2019-04-10 11:25:53'),(2,43564.160,'ALSI','2019-04-09','-','ALSI',50000.00,NULL,1,'15.2','2019-09-19',1000.00,'2019-04-10 11:25:53','2019-04-10 11:25:53'),(3,43564.150,'DTOP','2019-04-09','Outright','DTOX',12640.00,NULL,0,'0.0','2019-04-23',9154.00,'2019-04-10 11:25:53','2019-04-10 11:25:53'),(4,43564.140,'DTOP','2019-04-09','Bear Fence','DTOP',10230.00,NULL,1,'0.0','2019-12-19',8094.00,'2019-04-10 11:25:53','2019-04-10 11:25:53'),(5,43564.130,'DTOP','2019-04-09','-','DTOP',10900.00,NULL,1,'0.0','2019-12-19',8094.00,'2019-04-10 11:25:53','2019-04-10 11:25:53'),(6,43564.120,'DTOP','2019-04-09','-','DTOP',12560.00,NULL,0,'0.0','2019-12-19',8094.00,'2019-04-10 11:25:53','2019-04-10 11:25:53'),(7,43564.110,'ALSI','2019-04-09','Outright','ALSI',50000.00,NULL,1,'15.9','2019-12-19',500.00,'2019-04-10 11:25:53','2019-04-10 11:25:53'),(8,43564.100,'MTN','2019-04-09','Strangle','MTNQ',83.43,90.00,1,'36.4','2019-06-20',24000000.00,'2019-04-10 11:25:53','2019-04-10 11:25:53'),(9,43564.090,'MTN','2019-04-09','-','MTNQ',101.97,110.00,0,'34.5','2019-06-20',24000000.00,'2019-04-10 11:25:53','2019-04-10 11:25:53'),(10,43564.080,'BHP','2019-04-09','Strangle','BHPQ',319.57,90.00,1,'25.2','2019-06-20',16000000.00,'2019-04-10 11:25:53','2019-04-10 11:25:53'),(11,43564.070,'BHP','2019-04-09','-','BHPQ',390.59,110.00,0,'22.5','2019-06-20',16000000.00,'2019-04-10 11:25:53','2019-04-10 11:25:53'),(12,43564.060,'NPN','2019-04-09','Strangle','NPNQ',3132.90,89.00,1,'29.4','2019-06-20',35000000.00,'2019-04-10 11:25:53','2019-04-10 11:25:53'),(13,43564.050,'NPN','2019-04-09','-','NPNQ',3829.10,109.00,0,'26.9','2019-06-20',35000000.00,'2019-04-10 11:25:53','2019-04-10 11:25:53'),(14,43564.040,'MRP','2019-04-09','Outright','MRPQ',200.00,102.00,1,'37.5','2019-06-20',75000000.00,'2019-04-10 11:25:53','2019-04-10 11:25:53'),(15,43564.030,'CPI','2019-04-09','Risky','CPIQ',1250.00,91.00,1,'26.9','2020-06-18',100000000.00,'2019-04-10 11:25:53','2019-04-10 11:25:53'),(16,43564.020,'CPI','2019-04-09','-','CPIQ',1600.00,116.00,0,'23.0','2020-06-18',100000000.00,'2019-04-10 11:25:53','2019-04-10 11:25:53'),(17,43564.010,'ALSI','2019-04-09','Outright','ALSX',54250.00,NULL,0,'11.5','2019-05-24',2000.00,'2019-04-10 11:25:53','2019-04-10 11:25:53'),(18,43563.070,'ALSI','2019-04-08','Outright','ALSI',48000.00,NULL,1,'15.3','2019-06-20',4050.00,'2019-04-10 11:25:53','2019-04-10 11:25:53'),(19,43563.060,'ALSI','2019-04-08','Outright','ALSI',50000.00,NULL,1,'16.3','2020-03-19',500.00,'2019-04-10 11:25:53','2019-04-10 11:25:53'),(20,43563.050,'CPI','2019-04-08','Outright','CPIQ',1200.00,87.00,1,'26.1','2020-03-19',100000000.00,'2019-04-10 11:25:53','2019-04-10 11:25:53'),(21,43563.040,'AGL','2019-04-08','Outright','AGLQ',400.00,99.00,0,'30','2019-12-19',53000000.00,'2019-04-10 11:25:53','2019-04-10 11:25:53'),(22,43563.030,'ALSI','2019-04-08','Ratio Risky','ALSI',53000.00,NULL,0,'11.1','2019-06-20',2000.00,'2019-04-10 11:25:53','2019-04-10 11:25:53'),(23,43563.020,'ALSI','2019-04-08','-','ALSI',55000.00,NULL,0,'9.8','2019-06-20',3000.00,'2019-04-10 11:25:53','2019-04-10 11:25:53'),(24,43563.010,'ALSI','2019-04-08','Outright','ALSI',50000.00,NULL,1,'16.3','2020-03-19',500.00,'2019-04-10 11:25:53','2019-04-10 11:25:53'),(25,43560.130,'DTOP','2019-04-05','Puts','DTOP',10230.00,NULL,1,'0','2019-06-20',5206.00,'2019-04-10 11:25:53','2019-04-10 11:25:53'),(26,43560.120,'DTOP','2019-04-05','-','DTOP',10520.00,NULL,1,'0','2019-06-20',5206.00,'2019-04-10 11:25:53','2019-04-10 11:25:53'),(27,43560.110,'DTOP','2019-04-05','-','DTOP',10700.00,NULL,1,'0','2019-06-20',5206.00,'2019-04-10 11:25:53','2019-04-10 11:25:53'),(28,43560.100,'DTOP','2019-04-05','-','DTOP',10880.00,NULL,1,'0','2019-06-20',5206.00,'2019-04-10 11:25:53','2019-04-10 11:25:53'),(29,43560.090,'ALSI','2019-04-05','Outright','ALSI',47000.00,NULL,1,'16.4','2019-06-20',4105.00,'2019-04-10 11:25:53','2019-04-10 11:25:53'),(30,43560.080,'ALSI','2019-04-05','Outright','ALSI',51000.00,NULL,0,'13.6','2019-06-20',857.00,'2019-04-10 11:25:53','2019-04-10 11:25:53'),(31,43560.070,'CPI','2019-04-05','Calendar','CPIQ',1200.00,88.00,1,'26','2019-06-20',75000000.00,'2019-04-10 11:25:53','2019-04-10 11:25:53'),(32,43560.060,'CPI','2019-04-05','-','CPIQ',1200.00,88.00,1,'26','2019-09-19',75000000.00,'2019-04-10 11:25:53','2019-04-10 11:25:53'),(33,43560.050,'NPN','2019-04-05','Strangle','NPNQ',3132.90,90.00,1,'30','2019-06-20',59000000.00,'2019-04-10 11:25:53','2019-04-10 11:25:53'),(34,43560.040,'NPN','2019-04-05','-','NPNQ',3829.10,110.00,0,'26.5','2019-06-20',59000000.00,'2019-04-10 11:25:53','2019-04-10 11:25:53'),(35,43560.030,'ALSI','2019-04-05','Outright','ALSI',50100.00,NULL,1,'14.6','2019-06-20',1250.00,'2019-04-10 11:25:53','2019-04-10 11:25:53'),(36,43560.020,'ALSI','2019-04-05','Outright','ALSI',52000.00,NULL,1,'15.3','2019-12-19',1000.00,'2019-04-10 11:25:53','2019-04-10 11:25:53'),(37,43560.010,'DTOP','2019-04-05','Outright','DTOP',13000.00,NULL,0,'14.3','2020-03-19',2500.00,'2019-04-10 11:25:53','2019-04-10 11:25:53'),(38,43559.040,'SOL','2019-04-04','Outright','SOLQ',400.00,86.00,1,'32.5','2020-03-19',50000000.00,'2019-04-10 11:25:53','2019-04-10 11:25:53'),(39,43559.030,'ALSI','2019-04-04','Outright','ALSI',51000.00,NULL,1,'13.5','2019-06-20',735.00,'2019-04-10 11:25:53','2019-04-10 11:25:53'),(40,43559.020,'DTOP','2019-04-04','Calendar','DTOP',13500.00,NULL,0,'13','2020-03-19',2500.00,'2019-04-10 11:25:53','2019-04-10 11:25:53'),(41,43559.010,'DTOP','2019-04-04','-','DTOP',13500.00,NULL,0,'14','2020-06-18',2500.00,'2019-04-10 11:25:53','2019-04-10 11:25:53'),(42,43558.130,'DCAP','2019-04-03','Bear Fence','DCAP',12500.00,NULL,1,'22.4','2020-03-19',3903.00,'2019-04-10 11:25:53','2019-04-10 11:25:53'),(43,43558.120,'DCAP','2019-04-03','-','DCAP',14990.00,NULL,1,'18.4','2020-03-19',3903.00,'2019-04-10 11:25:53','2019-04-10 11:25:53'),(44,43558.110,'DCAP','2019-04-03','-','DCAP',19200.00,NULL,0,'13.2','2020-03-19',3903.00,'2019-04-10 11:25:53','2019-04-10 11:25:53'),(45,43558.100,'DTOP','2019-04-03','Risky','DTOP',11500.00,NULL,0,'16.4','2020-06-18',5000.00,'2019-04-10 11:25:53','2019-04-10 11:25:53'),(46,43558.090,'DTOP','2019-04-03','-','DTOP',13500.00,NULL,0,'13.2','2020-06-18',5000.00,'2019-04-10 11:25:53','2019-04-10 11:25:53'),(47,43558.080,'NPN','2019-04-03','Ratio Risky','NPNQ',2700.00,78.00,1,'34.4','2019-12-19',150000000.00,'2019-04-10 11:25:53','2019-04-10 11:25:53'),(48,43558.070,'NPN','2019-04-03','-','NPNQ',3500.00,101.00,1,'29.6','2019-12-19',100000000.00,'2019-04-10 11:25:53','2019-04-10 11:25:53'),(49,43558.040,'DTOP','2019-04-03','Outright','DTOX',12080.00,NULL,0,'15','2019-12-03',2787.00,'2019-04-10 11:25:53','2019-04-10 11:25:53'),(50,43558.030,'SOL','2019-04-03','Outright','SOLQ',400.00,87.00,1,'32.5','2020-03-19',50000000.00,'2019-04-10 11:25:53','2019-04-10 11:25:53'),(51,43558.020,'DTOP','2019-04-03','Outright','DTOP',13000.00,NULL,0,'14.1','2020-03-19',5000.00,'2019-04-10 11:25:53','2019-04-10 11:25:53'),(52,43558.010,'NPN','2019-04-03','Outright','NPNQ',3500.00,101.00,1,'30.7','2019-09-19',425000000.00,'2019-04-10 11:25:53','2019-04-10 11:25:53'),(53,43557.060,'ABG','2019-04-02','Outright','ABGQ',159.00,101.00,0,'31.8','2019-06-20',24000000.00,'2019-04-10 11:25:53','2019-04-10 11:25:53'),(54,43557.050,'NPN','2019-04-02','Ratio Risky','NPNQ',2900.00,86.00,1,'34','2020-03-19',900000000.00,'2019-04-10 11:25:53','2019-04-10 11:25:53'),(55,43557.040,'NPN','2019-04-02','-','NPNQ',3500.00,103.00,1,'32','2020-03-19',600000000.00,'2019-04-10 11:25:53','2019-04-10 11:25:53'),(56,43557.030,'ALSI','2019-04-02','Outright','ALSI',43000.00,NULL,1,'20','2019-12-19',1500.00,'2019-04-10 11:25:53','2019-04-10 11:25:53'),(57,43557.020,'ALSI','2019-04-02','Outright','ALSI',43000.00,NULL,1,'20','2019-12-19',500.00,'2019-04-10 11:25:53','2019-04-10 11:25:53'),(58,43557.010,'ALSI','2019-04-02','Outright','ALSI',53000.00,NULL,0,'14.6','2019-12-19',300.00,'2019-04-10 11:25:53','2019-04-10 11:25:53'),(59,43556.030,'ALSI','2019-04-01','Risky','ALSI',51000.00,NULL,1,'13.6','2019-06-20',1000.00,'2019-04-10 11:25:53','2019-04-10 11:25:53'),(60,43556.020,'ALSI','2019-04-01','-','ALSI',53000.00,NULL,0,'12.2','2019-06-20',1000.00,'2019-04-10 11:25:53','2019-04-10 11:25:53'),(61,43556.010,'BHP','2019-04-01','Outright','BHPQ',325.00,92.00,1,'25','2019-06-20',54000000.00,'2019-04-10 11:25:53','2019-04-10 11:25:53'),(62,43553.260,'NTC','2019-03-29','Yield Pick-up','NTCX',24.12,103.00,0,'26.9','2019-04-29',19000000.00,'2019-04-10 11:25:53','2019-04-10 11:25:53'),(63,43553.250,'WHL','2019-03-29','Yield Pick-up','WHLX',46.06,99.00,0,'29.7','2019-04-29',21000000.00,'2019-04-10 11:25:53','2019-04-10 11:25:53'),(64,43553.240,'FSR','2019-03-29','Yield Pick-up','FSRX',63.20,100.00,0,'30.3','2019-04-29',22000000.00,'2019-04-10 11:25:53','2019-04-10 11:25:53'),(65,43553.230,'SLM','2019-03-29','Yield Pick-up','SLMX',72.36,98.00,0,'29.8','2019-04-29',22000000.00,'2019-04-10 11:25:53','2019-04-10 11:25:53'),(66,43553.220,'RMH','2019-03-29','Yield Pick-up','RMHX',75.85,100.00,0,'28.7','2019-04-29',23000000.00,'2019-04-10 11:25:53','2019-04-10 11:25:53'),(67,43553.210,'CFR','2019-03-29','Yield Pick-up','CFRX',109.44,105.00,0,'24.2','2019-04-29',55000000.00,'2019-04-10 11:25:53','2019-04-10 11:25:53'),(68,43553.200,'TFG','2019-03-29','Yield Pick-up','TFGX',165.57,102.00,0,'33.5','2019-04-29',20000000.00,'2019-04-10 11:25:53','2019-04-10 11:25:53'),(69,43553.190,'SBK','2019-03-29','Yield Pick-up','SBKX',181.35,98.00,0,'28.9','2019-04-29',23000000.00,'2019-04-10 11:25:53','2019-04-10 11:25:53'),(70,43553.180,'BVT','2019-03-29','Yield Pick-up','BVTX',194.84,101.00,0,'25.9','2019-04-29',24000000.00,'2019-04-10 11:25:53','2019-04-10 11:25:53'),(71,43553.170,'MND','2019-03-29','Yield Pick-up','MNDX',326.26,102.00,0,'24.7','2019-04-29',20000000.00,'2019-04-10 11:25:53','2019-04-10 11:25:53'),(72,43553.160,'BHP','2019-03-29','Yield Pick-up','BHPX',362.56,104.00,0,'25.5','2019-04-29',56000000.00,'2019-04-10 11:25:53','2019-04-10 11:25:53'),(73,43553.150,'AGL','2019-03-29','Yield Pick-up','AGLX',401.46,104.00,0,'30','2019-04-29',20000000.00,'2019-04-10 11:25:53','2019-04-10 11:25:53'),(74,43553.140,'SOL','2019-03-29','Yield Pick-up','SOLX',474.27,105.00,0,'29.6','2019-04-29',20000000.00,'2019-04-10 11:25:53','2019-04-10 11:25:53'),(75,43553.130,'NPN','2019-03-29','Yield Pick-up','NPNX',3454.61,104.00,0,'30.2','2019-04-29',57000000.00,'2019-04-10 11:25:53','2019-04-10 11:25:53'),(76,43553.120,'ALSI','2019-03-29','Cali-risky','ALSI',50000.00,NULL,0,'16.8','2020-03-19',2200.00,'2019-04-10 11:25:53','2019-04-10 11:25:53'),(77,43553.110,'ALSI','2019-03-29','-','ALSI',48000.00,NULL,0,'16.6','2019-09-19',2200.00,'2019-04-10 11:25:53','2019-04-10 11:25:53'),(78,43553.100,'ALSI','2019-03-29','Outright','ALSI',48000.00,NULL,1,'16','2019-06-20',500.00,'2019-04-10 11:25:53','2019-04-10 11:25:53'),(79,43553.090,'ALSI','2019-03-29','Outright','ALSI',48000.00,NULL,1,'15.8','2019-06-20',500.00,'2019-04-10 11:25:53','2019-04-10 11:25:53'),(80,43553.080,'DSY','2019-03-29','Outright','DSYQ',125.00,91.00,1,'27.9','2019-06-20',50000000.00,'2019-04-10 11:25:53','2019-04-10 11:25:53'),(81,43553.070,'ALSI','2019-03-29','Outright','ALSI',52000.00,NULL,0,'16.3','2019-12-19',500.00,'2019-04-10 11:25:53','2019-04-10 11:25:53'),(82,43553.060,'ALSI','2019-03-29','Outright','ALSI',46000.00,NULL,1,'19','2019-09-19',500.00,'2019-04-10 11:25:53','2019-04-10 11:25:53'),(83,43553.050,'ALSI','2019-03-29','Outright','ALSI',49250.00,NULL,1,'14.8','2019-06-20',500.00,'2019-04-10 11:25:53','2019-04-10 11:25:53'),(84,43553.040,'ABG','2019-03-29','Outright','ABGS',159.00,105.00,0,'31','2019-06-20',23000000.00,'2019-04-10 11:25:53','2019-04-10 11:25:53'),(85,43553.030,'NPN','2019-03-29','Outright','NPNQ',3550.00,107.00,0,'30.3','2019-06-20',50000000.00,'2019-04-10 11:25:53','2019-04-10 11:25:53'),(86,43553.020,'ALSI','2019-03-29','Outright','ALSI',53000.00,NULL,0,'15.9','2020-06-18',1000.00,'2019-04-10 11:25:53','2019-04-10 11:25:53'),(87,43553.010,'NPN','2019-03-29','Outright','NPNQ',2400.00,72.00,1,'34.8','2020-06-18',50000000.00,'2019-04-10 11:25:53','2019-04-10 11:25:53'),(88,43552.080,'ALSI','2019-03-28','Cali-Risky','ALSI',50000.00,NULL,0,'17.2','2020-03-19',565.00,'2019-04-10 11:25:53','2019-04-10 11:25:53'),(89,43552.070,'ALSI','2019-03-28','-','ALSI',53000.00,NULL,0,'12.8','2019-06-20',565.00,'2019-04-10 11:25:53','2019-04-10 11:25:53'),(90,43552.060,'YOE','2019-03-28','Collar','YOEQ',306.76,95.00,1,'27.8','2019-06-14',100000000.00,'2019-04-10 11:25:53','2019-04-10 11:25:53'),(91,43552.050,'YOE','2019-03-28','-','YOEQ',371.34,115.00,0,'19.6','2019-06-14',100000000.00,'2019-04-10 11:25:53','2019-04-10 11:25:53'),(92,43552.040,'DCAP','2019-03-28','Puts','DCAP',14720.00,NULL,1,'19.5','2019-06-20',2807.00,'2019-04-10 11:25:53','2019-04-10 11:25:53'),(93,43552.030,'DCAP','2019-03-28','-','DCAP',14930.00,NULL,1,'19.8','2019-09-19',2807.00,'2019-04-10 11:25:53','2019-04-10 11:25:53'),(94,43552.020,'DCAP','2019-03-28','-','DCAP',15110.00,NULL,1,'19.9','2019-12-19',2807.00,'2019-04-10 11:25:53','2019-04-10 11:25:53'),(95,43552.010,'DCAP','2019-03-28','-','DCAP',15290.00,NULL,1,'20.3','2020-03-19',2807.00,'2019-04-10 11:25:53','2019-04-10 11:25:53'),(96,43551.130,'CPI','2019-03-27','Outright','CPIQ',1300.00,101.00,0,'24.3','2019-12-19',50000000.00,'2019-04-10 11:25:53','2019-04-10 11:25:53'),(97,43551.120,'ALSI','2019-03-27','Yield Pick-up','ALSX',50100.00,NULL,0,'14.3','2019-04-25',500.00,'2019-04-10 11:25:53','2019-04-10 11:25:53'),(98,43551.110,'CPI','2019-03-27','Outright','CPIQ',1300.00,101.00,0,'24.6','2020-06-18',50000000.00,'2019-04-10 11:25:53','2019-04-10 11:25:53'),(99,43551.100,'CPI','2019-03-27','Outright','CPIS',1150.00,89.00,1,'27.2','2019-06-20',15000000.00,'2019-04-10 11:25:53','2019-04-10 11:25:53'),(100,43551.090,'NPN','2019-03-27','Outright','NPNQ',3950.00,120.00,0,'0','2020-09-17',329000000.00,'2019-04-10 11:25:53','2019-04-10 11:25:53'),(101,43551.080,'DTOP','2019-03-27','Risky','DTOP',9500.00,NULL,1,'22.8','2019-09-19',2500.00,'2019-04-10 11:25:53','2019-04-10 11:25:53'),(102,43551.070,'DTOP','2019-03-27','-','DTOP',11500.00,NULL,0,'16.4','2019-09-19',2500.00,'2019-04-10 11:25:53','2019-04-10 11:25:53'),(103,43551.060,'ALSI','2019-03-27','Cali-Risky','ALSI',46000.00,NULL,1,'19','2019-09-19',500.00,'2019-04-10 11:25:53','2019-04-10 11:25:53'),(104,43551.050,'ALSI','2019-03-27','-','ALSI',52000.00,NULL,0,'16.3','2019-12-19',500.00,'2019-04-10 11:25:53','2019-04-10 11:25:53'),(105,43551.040,'MRP','2019-03-27','Outright','MRPQ',260.00,144.00,0,'36','2019-12-19',50000000.00,'2019-04-10 11:25:53','2019-04-10 11:25:53'),(106,43551.030,'NPN','2019-03-27','Outright','NPNQ',3300.00,100.00,1,'33','2019-12-19',75000000.00,'2019-04-10 11:25:53','2019-04-10 11:25:53'),(107,43551.020,'FSR','2019-03-27','Outright','FSRQ',70.00,113.00,0,'35.4','2019-12-19',100000000.00,'2019-04-10 11:25:53','2019-04-10 11:25:53'),(108,43551.010,'AMS','2019-03-27','Outright','AMSQ',880.00,112.00,0,'36.8','2019-06-20',15000000.00,'2019-04-10 11:25:53','2019-04-10 11:25:53'),(109,43550.270,'NPN','2019-03-26','Bear Fence','NPNS',2608.00,81.00,1,'34.6','2019-06-20',60000000.00,'2019-04-10 11:25:53','2019-04-10 11:25:53'),(110,43550.260,'NPN','2019-03-26','-','NPNS',3194.80,99.00,1,'32.8','2019-06-20',60000000.00,'2019-04-10 11:25:53','2019-04-10 11:25:53'),(111,43550.250,'NPN','2019-03-26','-','NPNS',3846.80,119.00,0,'30.4','2019-06-20',60000000.00,'2019-04-10 11:25:53','2019-04-10 11:25:53'),(112,43550.240,'YOD','2019-03-26','Bear Fence','YODQ',64.67,76.00,1,'31','2019-06-14',134700000.00,'2019-04-10 11:25:53','2019-04-10 11:25:53'),(113,43550.230,'YOD','2019-03-26','-','YODQ',76.01,90.00,1,'26.2','2019-06-14',124000000.00,'2019-04-10 11:25:53','2019-04-10 11:25:53'),(114,43550.220,'YOD','2019-03-26','-','YODQ',97.12,114.00,0,'23','2019-06-14',124000000.00,'2019-04-10 11:25:53','2019-04-10 11:25:53'),(115,43550.210,'CPI','2019-03-26','Outright','CPIQ',1150.00,90.00,1,'24.5','2019-06-20',100000000.00,'2019-04-10 11:25:53','2019-04-10 11:25:53'),(116,43550.200,'ALSI','2019-03-26','Risky','ALSI',47000.00,NULL,1,'16.4','2019-06-20',1500.00,'2019-04-10 11:25:53','2019-04-10 11:25:53'),(117,43550.190,'ALSI','2019-03-26','-','ALSI',53000.00,NULL,0,'12','2019-06-20',1500.00,'2019-04-10 11:25:53','2019-04-10 11:25:53'),(118,43550.180,'ALSI','2019-03-26','Cali-Risky','ALSI',46000.00,NULL,1,'19','2019-09-19',500.00,'2019-04-10 11:25:53','2019-04-10 11:25:53'),(119,43550.170,'ALSI','2019-03-26','-','ALSI',52000.00,NULL,0,'16.3','2019-12-19',500.00,'2019-04-10 11:25:53','2019-04-10 11:25:53'),(120,43550.160,'ALSI','2019-03-26','Risky','ALSI',47000.00,NULL,1,'16.4','2019-06-20',1000.00,'2019-04-10 11:25:53','2019-04-10 11:25:53'),(121,43550.150,'ALSI','2019-03-26','-','ALSI',53000.00,NULL,0,'12','2019-06-20',1000.00,'2019-04-10 11:25:53','2019-04-10 11:25:53'),(122,43550.140,'ALSI','2019-03-26','Risky','ALSI',47000.00,NULL,1,'16.4','2019-06-20',500.00,'2019-04-10 11:25:53','2019-04-10 11:25:53'),(123,43550.130,'ALSI','2019-03-26','-','ALSI',53000.00,NULL,0,'12','2019-06-20',500.00,'2019-04-10 11:25:53','2019-04-10 11:25:53'),(124,43550.120,'ALSI','2019-03-26','Outright','ALSI',52000.00,NULL,0,'13.1','2019-06-20',1000.00,'2019-04-10 11:25:53','2019-04-10 11:25:53'),(125,43550.110,'DTOP','2019-03-26','Outright','DTOP',9500.00,NULL,1,'21.7','2019-12-19',2500.00,'2019-04-10 11:25:53','2019-04-10 11:25:53'),(126,43550.100,'ALSI','2019-03-26','Cali-Risky','ALSI',46000.00,NULL,1,'19','2019-09-19',1000.00,'2019-04-10 11:25:53','2019-04-10 11:25:53'),(127,43550.090,'ALSI','2019-03-26','-','ALSI',52000.00,NULL,0,'16.4','2019-12-19',1000.00,'2019-04-10 11:25:53','2019-04-10 11:25:53'),(128,43550.080,'DTOP','2019-03-26','Outright','DTOP',9500.00,NULL,1,'21.7','2019-12-19',5000.00,'2019-04-10 11:25:53','2019-04-10 11:25:53'),(129,43550.070,'NMC','2019-03-26','Bear Fence','NMCQ',2218.80,66.00,1,'41.5','2019-06-20',64000000.00,'2019-04-10 11:25:53','2019-04-10 11:25:53'),(130,43550.060,'NMC','2019-03-26','-','NMCQ',2662.56,80.00,1,'36.8','2019-06-20',64000000.00,'2019-04-10 11:25:53','2019-04-10 11:25:53'),(131,43550.050,'NMC','2019-03-26','-','NMCQ',3328.20,100.00,0,'33.9','2019-06-20',64000000.00,'2019-04-10 11:25:53','2019-04-10 11:25:53'),(132,43550.040,'ALSI','2019-03-26','Outright','ALSI',55000.00,NULL,1,'16.4','2020-09-17',664.00,'2019-04-10 11:25:53','2019-04-10 11:25:53'),(133,43550.030,'MRP','2019-03-26','Bull Fence','MRPS',154.51,85.00,1,'43.2','2019-12-19',12000000.00,'2019-04-10 11:25:53','2019-04-10 11:25:53'),(134,43550.020,'MRP','2019-03-26','-','MRPS',190.87,106.00,0,'41.1','2019-12-19',12000000.00,'2019-04-10 11:25:53','2019-04-10 11:25:53'),(135,43550.010,'MRP','2019-03-26','-','MRPS',229.04,127.00,0,'37.2','2019-12-19',12000000.00,'2019-04-10 11:25:53','2019-04-10 11:25:53'),(136,43549.100,'ALSI','2019-03-25','Outright','ALSX',50500.00,NULL,0,'13.6','2019-04-23',500.00,'2019-04-10 11:25:53','2019-04-10 11:25:53'),(137,43549.090,'ALSI','2019-03-25','Outright','ALSI',47000.00,NULL,1,'17','2019-06-20',500.00,'2019-04-10 11:25:53','2019-04-10 11:25:53'),(138,43549.080,'DTOP','2019-03-25','Outright','DTOP',10000.00,NULL,1,'19.5','2019-09-19',10000.00,'2019-04-10 11:25:53','2019-04-10 11:25:53'),(139,43549.070,'ALSI','2019-03-25','Cali-Risky','ALSI',46000.00,NULL,0,'18.1','2019-09-19',2862.00,'2019-04-10 11:25:53','2019-04-10 11:25:53'),(140,43549.060,'ALSI','2019-03-25','-','ALSI',50000.00,NULL,0,'17.2','2020-03-19',2862.00,'2019-04-10 11:25:53','2019-04-10 11:25:53'),(141,43549.050,'CLS','2019-03-25','Risky','CLSQ',170.00,94.00,1,'37.4','2019-06-20',11000000.00,'2019-04-10 11:25:53','2019-04-10 11:25:53'),(142,43549.040,'CLS','2019-03-25','-','CLSQ',195.00,108.00,0,'31.1','2019-06-20',11000000.00,'2019-04-10 11:25:53','2019-04-10 11:25:53'),(143,43549.030,'ALSI','2019-03-25','Outright','ALSI',46000.00,NULL,1,'18.4','2019-09-19',1500.00,'2019-04-10 11:25:53','2019-04-10 11:25:53'),(144,43549.020,'DTOP','2019-03-25','Risky','DTOP',11000.00,NULL,0,'128','2020-03-19',5000.00,'2019-04-10 11:25:53','2019-04-10 11:25:53'),(145,43549.010,'DTOP','2019-03-25','-','DTOP',12500.00,NULL,0,'14.4','2020-03-19',5000.00,'2019-04-10 11:25:53','2019-04-10 11:25:53'),(146,43546.040,'NPN','2019-03-22','Outright','NPNQ',3100.00,95.00,1,'32','2019-06-20',50000000.00,'2019-04-10 11:25:53','2019-04-10 11:25:53'),(147,43546.030,'ALSI','2019-03-22','Outright','ALSI',53000.00,NULL,0,'12.8','2019-06-20',500.00,'2019-04-10 11:25:53','2019-04-10 11:25:53'),(148,43546.020,'DTOP','2019-03-22','Outright','DTOP',12500.00,NULL,0,'15.2','2020-03-19',7500.00,'2019-04-10 11:25:53','2019-04-10 11:25:53'),(149,43546.010,'DTOP','2019-03-22','Outright','DTOP',11500.00,NULL,0,'15.5','2019-09-19',2500.00,'2019-04-10 11:25:53','2019-04-10 11:25:53'),(150,43544.260,'DTOP','2019-03-20','Bear Fence','DTOX',9740.00,NULL,1,'0','2019-10-17',7853.00,'2019-04-10 11:25:53','2019-04-10 11:25:53'),(151,43544.250,'DTOP','2019-03-20','-','DTOX',10610.00,NULL,1,'0','2019-10-17',7853.00,'2019-04-10 11:25:53','2019-04-10 11:25:53'),(152,43544.240,'DTOP','2019-03-20','-','DTOX',11830.00,NULL,0,'0','2019-10-17',7853.00,'2019-04-10 11:25:53','2019-04-10 11:25:53'),(153,43544.230,'ALSI','2019-03-20','Outright','ALSI',45000.00,NULL,1,'19','2019-06-20',500.00,'2019-04-10 11:25:53','2019-04-10 11:25:53'),(154,43544.220,'DTOP','2019-03-20','Outright','DTOP',10170.00,NULL,1,'20.2','2020-03-19',1130.00,'2019-04-10 11:25:53','2019-04-10 11:25:53'),(155,43544.210,'DTOP','2019-03-20','Risky','DTOP',9750.00,NULL,1,'0','2020-03-19',18455.00,'2019-04-10 11:25:53','2019-04-10 11:25:53'),(156,43544.200,'DTOP','2019-03-20','-','DTOP',12540.00,NULL,0,'0','2020-03-19',18455.00,'2019-04-10 11:25:53','2019-04-10 11:25:53'),(157,43544.190,'DTOP','2019-03-20','Outright','DTOP',10840.00,NULL,1,'0','2020-03-19',18455.00,'2019-04-10 11:25:53','2019-04-10 11:25:53'),(158,43544.180,'CPI','2019-03-20','Bear Fence','CPIS',1189.80,90.00,1,'24.8','2019-12-19',15000000.00,'2019-04-10 11:25:53','2019-04-10 11:25:53'),(159,43544.170,'CPI','2019-03-20','-','CPIS',1322.00,100.00,1,'24.5','2019-12-19',15000000.00,'2019-04-10 11:25:53','2019-04-10 11:25:53'),(160,43544.160,'CPI','2019-03-20','-','CPIS',1533.52,115.00,0,'21.3','2019-12-19',15000000.00,'2019-04-10 11:25:53','2019-04-10 11:25:53'),(161,43544.150,'NPN','2019-03-20','Bear Fence','NPNS',2937.22,90.00,1,'37.2','2019-06-20',18000000.00,'2019-04-10 11:25:53','2019-04-10 11:25:53'),(162,43544.140,'NPN','2019-03-20','-','NPNS',3263.58,100.00,1,'35.5','2019-06-20',18000000.00,'2019-04-10 11:25:53','2019-04-10 11:25:53'),(163,43544.130,'NPN','2019-03-20','-','NPNS',3608.87,110.00,0,'34.1','2019-06-20',18000000.00,'2019-04-10 11:25:53','2019-04-10 11:25:53'),(164,43544.120,'ALSI','2019-03-20','Outright','ALSI',54000.00,NULL,0,'13.7','2019-09-19',1000.00,'2019-04-10 11:25:53','2019-04-10 11:25:53'),(165,43544.110,'ALSI','2019-03-20','Outright','ALSI',50000.00,NULL,1,'16.5','2020-06-18',1000.00,'2019-04-10 11:25:53','2019-04-10 11:25:53'),(166,43544.100,'ALSI','2019-03-20','Risky','ALSI',50450.00,NULL,1,'14.7','2019-06-20',1018.00,'2019-04-10 11:25:53','2019-04-10 11:25:53'),(167,43544.090,'ALSI','2019-03-20','-','ALSI',51400.00,NULL,0,'13.9','2019-06-20',1018.00,'2019-04-10 11:25:53','2019-04-10 11:25:53'),(168,43544.080,'ALSI','2019-03-20','Risky','ALSI',47000.00,NULL,1,'17.2','2019-06-20',2000.00,'2019-04-10 11:25:53','2019-04-10 11:25:53'),(169,43544.070,'ALSI','2019-03-20','-','ALSI',51000.00,NULL,1,'14.2','2019-06-20',2000.00,'2019-04-10 11:25:53','2019-04-10 11:25:53'),(170,43544.060,'ALSI','2019-03-20','Outright','ALSI',50000.00,NULL,1,'17','2020-03-19',516.00,'2019-04-10 11:25:53','2019-04-10 11:25:53'),(171,43544.050,'ALSI','2019-03-20','Outright','ALSI',60000.00,NULL,0,'14','2020-06-18',500.00,'2019-04-10 11:25:53','2019-04-10 11:25:53'),(172,43544.040,'MTN','2019-03-20','Outright','MTNQ',93.50,100.00,1,'38.7','2019-06-20',44000000.00,'2019-04-10 11:25:53','2019-04-10 11:25:53'),(173,43544.030,'ALSI','2019-03-20','Outright','ALSI',48850.00,NULL,1,'17.1','2019-06-20',807.00,'2019-04-10 11:25:53','2019-04-10 11:25:53'),(174,43544.020,'DCAP','2019-03-20','Outright','DCAP',16100.00,NULL,1,'16','2019-06-20',2446.00,'2019-04-10 11:25:53','2019-04-10 11:25:53'),(175,43543.220,'ALSI','2019-03-19','Outright','ALSI',42000.00,NULL,1,'22','2019-09-19',300.00,'2019-04-10 11:25:53','2019-04-10 11:25:53'),(176,43543.210,'DTOP','2019-03-19','Cali-Risky','DTOP',11500.00,NULL,0,'14.2','2019-06-20',2500.00,'2019-04-10 11:25:53','2019-04-10 11:25:53'),(177,43543.200,'DTOP','2019-03-19','-','DTOP',12500.00,NULL,0,'14.5','2019-09-19',2500.00,'2019-04-10 11:25:53','2019-04-10 11:25:53'),(178,43543.190,'ALSI','2019-03-19','Outright','ALSI',50000.00,NULL,1,'16.5','2020-06-18',500.00,'2019-04-10 11:25:53','2019-04-10 11:25:53'),(179,43543.180,'ALSI','2019-03-19','-','ALSI',54000.00,NULL,0,'13.7','2019-09-19',500.00,'2019-04-10 11:25:53','2019-04-10 11:25:53'),(180,43543.170,'DCAP','2019-03-19','Outright','DCAP',16640.00,NULL,1,'16.3','2019-12-19',1750.00,'2019-04-10 11:25:53','2019-04-10 11:25:53'),(181,43543.160,'NPN','2019-03-19','Outright','NPNQ',4000.00,123.00,0,'32.2','2019-12-19',50000000.00,'2019-04-10 11:25:53','2019-04-10 11:25:53'),(182,43543.150,'BHP','2019-03-19','Bear Fence','BHPS',315.91,93.00,1,'27.2','2019-06-20',50000000.00,'2019-04-10 11:25:53','2019-04-10 11:25:53'),(183,43543.140,'BHP','2019-03-19','-','BHPS',332.90,98.00,1,'26.3','2019-06-20',50000000.00,'2019-04-10 11:25:53','2019-04-10 11:25:53'),(184,43543.130,'BHP','2019-03-19','-','BHPS',379.30,112.00,0,'24.5','2019-06-20',50000000.00,'2019-04-10 11:25:53','2019-04-10 11:25:53'),(185,43543.120,'AGL','2019-03-19','Bear Fence','AGLS',354.80,93.00,1,'29.2','2019-06-20',30000000.00,'2019-04-10 11:25:53','2019-04-10 11:25:53'),(186,43543.110,'AGL','2019-03-19','-','AGLS',373.88,98.00,1,'28.3','2019-06-20',30000000.00,'2019-04-10 11:25:53','2019-04-10 11:25:53'),(187,43543.100,'AGL','2019-03-19','-','AGLS',430.42,113.00,0,'26.4','2019-06-20',30000000.00,'2019-04-10 11:25:53','2019-04-10 11:25:53'),(188,43543.090,'NPN','2019-03-19','Bear Fence','NPNS',2608.00,80.00,1,'34.7','2019-06-20',70000000.00,'2019-04-10 11:25:53','2019-04-10 11:25:53'),(189,43543.080,'NPN','2019-03-19','-','NPNS',3194.80,98.00,1,'32.4','2019-06-20',70000000.00,'2019-04-10 11:25:53','2019-04-10 11:25:53'),(190,43543.070,'NPN','2019-03-19','-','NPNS',3846.80,118.00,0,'30.5','2019-06-20',70000000.00,'2019-04-10 11:25:53','2019-04-10 11:25:53'),(191,43543.030,'NPN','2019-03-19','Bear Fence','NPNS',2906.51,90.00,1,'0','2019-09-19',404000000.00,'2019-04-10 11:25:53','2019-04-10 11:25:53'),(192,43543.020,'NPN','2019-03-19','-','NPNS',3229.45,100.00,1,'0','2019-09-19',404000000.00,'2019-04-10 11:25:53','2019-04-10 11:25:53'),(193,43543.010,'NPN','2019-03-19','-','NPNS',3878.57,120.00,0,'0','2019-09-19',404000000.00,'2019-04-10 11:25:53','2019-04-10 11:25:53'),(194,43542.090,'ALSI','2019-03-18','Yield Pick-up','ALSX',50500.00,NULL,0,'13.3','2019-04-16',435.00,'2019-04-10 11:25:53','2019-04-10 11:25:53'),(195,43542.080,'NPN','2019-03-18','Bear Fence','NPNS',2905.05,90.00,1,'36.8','2019-06-20',30000000.00,'2019-04-10 11:25:53','2019-04-10 11:25:53'),(196,43542.070,'NPN','2019-03-18','-','NPNS',3227.83,100.00,1,'35.1','2019-06-20',30000000.00,'2019-04-10 11:25:53','2019-04-10 11:25:53'),(197,43542.060,'NPN','2019-03-18','-','NPNS',3582.89,111.00,0,'33.7','2019-06-20',30000000.00,'2019-04-10 11:25:53','2019-04-10 11:25:53'),(198,43542.050,'DTOP','2019-03-18','Puts','DTOP',11120.00,NULL,1,'16','2019-03-20',367.00,'2019-04-10 11:25:53','2019-04-10 11:25:53'),(199,43542.040,'DTOP','2019-03-18','-','DTOP',11860.00,NULL,1,'16','2019-03-20',991.00,'2019-04-10 11:25:53','2019-04-10 11:25:53'),(200,43542.030,'NPN','2019-03-18','Bear Fence','NPNS',2906.51,90.00,1,'0','2019-09-19',400000000.00,'2019-04-10 11:25:53','2019-04-10 11:25:53'),(201,43542.020,'NPN','2019-03-18','-','NPNS',3229.45,100.00,1,'0','2019-09-19',400000000.00,'2019-04-10 11:25:53','2019-04-10 11:25:53'),(202,43542.010,'NPN','2019-03-18','-','NPNS',3878.57,120.00,0,'0','2019-09-19',400000000.00,'2019-04-10 11:25:53','2019-04-10 11:25:53'),(203,43539.090,'DSY','2019-03-15','Collar','DSYS',120.28,84.00,1,'0','2019-12-19',200000000.00,'2019-04-10 11:25:53','2019-04-10 11:25:53'),(204,43539.080,'DSY','2019-03-15','-','DSYS',174.05,122.00,0,'0','2019-12-19',200000000.00,'2019-04-10 11:25:53','2019-04-10 11:25:53'),(205,43539.070,'ABG','2019-03-15','Bull Fence','ABGQ',130.00,79.00,1,'0','2020-06-18',165000000.00,'2019-04-10 11:25:53','2019-04-10 11:25:53'),(206,43539.060,'ABG','2019-03-15','-','ABGQ',158.00,96.00,0,'0','2020-06-18',150000000.00,'2019-04-10 11:25:53','2019-04-10 11:25:53'),(207,43539.050,'ABG','2019-03-15','-','ABGQ',190.00,115.00,0,'0','2020-06-18',150000000.00,'2019-04-10 11:25:53','2019-04-10 11:25:53'),(208,43539.040,'DSY','2019-03-15','Outright','DSYQ',175.00,123.00,0,'28.3','2019-12-19',100000000.00,'2019-04-10 11:25:53','2019-04-10 11:25:53'),(209,43539.030,'EXX','2019-03-15','Outright','EXXQ',145.00,91.00,1,'44.3','2019-09-19',50000000.00,'2019-04-10 11:25:53','2019-04-10 11:25:53'),(210,43539.020,'NPN','2019-03-15','Outright','NPNQ',2400.00,76.00,1,'36.8','2020-03-19',50000000.00,'2019-04-10 11:25:53','2019-04-10 11:25:53'),(211,43539.010,'NPN','2019-03-15','Outright','NPNQ',3700.00,118.00,0,'32.2','2019-06-20',100000000.00,'2019-04-10 11:25:53','2019-04-10 11:25:53'),(212,43538.300,'ALSI','2019-03-14','Calendar','ALSI',48000.00,NULL,1,'17.5','2019-03-20',400.00,'2019-04-10 11:25:53','2019-04-10 11:25:53'),(213,43538.290,'ALSI','2019-03-14','-','ALSI',48000.00,NULL,1,'16.1','2019-06-20',400.00,'2019-04-10 11:25:53','2019-04-10 11:25:53'),(214,43538.280,'MTN','2019-03-14','Risky','MTNQ',90.00,96.00,1,'39','2019-09-19',50000000.00,'2019-04-10 11:25:53','2019-04-10 11:25:53'),(215,43538.270,'MTN','2019-03-14','-','MTNQ',110.00,117.00,1,'36.8','2019-09-19',50000000.00,'2019-04-10 11:25:53','2019-04-10 11:25:53'),(216,43538.260,'LHC','2019-03-14','Yield Pick-up','LHCX',27.79,103.00,0,'26.1','2019-04-15',20000000.00,'2019-04-10 11:25:53','2019-04-10 11:25:53'),(217,43538.250,'TRU','2019-03-14','Yield Pick-up','TRUX',75.44,107.00,0,'37.5','2019-04-15',20000000.00,'2019-04-10 11:25:53','2019-04-10 11:25:53'),(218,43538.240,'CFR','2019-03-14','Yield Pick-up','CFRX',106.03,102.00,0,'25.4','2019-04-15',30000000.00,'2019-04-10 11:25:53','2019-04-10 11:25:53'),(219,43538.230,'VOD','2019-03-14','Yield Pick-up','VODX',119.79,105.00,0,'30.3','2019-04-15',22000000.00,'2019-04-10 11:25:53','2019-04-10 11:25:53'),(220,43538.220,'BID','2019-03-14','Yield Pick-up','BIDX',296.37,104.00,0,'25.8','2019-04-15',24000000.00,'2019-04-10 11:25:53','2019-04-10 11:25:53'),(221,43538.210,'BTI','2019-03-14','Yield Pick-up','BTIX',579.79,100.00,0,'30.2','2019-04-15',30000000.00,'2019-04-10 11:25:53','2019-04-10 11:25:53'),(222,43538.200,'NPN','2019-03-14','Yield Pick-up','NPNX',3316.60,105.00,0,'33.7','2019-04-15',58000000.00,'2019-04-10 11:25:53','2019-04-10 11:25:53'),(223,43538.190,'FSR','2019-03-14','Yield Pick-up','FSRX',64.83,104.00,0,'30.9','2019-04-15',26000000.00,'2019-04-10 11:25:53','2019-04-10 11:25:53'),(224,43538.180,'INP','2019-03-14','Yield Pick-up','INPX',91.98,102.00,0,'27','2019-04-15',27000000.00,'2019-04-10 11:25:53','2019-04-10 11:25:53'),(225,43538.170,'SBK','2019-03-14','Yield Pick-up','SBKX',193.70,104.00,0,'30.2','2019-04-15',33000000.00,'2019-04-10 11:25:53','2019-04-10 11:25:53'),(226,43538.160,'MNP','2019-03-14','Yield Pick-up','MNPX',344.06,103.00,0,'25','2019-04-15',20000000.00,'2019-04-10 11:25:53','2019-04-10 11:25:53'),(227,43538.150,'BHP','2019-03-14','Yield Pick-up','BHPX',345.22,104.00,0,'26.9','2019-04-15',65000000.00,'2019-04-10 11:25:53','2019-04-10 11:25:53'),(228,43538.140,'SOL','2019-03-14','Yield Pick-up','SOLX',440.49,101.00,0,'30.7','2019-04-15',27000000.00,'2019-04-10 11:25:53','2019-04-10 11:25:53'),(229,43538.130,'ALSI','2019-03-14','Risky','ALSI',50000.00,NULL,0,'15.2','2019-03-20',500.00,'2019-04-10 11:25:53','2019-04-10 11:25:53'),(230,43538.120,'ALSI','2019-03-14','-','ALSI',52000.00,NULL,0,'18.5','2019-03-20',500.00,'2019-04-10 11:25:53','2019-04-10 11:25:53'),(231,43538.110,'DCAP','2019-03-14','Risky','DCAP',15000.00,NULL,1,'19.1','2019-06-20',4500.00,'2019-04-10 11:25:53','2019-04-10 11:25:53'),(232,43538.100,'DCAP','2019-03-14','-','DCAP',16500.00,NULL,1,'14.9','2019-06-20',4500.00,'2019-04-10 11:25:53','2019-04-10 11:25:53'),(233,43538.090,'NMC','2019-03-14','Bear Fence','NMCQ',2134.71,65.00,1,'43','2020-03-19',26000000.00,'2019-04-10 11:25:53','2019-04-10 11:25:53'),(234,43538.080,'NMC','2019-03-14','-','NMCQ',2744.63,84.00,1,'39.2','2020-03-19',26000000.00,'2019-04-10 11:25:53','2019-04-10 11:25:53'),(235,43538.070,'NMC','2019-03-14','-','NMCQ',4327.67,133.00,0,'31.3','2020-03-19',26000000.00,'2019-04-10 11:25:53','2019-04-10 11:25:53'),(236,43538.060,'ALSI','2019-03-14','Outright','ALSI',49000.00,NULL,1,'14.7','2019-03-20',500.00,'2019-04-10 11:25:53','2019-04-10 11:25:53'),(237,43538.050,'NPN','2019-03-14','Outright','NPNQ',3400.00,108.00,0,'33.7','2019-06-20',100000000.00,'2019-04-10 11:25:53','2019-04-10 11:25:53'),(238,43538.040,'ALSI','2019-03-14','Risky','ALSI',44000.00,NULL,1,'20.2','2019-09-19',500.00,'2019-04-10 11:25:53','2019-04-10 11:25:53'),(239,43538.030,'ALSI','2019-03-14','-','ALSI',47000.00,NULL,1,'18.2','2019-09-19',500.00,'2019-04-10 11:25:53','2019-04-10 11:25:53'),(240,43538.020,'ALSI','2019-03-14','Calendar','ALSI',50000.00,NULL,0,'17.4','2020-03-19',2000.00,'2019-04-10 11:25:53','2019-04-10 11:25:53'),(241,43538.010,'ALSI','2019-03-14','-','ALSI',50000.00,NULL,0,'17.2','2019-12-19',2000.00,'2019-04-10 11:25:53','2019-04-10 11:25:53'),(242,43537.090,'DSY','2019-03-13','Puts','DSYQ',110.50,77.00,1,'37.2','2020-03-19',74000000.00,'2019-04-10 11:25:53','2019-04-10 11:25:53'),(243,43537.080,'DSY','2019-03-13','-','DSYQ',120.50,84.00,1,'35.8','2020-03-19',74000000.00,'2019-04-10 11:25:53','2019-04-10 11:25:53'),(244,43537.070,'ALSI','2019-03-13','Risky','ALSI',48000.00,NULL,1,'16.2','2019-06-20',350.00,'2019-04-10 11:25:53','2019-04-10 11:25:53'),(245,43537.060,'ALSI','2019-03-13','-','ALSI',49000.00,NULL,1,'15.3','2019-06-20',350.00,'2019-04-10 11:25:53','2019-04-10 11:25:53'),(246,43537.050,'ALSI','2019-03-13','Calendar','ALSI',46000.00,NULL,1,'17.5','2019-09-19',1500.00,'2019-04-10 11:25:53','2019-04-10 11:25:53'),(247,43537.040,'ALSI','2019-03-13','-','ALSI',50000.00,NULL,1,'16.2','2019-12-19',1500.00,'2019-04-10 11:25:53','2019-04-10 11:25:53'),(248,43537.030,'ALSI','2019-03-13','Outright','ALSI',50000.00,NULL,1,'14.8','2019-06-20',500.00,'2019-04-10 11:25:53','2019-04-10 11:25:53'),(249,43537.020,'SLM','2019-03-13','Collar','SLMS',65.34,90.00,1,'0','2019-12-19',180000000.00,'2019-04-10 11:25:53','2019-04-10 11:25:53'),(250,43537.010,'SLM','2019-03-13','-','SLMS',87.12,120.00,0,'0','2019-12-19',180000000.00,'2019-04-10 11:25:53','2019-04-10 11:25:53'),(251,43536.130,'MTN','2019-03-12','Fly','MTNQ',75.00,79.00,1,'48.8','2019-06-20',100000000.00,'2019-04-10 11:25:53','2019-04-10 11:25:53'),(252,43536.120,'MTN','2019-03-12','-','MTNQ',90.00,95.00,1,'46.2','2019-06-20',100000000.00,'2019-04-10 11:25:53','2019-04-10 11:25:53'),(253,43536.110,'MTN','2019-03-12','-','MTNQ',110.00,116.00,0,'44.2','2019-06-20',100000000.00,'2019-04-10 11:25:53','2019-04-10 11:25:53'),(254,43536.100,'ALSI','2019-03-12','Calendar','ALSI',50000.00,NULL,0,'17','2019-12-19',500.00,'2019-04-10 11:25:53','2019-04-10 11:25:53'),(255,43536.090,'ALSI','2019-03-12','-','ALSI',50000.00,NULL,0,'18.2','2021-03-18',500.00,'2019-04-10 11:25:53','2019-04-10 11:25:53'),(256,43536.080,'ALSI','2019-03-12','Calls','ALSI',46000.00,NULL,0,'17.3','2019-09-19',2611.00,'2019-04-10 11:25:53','2019-04-10 11:25:53'),(257,43536.070,'ALSI','2019-03-12','-','ALSI',50000.00,NULL,0,'16.3','2019-12-19',2611.00,'2019-04-10 11:25:53','2019-04-10 11:25:53'),(258,43536.060,'ALSI','2019-03-12','-','ALSI',54000.00,NULL,0,'13.2','2019-06-20',2611.00,'2019-04-10 11:25:53','2019-04-10 11:25:53'),(259,43536.050,'DCAP','2019-03-12','Calendar','DCAP',16000.00,NULL,1,'16.8','2019-03-20',3000.00,'2019-04-10 11:25:53','2019-04-10 11:25:53'),(260,43536.040,'DCAP','2019-03-12','-','DCAP',16000.00,NULL,1,'16','2019-06-20',3000.00,'2019-04-10 11:25:53','2019-04-10 11:25:53'),(261,43536.030,'ALSI','2019-03-12','Risky','ALSI',46000.00,NULL,1,'18.1','2019-06-20',2000.00,'2019-04-10 11:25:53','2019-04-10 11:25:53'),(262,43536.020,'ALSI','2019-03-12','-','ALSI',48500.00,NULL,1,'16.4','2019-06-20',2000.00,'2019-04-10 11:25:53','2019-04-10 11:25:53'),(263,43536.010,'ALSI','2019-03-12','Outright','ALSI',50000.00,NULL,0,'16.6','2019-12-19',500.00,'2019-04-10 11:25:53','2019-04-10 11:25:53'),(264,43535.050,'DTOP','2019-03-11','Outright','DTOP',12000.00,NULL,0,'16.2','2020-03-19',2500.00,'2019-04-10 11:25:53','2019-04-10 11:25:53'),(265,43535.040,'BHP','2019-03-11','Outright','BHPX',337.64,103.00,0,'26.9','2019-04-08',58000000.00,'2019-04-10 11:25:53','2019-04-10 11:25:53'),(266,43535.030,'DTOP','2019-03-11','Outright','DTOP',9500.00,NULL,1,'21.9','2019-12-19',2500.00,'2019-04-10 11:25:53','2019-04-10 11:25:53'),(267,43535.020,'ALSI','2019-03-11','Risky','ALSI',47000.00,NULL,1,'19.7','2019-03-20',1000.00,'2019-04-10 11:25:53','2019-04-10 11:25:53'),(268,43535.010,'ALSI','2019-03-11','-','ALSI',48000.00,NULL,1,'17.4','2019-03-20',1000.00,'2019-04-10 11:25:53','2019-04-10 11:25:53'),(269,43532.190,'ABG','2019-03-08','Yield Pick-up','ABGX',180.59,105.00,0,'32.8','2019-04-08',17000000.00,'2019-04-10 11:25:53','2019-04-10 11:25:53'),(270,43532.180,'AGL','2019-03-08','Yield Pick-up','AGLX',390.37,104.00,0,'30','2019-04-08',16000000.00,'2019-04-10 11:25:53','2019-04-10 11:25:53'),(271,43532.170,'BID','2019-03-08','Yield Pick-up','BIDX',298.29,102.00,0,'25.5','2019-04-08',21000000.00,'2019-04-10 11:25:53','2019-04-10 11:25:53'),(272,43532.160,'BTI','2019-03-08','Yield Pick-up','BTIX',598.15,103.00,0,'33.1','2019-04-08',26000000.00,'2019-04-10 11:25:53','2019-04-10 11:25:53'),(273,43532.150,'CFR','2019-03-08','Yield Pick-up','CFRX',106.73,104.00,0,'24.9','2019-04-08',26000000.00,'2019-04-10 11:25:53','2019-04-10 11:25:53'),(274,43532.140,'CPI','2019-03-08','Yield Pick-up','CPIX',1274.43,103.00,0,'25','2019-04-08',17000000.00,'2019-04-10 11:25:53','2019-04-10 11:25:53'),(275,43532.130,'INP','2019-03-08','Yield Pick-up','INPX',92.06,106.00,0,'27','2019-04-08',17000000.00,'2019-04-10 11:25:53','2019-04-10 11:25:53'),(276,43532.120,'LHC','2019-03-08','Yield Pick-up','LHCX',28.22,104.00,0,'27.5','2019-04-08',14000000.00,'2019-04-10 11:25:53','2019-04-10 11:25:53'),(277,43532.110,'MNP','2019-03-08','Yield Pick-up','MNPX',350.43,106.00,0,'25.4','2019-04-08',17000000.00,'2019-04-10 11:25:53','2019-04-10 11:25:53'),(278,43532.100,'NPN','2019-03-08','Yield Pick-up','NPNX',3309.57,108.00,0,'35.8','2019-04-08',51000000.00,'2019-04-10 11:25:53','2019-04-10 11:25:53'),(279,43532.090,'SBK','2019-03-08','Yield Pick-up','SBKX',186.08,100.00,0,'30.1','2019-04-08',26000000.00,'2019-04-10 11:25:53','2019-04-10 11:25:53'),(280,43532.080,'SOL','2019-03-08','Yield Pick-up','SOLX',446.94,106.00,0,'30.7','2019-04-08',22000000.00,'2019-04-10 11:25:53','2019-04-10 11:25:53'),(281,43532.070,'TFG','2019-03-08','Yield Pick-up','TFGX',180.47,104.00,0,'35.7','2019-04-08',18000000.00,'2019-04-10 11:25:53','2019-04-10 11:25:53'),(282,43532.060,'DTOP','2019-03-08','Outright','DTOP',9500.00,NULL,1,'21.9','2019-12-19',2500.00,'2019-04-10 11:25:53','2019-04-10 11:25:53'),(283,43532.050,'ALSI','2019-03-08','Risky','ALSI',50000.00,NULL,0,'15.5','2019-03-20',1500.00,'2019-04-10 11:25:53','2019-04-10 11:25:53'),(284,43532.040,'ALSI','2019-03-08','-','ALSI',52000.00,NULL,0,'17.6','2019-03-20',1500.00,'2019-04-10 11:25:53','2019-04-10 11:25:53'),(285,43532.030,'DTOP','2019-03-08','Risky','DTOP',9500.00,NULL,1,'21.5','2019-12-19',2500.00,'2019-04-10 11:25:53','2019-04-10 11:25:53'),(286,43532.020,'DTOP','2019-03-08','-','DTOP',11500.00,NULL,0,'16.3','2019-12-19',2500.00,'2019-04-10 11:25:53','2019-04-10 11:25:53'),(287,43532.010,'DTOP','2019-03-08','Outright','DTOP',12000.00,NULL,0,'16.1','2020-03-19',2500.00,'2019-04-10 11:25:53','2019-04-10 11:25:53'),(288,43531.050,'SBK','2019-03-07','Outright','SBKQ',180.00,99.00,1,'30','2019-06-20',50000000.00,'2019-04-10 11:25:53','2019-04-10 11:25:53'),(289,43531.040,'ALSI','2019-03-07','Yield Pick-up','ALSX',50700.00,NULL,0,'13.4','2019-04-05',500.00,'2019-04-10 11:25:53','2019-04-10 11:25:53'),(290,43531.020,'ABG','2019-03-07','Risky','ABGQ',150.00,87.00,1,'35','2019-09-19',75000000.00,'2019-04-10 11:25:53','2019-04-10 11:25:53'),(291,43531.010,'ABG','2019-03-07','-','ABGQ',190.00,110.00,1,'31','2019-09-19',75000000.00,'2019-04-10 11:25:53','2019-04-10 11:25:53'),(292,43530.260,'S32','2019-03-06','Bull Fence','S32S',30.72,81.00,1,'0','2019-09-19',31000000.00,'2019-04-10 11:25:53','2019-04-10 11:25:53'),(293,43530.250,'S32','2019-03-06','-','S32S',35.84,95.00,0,'0','2019-09-19',31000000.00,'2019-04-10 11:25:53','2019-04-10 11:25:53'),(294,43530.240,'S32','2019-03-06','-','S32S',42.71,113.00,0,'0','2019-09-19',31000000.00,'2019-04-10 11:25:53','2019-04-10 11:25:53'),(295,43530.230,'S32','2019-03-06','Bull Fence','S32S',30.53,81.00,1,'0','2019-09-19',31000000.00,'2019-04-10 11:25:53','2019-04-10 11:25:53'),(296,43530.220,'S32','2019-03-06','-','S32S',35.62,95.00,0,'0','2019-09-19',31000000.00,'2019-04-10 11:25:53','2019-04-10 11:25:53'),(297,43530.210,'S32','2019-03-06','-','S32S',42.44,113.00,0,'0','2019-09-19',31000000.00,'2019-04-10 11:25:53','2019-04-10 11:25:53'),(298,43530.200,'ALSI','2019-03-06','Risky','ALSI',45000.00,NULL,1,'18.3','2019-06-20',1264.00,'2019-04-10 11:25:53','2019-04-10 11:25:53'),(299,43530.190,'ALSI','2019-03-06','-','ALSI',49000.00,NULL,1,'15','2019-06-20',1264.00,'2019-04-10 11:25:53','2019-04-10 11:25:53'),(300,43530.180,'DTOP','2019-03-06','Risky','DTOP',9000.00,NULL,1,'25.8','2019-09-19',2500.00,'2019-04-10 11:25:53','2019-04-10 11:25:53'),(301,43530.170,'DTOP','2019-03-06','-','DTOP',11500.00,NULL,0,'16.7','2019-09-19',2500.00,'2019-04-10 11:25:53','2019-04-10 11:25:53'),(302,43530.160,'ALSI','2019-03-06','Outright','ALSI',55000.00,NULL,0,'13.5','2019-09-19',500.00,'2019-04-10 11:25:53','2019-04-10 11:25:53'),(303,43530.150,'ALSI','2019-03-06','Outright','ALSI',57750.00,NULL,0,'14.9','2020-12-17',1000.00,'2019-04-10 11:25:53','2019-04-10 11:25:53'),(304,43530.140,'DTOP','2019-03-06','Puts','DTOP',10060.00,NULL,1,'0','2019-06-20',5206.00,'2019-04-10 11:25:53','2019-04-10 11:25:53'),(305,43530.130,'DTOP','2019-03-06','-','DTOP',10230.00,NULL,1,'0','2019-06-20',5206.00,'2019-04-10 11:25:53','2019-04-10 11:25:53'),(306,43530.120,'DTOP','2019-03-06','-','DTOP',10420.00,NULL,1,'0','2019-06-20',5206.00,'2019-04-10 11:25:53','2019-04-10 11:25:53'),(307,43530.110,'DTOP','2019-03-06','-','DTOP',10520.00,NULL,1,'0','2019-06-20',5206.00,'2019-04-10 11:25:53','2019-04-10 11:25:53'),(308,43530.100,'MTN','2019-03-06','Risky','MTNQ',70.00,92.00,1,'45.6','2019-06-20',50000000.00,'2019-04-10 11:25:53','2019-04-10 11:25:53'),(309,43530.090,'MTN','2019-03-06','-','MTNQ',90.00,118.00,1,'41.5','2019-06-20',50000000.00,'2019-04-10 11:25:53','2019-04-10 11:25:53'),(310,43530.080,'NPN','2019-03-06','Collar','NPNS',2839.50,88.00,1,'0','2020-03-19',102000000.00,'2019-04-10 11:25:53','2019-04-10 11:25:53'),(311,43530.070,'NPN','2019-03-06','-','NPNS',4112.54,128.00,0,'32.8','2020-03-19',102000000.00,'2019-04-10 11:25:53','2019-04-10 11:25:53'),(312,43530.060,'NPN','2019-03-06','Bear Fence','NPNS',2218.28,69.00,1,'38.2','2020-03-19',102000000.00,'2019-04-10 11:25:53','2019-04-10 11:25:53'),(313,43530.050,'NPN','2019-03-06','-','NPNS',2839.50,88.00,1,'36','2020-03-19',102000000.00,'2019-04-10 11:25:53','2019-04-10 11:25:53'),(314,43530.040,'NPN','2019-03-06','-','NPNS',4417.00,137.00,0,'31.9','2020-03-19',102000000.00,'2019-04-10 11:25:53','2019-04-10 11:25:53'),(315,43530.030,'AGL','2019-03-06','Outright','AGLQ',400.00,105.00,0,'29','2019-12-19',200000000.00,'2019-04-10 11:25:53','2019-04-10 11:25:53'),(316,43530.020,'RNI','2019-03-06','Calendar','RNIQ',235.00,101.00,1,'29.1','2019-03-20',16000000.00,'2019-04-10 11:25:53','2019-04-10 11:25:53'),(317,43530.010,'RNI','2019-03-06','-','RNIQ',235.00,101.00,1,'30.6','2019-06-20',16000000.00,'2019-04-10 11:25:53','2019-04-10 11:25:53'),(318,43529.160,'DTOP','2019-03-05','Outright','DTOP',10000.00,NULL,1,'19.8','2019-12-19',5000.00,'2019-04-10 11:25:53','2019-04-10 11:25:53'),(319,43529.150,'FSR','2019-03-05','Bear Fence','FSRQ',57.00,91.00,1,'35.5','2019-09-19',104000000.00,'2019-04-10 11:25:53','2019-04-10 11:25:53'),(320,43529.140,'FSR','2019-03-05','-','FSRQ',63.00,100.00,1,'33.6','2019-09-19',104000000.00,'2019-04-10 11:25:53','2019-04-10 11:25:53'),(321,43529.130,'FSR','2019-03-05','-','FSRQ',72.00,115.00,0,'31.4','2019-09-19',104000000.00,'2019-04-10 11:25:53','2019-04-10 11:25:53'),(322,43529.120,'DTOP','2019-03-05','Bear Fence','DTOP',6440.00,NULL,1,'0','2020-03-19',5595.00,'2019-04-10 11:25:53','2019-04-10 11:25:53'),(323,43529.110,'DTOP','2019-03-05','-','DTOP',9120.00,NULL,1,'0','2020-03-19',5595.00,'2019-04-10 11:25:53','2019-04-10 11:25:53'),(324,43529.100,'DTOP','2019-03-05','-','DTOP',12820.00,NULL,0,'0','2020-03-19',5595.00,'2019-04-10 11:25:53','2019-04-10 11:25:53'),(325,43529.090,'ALSI','2019-03-05','Outright','ALSI',50000.00,NULL,0,'14.5','2019-03-20',500.00,'2019-04-10 11:25:53','2019-04-10 11:25:53'),(326,43529.080,'NNS','2019-03-05','Put Spread','NNSQ',8000.00,246.00,1,'0','2021-03-18',65000000.00,'2019-04-10 11:25:53','2019-04-10 11:25:53'),(327,43529.070,'NNS','2019-03-05','-','NNSQ',8500.00,262.00,1,'0','2021-03-18',65000000.00,'2019-04-10 11:25:53','2019-04-10 11:25:53'),(328,43529.060,'ALSI','2019-03-05','Outright','ALSI',50000.00,NULL,0,'14.5','2019-03-20',500.00,'2019-04-10 11:25:53','2019-04-10 11:25:53'),(329,43529.050,'ALSI','2019-03-05','Outright','ALSI',50000.00,NULL,1,'15.7','2019-12-19',500.00,'2019-04-10 11:25:53','2019-04-10 11:25:53'),(330,43529.040,'ALSI','2019-03-05','Outright','ALSI',51000.00,NULL,0,'13.8','2019-03-20',750.00,'2019-04-10 11:25:53','2019-04-10 11:25:53'),(331,43529.030,'ALSI','2019-03-05','Outright','ALSI',62000.00,NULL,0,'13.3','2020-06-18',750.00,'2019-04-10 11:25:53','2019-04-10 11:25:53'),(332,43529.020,'ALSI','2019-03-05','Risky','ALSI',44750.00,NULL,1,'18.9','2019-06-20',3000.00,'2019-04-10 11:25:53','2019-04-10 11:25:53'),(333,43529.010,'ALSI','2019-03-05','-','ALSI',48750.00,NULL,1,'15.5','2019-06-20',3000.00,'2019-04-10 11:25:53','2019-04-10 11:25:53'),(334,43528.160,'SHP','2019-03-04','Outright','SHPQ',180.00,104.00,1,'42.5','2019-03-20',90000000.00,'2019-04-10 11:25:53','2019-04-10 11:25:53'),(335,43528.150,'DTOP','2019-03-04','Outright','DTOP',11000.00,NULL,0,'16.3','2019-09-19',5000.00,'2019-04-10 11:25:53','2019-04-10 11:25:53'),(336,43528.140,'ALSI','2019-03-04','Outright','ALSI',55000.00,NULL,0,'14','2019-12-19',1000.00,'2019-04-10 11:25:53','2019-04-10 11:25:53'),(337,43528.130,'ALSI','2019-03-04','Outright','ALSI',52000.00,NULL,0,'13.5','2019-03-20',625.00,'2019-04-10 11:25:53','2019-04-10 11:25:53'),(338,43528.120,'NPN','2019-03-04','Bear Fence','NPNS',2844.62,90.00,1,'37.7','2019-06-20',64000000.00,'2019-04-10 11:25:53','2019-04-10 11:25:53'),(339,43528.110,'NPN','2019-03-04','-','NPNS',3160.69,100.00,1,'36','2019-06-20',64000000.00,'2019-04-10 11:25:53','2019-04-10 11:25:53'),(340,43528.100,'NPN','2019-03-04','-','NPNS',3550.72,112.00,0,'34.5','2019-06-20',64000000.00,'2019-04-10 11:25:53','2019-04-10 11:25:53'),(341,43528.090,'ALSI','2019-03-04','Risky','ALSI',45000.00,NULL,1,'18.5','2019-06-20',1500.00,'2019-04-10 11:25:53','2019-04-10 11:25:53'),(342,43528.080,'ALSI','2019-03-04','-','ALSI',50000.00,NULL,1,'14.3','2019-06-20',1500.00,'2019-04-10 11:25:53','2019-04-10 11:25:53'),(343,43528.070,'NMC','2019-03-04','Bear Fence','NMCQ',2475.00,76.00,1,'38.6','2019-03-20',57000000.00,'2019-04-10 11:25:53','2019-04-10 11:25:53'),(344,43528.060,'NMC','2019-03-04','-','NMCQ',2940.00,90.00,1,'35.5','2019-03-20',57000000.00,'2019-04-10 11:25:53','2019-04-10 11:25:53'),(345,43528.050,'NMC','2019-03-04','-','NMCQ',4085.00,126.00,0,'25.3','2019-03-20',57000000.00,'2019-04-10 11:25:53','2019-04-10 11:25:53'),(346,43528.040,'DTOP','2019-03-04','Outright','DTOP',10000.00,NULL,1,'20','2019-12-19',2500.00,'2019-04-10 11:25:53','2019-04-10 11:25:53'),(347,43528.030,'ALSI','2019-03-04','Ratio Collar','ALSI',49000.00,NULL,1,'15.6','2019-06-20',1500.00,'2019-04-10 11:25:53','2019-04-10 11:25:53'),(348,43528.020,'ALSI','2019-03-04','-','ALSI',53700.00,NULL,0,'13.3','2019-06-20',1000.00,'2019-04-10 11:25:53','2019-04-10 11:25:53'),(349,43528.010,'DTOP','2019-03-04','Outright','DTOP',10000.00,NULL,1,'19.8','2019-12-19',2500.00,'2019-04-10 11:25:53','2019-04-10 11:25:53'),(350,43525.140,'NNS','2019-03-01','Put Spread','NNSQ',8000.00,254.00,1,'0','2021-03-18',63000000.00,'2019-04-10 11:25:53','2019-04-10 11:25:53'),(351,43525.130,'NNS','2019-03-01','-','NNSQ',8500.00,269.00,1,'0','2021-03-18',63000000.00,'2019-04-10 11:25:53','2019-04-10 11:25:53'),(352,43525.120,'ALSI','2019-03-01','Calendar','ALSI',48000.00,NULL,1,'17.6','2019-12-19',1000.00,'2019-04-10 11:25:53','2019-04-10 11:25:53'),(353,43525.110,'ALSI','2019-03-01','-','ALSI',48000.00,NULL,1,'18.1','2020-06-18',1000.00,'2019-04-10 11:25:53','2019-04-10 11:25:53'),(354,43525.100,'DTOP','2019-03-01','Puts','DTOP',9950.00,NULL,1,'0','2019-06-20',5206.00,'2019-04-10 11:25:53','2019-04-10 11:25:53'),(355,43525.090,'DTOP','2019-03-01','-','DTOP',10060.00,NULL,1,'0','2019-06-20',5206.00,'2019-04-10 11:25:53','2019-04-10 11:25:53'),(356,43525.080,'DTOP','2019-03-01','-','DTOP',10380.00,NULL,1,'0','2019-06-20',5206.00,'2019-04-10 11:25:53','2019-04-10 11:25:53'),(357,43525.070,'DTOP','2019-03-01','-','DTOP',10420.00,NULL,1,'0','2019-06-20',5206.00,'2019-04-10 11:25:53','2019-04-10 11:25:53'),(358,43525.060,'ALSI','2019-03-01','Outright','ALSI',51000.00,NULL,0,'13.5','2019-06-20',500.00,'2019-04-10 11:25:53','2019-04-10 11:25:53'),(359,43525.050,'BTI','2019-03-01','Outright','BTIQ',499.61,93.00,1,'34','2019-03-20',92000000.00,'2019-04-10 11:25:53','2019-04-10 11:25:53'),(360,43525.040,'MTN','2019-03-01','Outright','MTNQ',90.00,114.00,0,'40.3','2019-06-20',50000000.00,'2019-04-10 11:25:53','2019-04-10 11:25:53'),(361,43525.030,'NPN','2019-03-01','Collar','NPNS',2763.90,90.00,1,'0','2019-12-19',543000000.00,'2019-04-10 11:25:53','2019-04-10 11:25:53'),(362,43525.020,'NPN','2019-03-01','-','NPNS',3992.30,131.00,0,'0','2019-12-19',543000000.00,'2019-04-10 11:25:53','2019-04-10 11:25:53'),(363,43525.010,'SHP','2019-03-01','Outright','SHPQ',180.00,104.00,1,'0','2019-03-20',139000000.00,'2019-04-10 11:25:53','2019-04-10 11:25:53'),(364,43524.120,'ALSI','2019-02-28','Outright','ALSI',60000.00,NULL,0,'13.6','2020-06-18',500.00,'2019-04-10 11:25:53','2019-04-10 11:25:53'),(365,43524.110,'DTOP','2019-02-28','Outright','DTOP',13500.00,NULL,0,'15.1','2020-06-18',2500.00,'2019-04-10 11:25:53','2019-04-10 11:25:53'),(366,43524.100,'ALSI','2019-02-28','Calendar','ALSI',45000.00,NULL,1,'20.4','2019-09-19',500.00,'2019-04-10 11:25:53','2019-04-10 11:25:53'),(367,43524.090,'ALSI','2019-02-28','-','ALSI',45000.00,NULL,1,'20.1','2019-12-19',500.00,'2019-04-10 11:25:53','2019-04-10 11:25:53'),(368,43524.080,'DCAP','2019-02-28','Outright','DCAP',17000.00,NULL,1,'12.3','2019-03-20',909.00,'2019-04-10 11:25:53','2019-04-10 11:25:53'),(369,43524.070,'IPL','2019-02-28','Outright','IPLQ',65.00,99.00,1,'47.2','2019-12-19',50000000.00,'2019-04-10 11:25:53','2019-04-10 11:25:53'),(370,43524.060,'BTI','2019-02-28','Collar','BTIS',452.81,88.00,1,'128','2019-06-20',23000000.00,'2019-04-10 11:25:53','2019-04-10 11:25:53'),(371,43524.050,'BTI','2019-02-28','-','BTIS',578.59,113.00,0,'26.3','2019-06-20',23000000.00,'2019-04-10 11:25:53','2019-04-10 11:25:53'),(372,43524.040,'MTN','2019-02-28','Risky','MTNQ',80.00,96.00,1,'38.1','2020-03-19',100000000.00,'2019-04-10 11:25:53','2019-04-10 11:25:53'),(373,43524.030,'MTN','2019-02-28','-','MTNQ',100.00,120.00,0,'35.5','2020-03-19',100000000.00,'2019-04-10 11:25:53','2019-04-10 11:25:53'),(374,43524.020,'YME','2019-02-28','Risky','YMEZ',256.48,92.00,1,'17.9','2019-06-21',150000000.00,'2019-04-10 11:25:53','2019-04-10 11:25:53'),(375,43524.010,'YME','2019-02-28','-','YMEZ',275.99,99.00,1,'15','2019-06-21',150000000.00,'2019-04-10 11:25:53','2019-04-10 11:25:53'),(376,43523.060,'NMC','2019-02-27','Outright','NMCQ',2700.00,86.00,0,'0','2021-03-18',134000000.00,'2019-04-10 11:25:53','2019-04-10 11:25:53'),(377,43523.050,'CFR','2019-02-27','Outright','CFRQ',110.00,103.00,0,'25.5','2019-09-19',100000000.00,'2019-04-10 11:25:53','2019-04-10 11:25:53'),(378,43523.040,'ALSI','2019-02-27','Yield Pick-up','ALSX',50650.00,NULL,0,'14.6','2019-03-27',440.00,'2019-04-10 11:25:53','2019-04-10 11:25:53'),(379,43523.030,'ALSI','2019-02-27','Outright','ALSI',47000.00,NULL,1,'17.8','2019-09-19',1000.00,'2019-04-10 11:25:53','2019-04-10 11:25:53'),(380,43523.020,'DCAP','2019-02-27','Outright','DCAP',14660.00,NULL,1,'18.9','2019-12-19',3284.00,'2019-04-10 11:25:53','2019-04-10 11:25:53'),(381,43523.010,'NMC','2019-02-27','Outright','NMCQ',2700.00,86.00,0,'0','2021-03-18',134000000.00,'2019-04-10 11:25:53','2019-04-10 11:25:53'),(382,43522.100,'AGL','2019-02-26','Calendar','AGLQ',350.00,95.00,0,'32.7','2019-03-20',150000000.00,'2019-04-10 11:25:53','2019-04-10 11:25:53'),(383,43522.090,'AGL','2019-02-26','-','AGLQ',350.00,95.00,1,'32.4','2019-06-20',150000000.00,'2019-04-10 11:25:53','2019-04-10 11:25:53'),(384,43522.080,'ALSI','2019-02-26','Outright','ALSI',51000.00,NULL,0,'14','2019-06-20',750.00,'2019-04-10 11:25:53','2019-04-10 11:25:53'),(385,43522.070,'ALSI','2019-02-26','Outright','ALSI',51000.00,NULL,0,'13.6','2019-03-20',500.00,'2019-04-10 11:25:53','2019-04-10 11:25:53'),(386,43522.060,'ALSI','2019-02-26','Risky','ALSI',45000.00,NULL,1,'19','2019-09-19',2000.00,'2019-04-10 11:25:53','2019-04-10 11:25:53'),(387,43522.050,'ALSI','2019-02-26','-','ALSI',55000.00,NULL,0,'13.7','2019-09-19',2000.00,'2019-04-10 11:25:53','2019-04-10 11:25:53'),(388,43522.040,'NPN','2019-02-26','Switch','NPNQ',2700.00,86.00,0,'0','2021-03-18',135000000.00,'2019-04-10 11:25:53','2019-04-10 11:25:53'),(389,43522.030,'NNS','2019-02-26','-','NNSS',2700.00,86.00,0,'0','2021-03-18',135000000.00,'2019-04-10 11:25:53','2019-04-10 11:25:53'),(390,43522.020,'DCAP','2019-02-26','Outright','DCAP',16000.00,NULL,1,'16.8','2019-09-19',3000.00,'2019-04-10 11:25:53','2019-04-10 11:25:53'),(391,43522.010,'DCAP','2019-02-26','Outright','DCAP',14570.00,NULL,1,'19','2019-09-19',3800.00,'2019-04-10 11:25:53','2019-04-10 11:25:53'),(392,43521.160,'RDF','2019-02-25','Outright','RDFQ',10.00,102.00,0,'1.7','2019-03-20',10000000.00,'2019-04-10 11:25:53','2019-04-10 11:25:53'),(393,43521.060,'BHP','2019-02-25','Outright','BHPQ',325.00,99.00,1,'27.5','2019-06-20',150000000.00,'2019-04-10 11:25:53','2019-04-10 11:25:53'),(394,43521.050,'DTOP','2019-02-25','Risky','DTOP',9900.00,NULL,1,'0','2020-03-19',8500.00,'2019-04-10 11:25:53','2019-04-10 11:25:53'),(395,43521.040,'DTOP','2019-02-25','-','DTOP',12300.00,NULL,0,'0','2020-03-19',8500.00,'2019-04-10 11:25:53','2019-04-10 11:25:53'),(396,43521.030,'BTI','2019-02-25','Outright','BTIQ',496.04,95.00,1,'37.3','2019-03-20',35000000.00,'2019-04-10 11:25:53','2019-04-10 11:25:53'),(397,43521.010,'DTOP','2019-02-25','Outright','DTOX',12970.00,NULL,0,'14.5','2019-05-15',39.00,'2019-04-10 11:25:53','2019-04-10 11:25:53'),(398,43518.050,'ALSI','2019-02-22','Risky','ALSI',50000.00,NULL,0,'11.6','2019-03-20',500.00,'2019-04-10 11:25:53','2019-04-10 11:25:53'),(399,43518.040,'ALSI','2019-02-22','-','ALSI',53000.00,NULL,0,'13','2019-03-20',500.00,'2019-04-10 11:25:53','2019-04-10 11:25:53'),(400,43518.030,'ALSI','2019-02-22','Outright','ALSI',47400.00,NULL,1,'16.8','2019-06-20',600.00,'2019-04-10 11:25:53','2019-04-10 11:25:53'),(401,43518.020,'ALSI','2019-02-22','Risky','ALSI',45000.00,NULL,1,'18','2019-06-20',500.00,'2019-04-10 11:25:53','2019-04-10 11:25:53'),(402,43518.010,'ALSI','2019-02-22','-','ALSI',48000.00,NULL,1,'15.8','2019-06-20',500.00,'2019-04-10 11:25:53','2019-04-10 11:25:53'),(403,43517.120,'TFG','2019-02-21','Outright','TFGQ',160.00,98.00,1,'38.3','2019-09-19',75000000.00,'2019-04-10 11:25:53','2019-04-10 11:25:53'),(404,43517.110,'DSY','2019-02-21','Outright','DSYQ',156.37,107.00,1,'29.2','2019-03-20',12000000.00,'2019-04-10 11:25:53','2019-04-10 11:25:53'),(405,43517.100,'BHP','2019-02-21','Outright','BHPQ',325.00,100.00,1,'27.5','2019-06-20',50000000.00,'2019-04-10 11:25:53','2019-04-10 11:25:53'),(406,43517.090,'ALSI','2019-02-21','Risky','ALSI',50000.00,NULL,0,'14.7','2019-03-20',1500.00,'2019-04-10 11:25:53','2019-04-10 11:25:53'),(407,43517.080,'ALSI','2019-02-21','-','ALSI',53000.00,NULL,0,'14.1','2019-03-20',1500.00,'2019-04-10 11:25:53','2019-04-10 11:25:53'),(408,43517.070,'ALSI','2019-02-21','Risky','ALSI',47000.00,NULL,1,'16.2','2019-03-20',500.00,'2019-04-10 11:25:53','2019-04-10 11:25:53'),(409,43517.060,'ALSI','2019-02-21','-','ALSI',52000.00,NULL,0,'13.2','2019-03-20',500.00,'2019-04-10 11:25:53','2019-04-10 11:25:53'),(410,43517.050,'BID','2019-02-21','Bear Fence','BIDS',241.90,82.00,1,'30.2','2019-06-20',16000000.00,'2019-04-10 11:25:53','2019-04-10 11:25:53'),(411,43517.040,'BID','2019-02-21','-','BIDS',295.00,100.00,1,'26.2','2019-06-20',16000000.00,'2019-04-10 11:25:53','2019-04-10 11:25:53'),(412,43517.030,'BID','2019-02-21','-','BIDS',295.00,100.00,0,'26.2','2019-06-20',16000000.00,'2019-04-10 11:25:53','2019-04-10 11:25:53'),(413,43517.020,'NPN','2019-02-21','Collar','NPNS',2945.00,95.00,1,'0','2019-06-20',171000000.00,'2019-04-10 11:25:53','2019-04-10 11:25:53'),(414,43517.010,'NPN','2019-02-21','-','NPNS',3565.00,115.00,0,'0','2019-06-20',171000000.00,'2019-04-10 11:25:53','2019-04-10 11:25:53'),(415,43516.220,'ALSI','2019-02-20','Outright','ALSI',52000.00,NULL,0,'14.8','2019-03-20',3179.00,'2019-04-10 11:25:53','2019-04-10 11:25:53'),(416,43516.210,'ALSI','2019-02-20','Outright','ALSI',60000.00,NULL,0,'14.8','2020-06-18',1000.00,'2019-04-10 11:25:53','2019-04-10 11:25:53'),(417,43516.200,'ALSI','2019-02-20','Outright','ALSI',49000.00,NULL,1,'15.7','2019-06-20',1500.00,'2019-04-10 11:25:53','2019-04-10 11:25:53'),(418,43516.190,'ALSI','2019-02-20','Outright','ALSI',48000.00,NULL,1,'18.8','2020-06-18',432.00,'2019-04-10 11:25:53','2019-04-10 11:25:53'),(419,43516.180,'DTOP','2019-02-20','Outright','DTOP',11500.00,NULL,0,'16','2019-09-19',5000.00,'2019-04-10 11:25:53','2019-04-10 11:25:53'),(420,43516.170,'ALSI','2019-02-20','Outright','ALSI',60000.00,NULL,0,'14.8','2020-06-18',1000.00,'2019-04-10 11:25:53','2019-04-10 11:25:53'),(421,43516.160,'NPN','2019-02-20','Calendar','NPNQ',4000.00,127.00,0,'31.4','2019-12-19',100000000.00,'2019-04-10 11:25:53','2019-04-10 11:25:53'),(422,43516.150,'NPN','2019-02-20','-','NPNQ',4000.00,127.00,0,'31.5','2020-03-19',100000000.00,'2019-04-10 11:25:53','2019-04-10 11:25:53'),(423,43516.140,'NPN','2019-02-20','Outright','NPNQ',4400.00,140.00,0,'0','2020-06-18',214000000.00,'2019-04-10 11:25:53','2019-04-10 11:25:53'),(424,43516.130,'DTOP','2019-02-20','Put Spread','DTOP',9810.00,NULL,1,'22.6','2019-03-20',5206.00,'2019-04-10 11:25:53','2019-04-10 11:25:53'),(425,43516.120,'DTOP','2019-02-20','-','DTOP',10230.00,NULL,1,'19.4','2019-03-20',5206.00,'2019-04-10 11:25:53','2019-04-10 11:25:53'),(426,43516.110,'DTOP','2019-02-20','Put Spread','DTOP',9950.00,NULL,1,'20','2019-06-20',5206.00,'2019-04-10 11:25:53','2019-04-10 11:25:53'),(427,43516.100,'DTOP','2019-02-20','-','DTOP',10380.00,NULL,1,'18.5','2019-06-20',5206.00,'2019-04-10 11:25:53','2019-04-10 11:25:53'),(428,43516.090,'ALSI','2019-02-20','Outright','ALSI',49000.00,NULL,1,'15.3','2019-03-20',1000.00,'2019-04-10 11:25:53','2019-04-10 11:25:53'),(429,43516.080,'NPN','2019-02-20','Bear Fence','NPNS',2668.25,85.00,1,'34.3','2019-12-19',35000000.00,'2019-04-10 11:25:53','2019-04-10 11:25:53'),(430,43516.070,'NPN','2019-02-20','-','NPNS',3139.12,100.00,1,'32.6','2019-12-19',35000000.00,'2019-04-10 11:25:53','2019-04-10 11:25:53'),(431,43516.060,'NPN','2019-02-20','-','NPNS',3938.03,125.00,0,'30.3','2019-12-19',35000000.00,'2019-04-10 11:25:53','2019-04-10 11:25:53'),(432,43516.050,'ALSI','2019-02-20','Outright','ALSI',49000.00,NULL,1,'15.3','2019-03-20',500.00,'2019-04-10 11:25:53','2019-04-10 11:25:53'),(433,43516.040,'ANG','2019-02-20','Outright','ANGQ',160.00,72.00,1,'45','2019-12-19',75000000.00,'2019-04-10 11:25:53','2019-04-10 11:25:53'),(434,43516.030,'ALSI','2019-02-20','Outright','ALSI',42000.00,NULL,1,'21','2019-06-20',500.00,'2019-04-10 11:25:53','2019-04-10 11:25:53'),(435,43516.020,'ALSI','2019-02-20','Outright','ALSI',50200.00,NULL,0,'14.6','2019-03-20',550.00,'2019-04-10 11:25:53','2019-04-10 11:25:53'),(436,43516.010,'DSY','2019-02-20','Outright','DSYQ',156.37,108.00,1,'30.3','2019-03-20',33000000.00,'2019-04-10 11:25:53','2019-04-10 11:25:53'),(437,43515.120,'ALSI','2019-02-19','Outright','ALSI',49000.00,NULL,1,'15.8','2019-06-20',1000.00,'2019-04-10 11:25:53','2019-04-10 11:25:53'),(438,43515.110,'NPN','2019-02-19','Bear Fence','NPNS',2810.12,90.00,1,'34.4','2019-09-19',16000000.00,'2019-04-10 11:25:53','2019-04-10 11:25:53'),(439,43515.100,'NPN','2019-02-19','-','NPNS',3122.35,100.00,1,'33','2019-09-19',16000000.00,'2019-04-10 11:25:53','2019-04-10 11:25:53'),(440,43515.090,'NPN','2019-02-19','-','NPNS',3856.10,124.00,0,'31.2','2019-09-19',16000000.00,'2019-04-10 11:25:53','2019-04-10 11:25:53'),(441,43515.080,'ALSI','2019-02-19','Risky','ALSI',45000.00,NULL,1,'20.8','2019-03-20',500.00,'2019-04-10 11:25:53','2019-04-10 11:25:53'),(442,43515.070,'ALSI','2019-02-19','-','ALSI',50000.00,NULL,0,'14.3','2019-03-20',500.00,'2019-04-10 11:25:53','2019-04-10 11:25:53'),(443,43515.060,'RNI','2019-02-19','Outright','RNIQ',220.00,102.00,0,'29.8','2019-03-20',9000000.00,'2019-04-10 11:25:53','2019-04-10 11:25:53'),(444,43515.050,'MRP','2019-02-19','Outright','MRPQ',200.00,95.00,1,'41','2019-06-20',50000000.00,'2019-04-10 11:25:53','2019-04-10 11:25:53'),(445,43515.040,'ALSI','2019-02-19','Bear Fence','ALSI',46500.00,NULL,1,'17.5','2019-06-20',2000.00,'2019-04-10 11:25:53','2019-04-10 11:25:53'),(446,43515.030,'ALSI','2019-02-19','-','ALSI',49000.00,NULL,1,'16.7','2019-06-20',2000.00,'2019-04-10 11:25:53','2019-04-10 11:25:53'),(447,43515.020,'ALSI','2019-02-19','-','ALSI',52000.00,NULL,0,'14.8','2019-06-20',2000.00,'2019-04-10 11:25:53','2019-04-10 11:25:53'),(448,43515.010,'ALSI','2019-02-19','Outright','ALSI',48000.00,NULL,1,'17.2','2019-09-19',500.00,'2019-04-10 11:25:53','2019-04-10 11:25:53'),(449,43514.150,'NPN','2019-02-18','Bear Fence','NPNS',2419.02,78.00,1,'37','2020-03-19',57000000.00,'2019-04-10 11:25:53','2019-04-10 11:25:53'),(450,43514.140,'NPN','2019-02-18','-','NPNS',3023.77,97.00,1,'34.3','2020-03-19',57000000.00,'2019-04-10 11:25:53','2019-04-10 11:25:53'),(451,43514.130,'NPN','2019-02-18','-','NPNS',4009.83,129.00,0,'32','2020-03-19',57000000.00,'2019-04-10 11:25:53','2019-04-10 11:25:53'),(452,43514.120,'TFG','2019-02-18','Outright','TFGQ',160.00,97.00,1,'36.8','2019-09-19',50000000.00,'2019-04-10 11:25:53','2019-04-10 11:25:53'),(453,43514.110,'MTN','2019-02-18','Outright','MTNQ',100.00,116.00,0,'41.5','2019-03-20',50000000.00,'2019-04-10 11:25:53','2019-04-10 11:25:53'),(454,43514.100,'ABG','2019-02-18','Outright','ABGS',162.04,93.00,0,'33.7','2019-06-20',27000000.00,'2019-04-10 11:25:53','2019-04-10 11:25:53'),(455,43514.090,'FSR','2019-02-18','Calls','FSRS',60.39,93.00,0,'31.6','2019-06-20',26000000.00,'2019-04-10 11:25:53','2019-04-10 11:25:53'),(456,43514.080,'FSR','2019-02-18','-','FSRS',73.68,114.00,0,'28.4','2019-06-20',26000000.00,'2019-04-10 11:25:53','2019-04-10 11:25:53'),(457,43514.070,'ABG','2019-02-18','Outright','ABGS',197.69,113.00,0,'30.4','2019-06-20',27000000.00,'2019-04-10 11:25:53','2019-04-10 11:25:53'),(458,43514.060,'SBK','2019-02-18','Calls','SBKS',203.70,106.00,0,'31','2019-06-20',27000000.00,'2019-04-10 11:25:53','2019-04-10 11:25:53'),(459,43514.050,'SBK','2019-02-18','-','SBKS',248.51,129.00,0,'28.1','2019-06-20',27000000.00,'2019-04-10 11:25:53','2019-04-10 11:25:53'),(460,43514.040,'DTOP','2019-02-18','Calendar','DTOP',11500.00,NULL,0,'16.5','2019-09-19',12500.00,'2019-04-10 11:25:53','2019-04-10 11:25:53'),(461,43514.030,'DTOP','2019-02-18','-','DTOP',11500.00,NULL,0,'15','2019-06-20',12500.00,'2019-04-10 11:25:53','2019-04-10 11:25:53'),(462,43514.020,'ALSI','2019-02-18','Outright','ALSI',60000.00,NULL,0,'14.5','2020-06-18',500.00,'2019-04-10 11:25:53','2019-04-10 11:25:53'),(463,43514.010,'ALSI','2019-02-18','Outright','ALSI',49600.00,NULL,0,'14.7','2019-03-20',550.00,'2019-04-10 11:25:53','2019-04-10 11:25:53'),(464,43511.090,'ALSI','2019-02-15','Yield Pick-up','ALSX',49250.00,NULL,0,'14.6','2019-03-14',440.00,'2019-04-10 11:25:53','2019-04-10 11:25:53'),(465,43511.080,'DSY','2019-02-15','Bear Fence','DSYS',128.35,90.00,1,'34.6','2019-09-19',17000000.00,'2019-04-10 11:25:53','2019-04-10 11:25:53'),(466,43511.070,'DSY','2019-02-15','-','DSYS',142.61,100.00,1,'33.2','2019-09-19',17000000.00,'2019-04-10 11:25:53','2019-04-10 11:25:53'),(467,43511.060,'DSY','2019-02-15','-','DSYS',168.94,118.00,0,'25.6','2019-09-19',17000000.00,'2019-04-10 11:25:53','2019-04-10 11:25:53'),(468,43511.050,'ALSI','2019-02-15','Outright','ALSI',47000.00,NULL,1,'16.7','2019-03-20',500.00,'2019-04-10 11:25:53','2019-04-10 11:25:53'),(469,43511.040,'NPN','2019-02-15','Outright','NPNQ',2800.00,92.00,1,'38.5','2019-06-20',125000000.00,'2019-04-10 11:25:53','2019-04-10 11:25:53'),(470,43511.030,'WHL','2019-02-15','Outright','WHLQ',50.00,111.00,0,'30.5','2019-09-19',100000000.00,'2019-04-10 11:25:53','2019-04-10 11:25:53'),(471,43511.020,'ALSI','2019-02-15','Risky','ALSI',47000.00,NULL,1,'17.5','2019-06-20',1500.00,'2019-04-10 11:25:53','2019-04-10 11:25:53'),(472,43511.010,'ALSI','2019-02-15','-','ALSI',53000.00,NULL,0,'14','2019-06-20',1500.00,'2019-04-10 11:25:53','2019-04-10 11:25:53'),(473,43510.120,'CPI','2019-02-14','Outright','CPIQ',1100.00,91.00,1,'28','2019-06-20',25000000.00,'2019-04-10 11:25:53','2019-04-10 11:25:53'),(474,43510.110,'BHP','2019-02-14','-','BHPQ',304.67,95.00,0,'26.5','2019-03-20',100000000.00,'2019-04-10 11:25:53','2019-04-10 11:25:53'),(475,43510.100,'BHP','2019-02-14','Calendar','BHPQ',304.67,95.00,0,'26.7','2019-06-20',100000000.00,'2019-04-10 11:25:53','2019-04-10 11:25:53'),(476,43510.090,'ALSI','2019-02-14','Call Spread','ALSI',46000.00,NULL,0,'18','2019-06-20',1991.00,'2019-04-10 11:25:53','2019-04-10 11:25:53'),(477,43510.080,'ALSI','2019-02-14','-','ALSI',53000.00,NULL,0,'14.4','2019-06-20',1991.00,'2019-04-10 11:25:53','2019-04-10 11:25:53'),(478,43510.070,'ALSI','2019-02-14','Outright','ALSI',48000.00,NULL,0,'17.8','2019-09-19',1991.00,'2019-04-10 11:25:53','2019-04-10 11:25:53'),(479,43510.060,'DTOP','2019-02-14','Risky','DTOP',9500.00,NULL,1,'0','2019-06-20',12500.00,'2019-04-10 11:25:53','2019-04-10 11:25:53'),(480,43510.050,'DTOP','2019-02-14','-','DTOP',11500.00,NULL,0,'0','2019-06-20',12500.00,'2019-04-10 11:25:53','2019-04-10 11:25:53'),(481,43510.040,'ALSI','2019-02-14','Outright','ALSI',47000.00,NULL,1,'16.8','2019-03-20',500.00,'2019-04-10 11:25:53','2019-04-10 11:25:53'),(482,43510.030,'ALSI','2019-02-14','Risky','ALSI',46000.00,NULL,1,'17.9','2019-06-20',500.00,'2019-04-10 11:25:53','2019-04-10 11:25:53'),(483,43510.020,'ALSI','2019-02-14','-','ALSI',48000.00,NULL,1,'16.6','2019-06-20',500.00,'2019-04-10 11:25:53','2019-04-10 11:25:53'),(484,43510.010,'FSR','2019-02-14','Outright','FSRQ',60.00,95.00,1,'42','2019-03-20',52000000.00,'2019-04-10 11:25:53','2019-04-10 11:25:53'),(485,43509.150,'NPN','2019-02-13','Bear Fence','NPNQ',2218.80,74.00,1,'42.5','2019-06-20',75000000.00,'2019-04-10 11:25:53','2019-04-10 11:25:53'),(486,43509.140,'NPN','2019-02-13','-','NPNQ',2662.56,88.00,1,'35.9','2019-06-20',75000000.00,'2019-04-10 11:25:53','2019-04-10 11:25:53'),(487,43509.130,'NPN','2019-02-13','-','NPNQ',3328.20,111.00,0,'33.4','2019-06-20',75000000.00,'2019-04-10 11:25:53','2019-04-10 11:25:53'),(488,43509.120,'ALSI','2019-02-13','Outright','ALSI',50000.00,NULL,0,'15.1','2019-06-20',500.00,'2019-04-10 11:25:53','2019-04-10 11:25:53'),(489,43509.110,'ALSI','2019-02-13','Outright','ALSI',50000.00,NULL,0,'14.5','2019-03-20',500.00,'2019-04-10 11:25:53','2019-04-10 11:25:53'),(490,43509.100,'ALSI','2019-02-13','Outright','ALSI',50000.00,NULL,0,'13.4','2019-03-20',1000.00,'2019-04-10 11:25:53','2019-04-10 11:25:53'),(491,43509.090,'ALSI','2019-02-13','Risky','ALSI',47000.00,NULL,1,'16','2019-03-20',500.00,'2019-04-10 11:25:53','2019-04-10 11:25:53'),(492,43509.080,'ALSI','2019-02-13','-','ALSI',48000.00,NULL,1,'15.1','2019-03-20',500.00,'2019-04-10 11:25:53','2019-04-10 11:25:53'),(493,43509.070,'ALSI','2019-02-13','Outright','ALSI',46000.00,NULL,1,'17.8','2019-06-20',500.00,'2019-04-10 11:25:53','2019-04-10 11:25:53'),(494,43509.060,'DCAP','2019-02-13','Collar','DCAP',14630.00,NULL,1,'19.7','2019-12-19',5900.00,'2019-04-10 11:25:53','2019-04-10 11:25:53'),(495,43509.050,'DCAP','2019-02-13','-','DCAP',18690.00,NULL,0,'15.1','2019-12-19',5900.00,'2019-04-10 11:25:53','2019-04-10 11:25:53'),(496,43509.040,'ALSI','2019-02-13','Collar','ALSI',47250.00,NULL,1,'15','2019-06-20',5050.00,'2019-04-10 11:25:53','2019-04-10 11:25:53'),(497,43509.030,'ALSI','2019-02-13','-','ALSI',48750.00,NULL,0,'18.2','2019-06-20',5050.00,'2019-04-10 11:25:53','2019-04-10 11:25:53'),(498,43509.020,'SOL','2019-02-13','Calendar','SOLQ',400.00,97.00,1,'32.6','2019-03-20',50000000.00,'2019-04-10 11:25:53','2019-04-10 11:25:53'),(499,43509.010,'SOL','2019-02-13','-','SOLQ',400.00,97.00,1,'32.5','2019-06-20',50000000.00,'2019-04-10 11:25:53','2019-04-10 11:25:53'),(500,43508.060,'ALSI','2019-02-12','Yield Pick-up','ALSX',48550.00,NULL,0,'15.4','2019-03-11',435.00,'2019-04-10 11:25:53','2019-04-10 11:25:53'),(501,43508.050,'SOL','2019-02-12','Risky','SOLQ',400.00,103.00,0,'33.4','2019-09-19',50000000.00,'2019-04-10 11:25:53','2019-04-10 11:25:53'),(502,43508.040,'SOL','2019-02-12','-','SOLQ',480.00,123.00,0,'31.6','2019-09-19',50000000.00,'2019-04-10 11:25:53','2019-04-10 11:25:53'),(503,43508.030,'CFR','2019-02-12','Outright','CFRQ',100.00,105.00,0,'30.8','2019-06-20',50000000.00,'2019-04-10 11:25:53','2019-04-10 11:25:53'),(504,43508.020,'CPI','2019-02-12','Collar','CPIS',1005.04,84.00,1,'30.8','2019-12-19',81000000.00,'2019-04-10 11:25:53','2019-04-10 11:25:53'),(505,43508.010,'CPI','2019-02-12','-','CPIS',1478.00,124.00,0,'25.7','2019-12-19',81000000.00,'2019-04-10 11:25:53','2019-04-10 11:25:53'),(506,43507.060,'CLS','2019-02-11','Outright','CLSQ',210.00,115.00,0,'31.8','2019-12-19',100000000.00,'2019-04-10 11:25:53','2019-04-10 11:25:53'),(507,43507.050,'IPL','2019-02-11','Outright','IPLQ',60.00,92.00,1,'48','2019-09-19',50000000.00,'2019-04-10 11:25:53','2019-04-10 11:25:53'),(508,43507.040,'ALSI','2019-02-11','Risky','ALSI',43000.00,NULL,1,'20','2019-09-19',500.00,'2019-04-10 11:25:53','2019-04-10 11:25:53'),(509,43507.030,'ALSI','2019-02-11','-','ALSI',48000.00,NULL,0,'17','2019-09-19',500.00,'2019-04-10 11:25:53','2019-04-10 11:25:53'),(510,43507.020,'OMU','2019-02-11','Collar','OMUS',22.10,98.00,1,'0','2019-03-20',227000000.00,'2019-04-10 11:25:53','2019-04-10 11:25:53'),(511,43507.010,'OMU','2019-02-11','-','OMUS',26.01,116.00,0,'0','2019-03-20',227000000.00,'2019-04-10 11:25:53','2019-04-10 11:25:53'),(512,43504.090,'ALSI','2019-02-08','Risky','ALSI',44000.00,NULL,1,'20','2019-06-20',2000.00,'2019-04-10 11:25:53','2019-04-10 11:25:53'),(513,43504.080,'ALSI','2019-02-08','-','ALSI',48000.00,NULL,1,'17.2','2019-06-20',2000.00,'2019-04-10 11:25:53','2019-04-10 11:25:53'),(514,43504.070,'NPN','2019-02-08','Risky','NPNQ',2500.00,84.00,1,'37.1','2019-12-19',100000000.00,'2019-04-10 11:25:53','2019-04-10 11:25:53'),(515,43504.060,'NPN','2019-02-08','-','NPNQ',3300.00,110.00,1,'33.9','2019-12-19',100000000.00,'2019-04-10 11:25:53','2019-04-10 11:25:53'),(516,43504.050,'SLM','2019-02-08','Outright','SLMQ',80.00,101.00,1,'33','2019-06-20',250000000.00,'2019-04-10 11:25:53','2019-04-10 11:25:53'),(517,43504.040,'SOL','2019-02-08','Outright','SOLQ',400.00,104.00,1,'0','2019-03-20',241000000.00,'2019-04-10 11:25:53','2019-04-10 11:25:53'),(518,43504.030,'SOL','2019-02-08','Ratio Bull Fence','SOLQ',320.00,83.00,1,'39.9','2020-03-19',241000000.00,'2019-04-10 11:25:53','2019-04-10 11:25:53'),(519,43504.020,'SOL','2019-02-08','-','SOLQ',400.00,104.00,0,'36.6','2020-03-19',339000000.00,'2019-04-10 11:25:53','2019-04-10 11:25:53'),(520,43504.010,'SOL','2019-02-08','-','SOLQ',495.00,129.00,0,'33.6','2020-03-19',241000000.00,'2019-04-10 11:25:53','2019-04-10 11:25:53'),(521,43503.170,'ALSI','2019-02-07','Yield Pick-up','ALSX',49400.00,NULL,0,'15.3','2019-03-06',435.00,'2019-04-10 11:25:53','2019-04-10 11:25:53'),(522,43503.160,'SBK','2019-02-07','Outright','SBKQ',193.00,105.00,0,'32.9','2019-03-20',75000000.00,'2019-04-10 11:25:53','2019-04-10 11:25:53'),(523,43503.150,'CLS','2019-02-07','Ratio Bear Fence','CLSQ',150.00,80.00,1,'37.1','2019-06-20',38000000.00,'2019-04-10 11:25:53','2019-04-10 11:25:53'),(524,43503.130,'CLS','2019-02-07','-','CLSQ',185.00,99.00,1,'33.6','2019-06-20',18000000.00,'2019-04-10 11:25:53','2019-04-10 11:25:53'),(525,43503.110,'CLS','2019-02-07','-','CLSQ',215.00,115.00,0,'31.8','2019-06-20',38000000.00,'2019-04-10 11:25:53','2019-04-10 11:25:53'),(526,43503.090,'APN','2019-02-07','Outright','APNQ',150.00,105.00,0,'40.6','2019-03-20',50000000.00,'2019-04-10 11:25:53','2019-04-10 11:25:53'),(527,43503.080,'DTOP','2019-02-07','Outright','DTOP',11900.00,NULL,0,'0','2020-03-19',8200.00,'2019-04-10 11:25:53','2019-04-10 11:25:53'),(528,43503.070,'NPN','2019-02-07','Risky','NPNQ',2400.00,79.00,1,'36','2019-09-19',150000000.00,'2019-04-10 11:25:53','2019-04-10 11:25:53'),(529,43503.050,'NPN','2019-02-07','-','NPNQ',3800.00,125.00,0,'31.7','2019-09-19',150000000.00,'2019-04-10 11:25:53','2019-04-10 11:25:53'),(530,43503.030,'LHC','2019-02-07','Bear Fence','LHCS',21.24,82.00,1,'33.3','2019-06-20',16000000.00,'2019-04-10 11:25:53','2019-04-10 11:25:53'),(531,43503.020,'LHC','2019-02-07','-','LHCS',25.90,100.00,1,'28.6','2019-06-20',16000000.00,'2019-04-10 11:25:53','2019-04-10 11:25:53'),(532,43503.010,'LHC','2019-02-07','-','LHCS',25.90,100.00,0,'28.6','2019-06-20',16000000.00,'2019-04-10 11:25:53','2019-04-10 11:25:53'),(533,43502.180,'NPN','2019-02-06','Calendar','NPNQ',3000.00,97.00,1,'34.8','2019-03-20',51000000.00,'2019-04-10 11:25:53','2019-04-10 11:25:53'),(534,43502.170,'NPN','2019-02-06','-','NPNQ',3000.00,97.00,1,'33.1','2019-06-20',51000000.00,'2019-04-10 11:25:53','2019-04-10 11:25:53'),(535,43502.160,'NPN','2019-02-06','Outright','NPNQ',3000.00,97.00,1,'36','2019-03-20',50000000.00,'2019-04-10 11:25:53','2019-04-10 11:25:53'),(536,43502.150,'ALSI','2019-02-06','Outright','ALSI',50000.00,NULL,0,'18.7','2020-06-18',400.00,'2019-04-10 11:25:53','2019-04-10 11:25:53'),(537,43502.140,'ALSI','2019-02-06','Cali-Risky','ALSI',45000.00,NULL,1,'18.5','2019-03-20',1000.00,'2019-04-10 11:25:53','2019-04-10 11:25:53'),(538,43502.130,'ALSI','2019-02-06','-','ALSI',47000.00,NULL,1,'17.7','2019-06-20',1000.00,'2019-04-10 11:25:53','2019-04-10 11:25:53'),(539,43502.120,'ALSI','2019-02-06','Outright','ALSI',50000.00,NULL,0,'15.6','2019-03-20',2000.00,'2019-04-10 11:25:53','2019-04-10 11:25:53'),(540,43502.110,'ALSI','2019-02-06','Outright','ALSI',60000.00,NULL,0,'14.5','2020-06-18',500.00,'2019-04-10 11:25:53','2019-04-10 11:25:53'),(541,43502.100,'CPI','2019-02-06','Cali-Risky','CPIQ',980.00,83.00,1,'29','2019-09-19',50000000.00,'2019-04-10 11:25:53','2019-04-10 11:25:53'),(542,43502.090,'CPI','2019-02-06','-','CPIQ',1100.00,94.00,1,'25','2019-06-20',50000000.00,'2019-04-10 11:25:53','2019-04-10 11:25:53'),(543,43502.080,'ALSI','2019-02-06','Risky','ALSI',46000.00,NULL,1,'17.8','2019-06-20',1000.00,'2019-04-10 11:25:53','2019-04-10 11:25:53'),(544,43502.070,'ALSI','2019-02-06','-','ALSI',51000.00,NULL,0,'15','2019-06-20',1000.00,'2019-04-10 11:25:53','2019-04-10 11:25:53'),(545,43502.060,'SOL','2019-02-06','Calendar','SOLQ',400.00,94.00,1,'35.8','2019-06-20',50000000.00,'2019-04-10 11:25:53','2019-04-10 11:25:53'),(546,43502.050,'SOL','2019-02-06','-','SOLQ',400.00,94.00,1,'37.9','2019-03-20',50000000.00,'2019-04-10 11:25:53','2019-04-10 11:25:53'),(547,43502.040,'MTN','2019-02-06','Calendar','MTNQ',90.00,103.00,1,'37.6','2019-03-20',50000000.00,'2019-04-10 11:25:53','2019-04-10 11:25:53'),(548,43502.030,'MTN','2019-02-06','-','MTNQ',90.00,103.00,1,'38','2019-06-20',50000000.00,'2019-04-10 11:25:53','2019-04-10 11:25:53'),(549,43502.020,'DTOP','2019-02-06','Outright','DTOX',11720.00,NULL,0,'16.3','2019-10-03',2206.00,'2019-04-10 11:25:53','2019-04-10 11:25:53'),(550,43502.010,'CPI','2019-02-06','Outright','CPIQ',1100.00,94.00,1,'26.9','2020-03-19',50000000.00,'2019-04-10 11:25:53','2019-04-10 11:25:53'),(551,43501.130,'ALSI','2019-02-05','Cali-Risky','ALSI',45000.00,NULL,1,'18.8','2019-03-20',4105.00,'2019-04-10 11:25:53','2019-04-10 11:25:53'),(552,43501.120,'ALSI','2019-02-05','-','ALSI',47000.00,NULL,1,'18.1','2019-06-20',4105.00,'2019-04-10 11:25:53','2019-04-10 11:25:53'),(553,43501.110,'ALSI','2019-02-05','Outright','ALSI',48000.00,NULL,0,'15.8','2019-03-20',500.00,'2019-04-10 11:25:53','2019-04-10 11:25:53'),(554,43501.100,'ALSI','2019-02-05','Outright','ALSI',60000.00,NULL,0,'16','2020-03-19',1000.00,'2019-04-10 11:25:53','2019-04-10 11:25:53'),(555,43501.090,'NPN','2019-02-05','Outright','NPNQ',2100.00,69.00,1,'38.2','2020-03-19',100000000.00,'2019-04-10 11:25:53','2019-04-10 11:25:53'),(556,43501.080,'ALSI','2019-02-05','Outright','ALSI',48000.00,NULL,0,'15.6','2019-03-20',1000.00,'2019-04-10 11:25:53','2019-04-10 11:25:53'),(557,43501.060,'DCAP','2019-02-05','Switch','DCAP',16000.00,NULL,1,'17.4','2019-03-20',6000.00,'2019-04-10 11:25:53','2019-04-10 11:25:53'),(558,43501.050,'ALSI','2019-02-05','-','ALSI',45000.00,NULL,1,'18.5','2019-03-20',2000.00,'2019-04-10 11:25:53','2019-04-10 11:25:53'),(559,43501.040,'NPN','2019-02-05','Calendar','NPNQ',3000.00,99.00,1,'34','2019-03-20',100000000.00,'2019-04-10 11:25:53','2019-04-10 11:25:53'),(560,43501.030,'NPN','2019-02-05','-','NPNQ',3000.00,99.00,1,'33','2019-06-20',100000000.00,'2019-04-10 11:25:53','2019-04-10 11:25:53'),(561,43501.020,'ALSI','2019-02-05','Outright','ALSI',60000.00,NULL,0,'14.5','2020-06-18',500.00,'2019-04-10 11:25:53','2019-04-10 11:25:53'),(562,43501.010,'ALSI','2019-02-05','Outright','ALSI',52000.00,NULL,0,'16','2019-09-19',500.00,'2019-04-10 11:25:53','2019-04-10 11:25:53'),(563,43500.090,'ALSI','2019-02-04','Outright','ALSI',44000.00,NULL,1,'19.7','2019-03-20',1000.00,'2019-04-10 11:25:53','2019-04-10 11:25:53'),(564,43500.080,'NPN','2019-02-04','Outright','NPNQ',3000.00,102.00,1,'0','2019-03-20',200000000.00,'2019-04-10 11:25:53','2019-04-10 11:25:53'),(565,43500.070,'ALSI','2019-02-04','Outright','ALSI',44000.00,NULL,1,'19.7','2019-03-20',1000.00,'2019-04-10 11:25:53','2019-04-10 11:25:53'),(566,43500.060,'DSY','2019-02-04','Risky','DSYQ',140.00,89.00,1,'30.8','2019-09-19',100000000.00,'2019-04-10 11:25:53','2019-04-10 11:25:53'),(567,43500.050,'DSY','2019-02-04','-','DSYQ',180.00,115.00,0,'26.5','2019-09-19',100000000.00,'2019-04-10 11:25:53','2019-04-10 11:25:53'),(568,43500.040,'ALSI','2019-02-04','Outright','ALSI',48000.00,NULL,0,'16.2','2019-03-20',1100.00,'2019-04-10 11:25:53','2019-04-10 11:25:53'),(569,43500.030,'CFR','2019-02-04','Outright','CFRQ',90.00,98.00,1,'26.8','2019-06-20',75000000.00,'2019-04-10 11:25:53','2019-04-10 11:25:53'),(570,43500.020,'NPN','2019-02-04','Outright','NPNQ',3500.00,118.00,0,'33.6','2019-12-19',50000000.00,'2019-04-10 11:25:53','2019-04-10 11:25:53'),(571,43500.010,'ALSI','2019-02-04','Outright','ALSI',47000.00,NULL,1,'17.5','2019-06-20',500.00,'2019-04-10 11:25:53','2019-04-10 11:25:53'),(572,43497.160,'ALSI','2019-02-01','Outright','ALSI',52000.00,NULL,0,'16.6','2019-09-19',760.00,'2019-04-10 11:25:53','2019-04-10 11:25:53'),(573,43497.150,'ALSI','2019-02-01','Risky','ALSI',45500.00,NULL,1,'19.5','2019-03-20',500.00,'2019-04-10 11:25:53','2019-04-10 11:25:53'),(574,43497.140,'ALSI','2019-02-01','-','ALSI',47000.00,NULL,1,'17.9','2019-03-20',500.00,'2019-04-10 11:25:53','2019-04-10 11:25:53'),(575,43497.130,'NPN','2019-02-01','Bear Fence','NPNQ',2218.80,75.00,1,'41.8','2019-06-20',60000000.00,'2019-04-10 11:25:53','2019-04-10 11:25:53'),(576,43497.120,'NPN','2019-02-01','-','NPNQ',2662.56,90.00,1,'37','2019-06-20',60000000.00,'2019-04-10 11:25:53','2019-04-10 11:25:53'),(577,43497.110,'NPN','2019-02-01','-','NPNQ',3328.20,113.00,0,'35','2019-06-20',60000000.00,'2019-04-10 11:25:53','2019-04-10 11:25:53'),(578,43497.100,'NPN','2019-02-01','Collar','NPNQ',2765.45,94.00,1,'42.4','2019-12-19',45000000.00,'2019-04-10 11:25:53','2019-04-10 11:25:53'),(579,43497.090,'NPN','2019-02-01','-','NPNQ',3852.71,131.00,0,'41','2019-12-19',45000000.00,'2019-04-10 11:25:53','2019-04-10 11:25:53'),(580,43497.080,'NXD','2019-02-01','Bear Fence','NXDQ',255.00,90.00,1,'34','2019-06-20',47000000.00,'2019-04-10 11:25:53','2019-04-10 11:25:53'),(581,43497.070,'NXD','2019-02-01','-','NXDQ',284.00,100.00,1,'32.4','2019-06-20',47000000.00,'2019-04-10 11:25:53','2019-04-10 11:25:53'),(582,43497.060,'NXD','2019-02-01','-','NXDQ',315.00,111.00,0,'31','2019-06-20',47000000.00,'2019-04-10 11:25:53','2019-04-10 11:25:53'),(583,43497.050,'SOL','2019-02-01','Outright','SOLS',357.71,90.00,1,'37.4','2019-03-20',20000000.00,'2019-04-10 11:25:53','2019-04-10 11:25:53'),(584,43497.040,'CFR','2019-02-01','Outright','CFRQ',100.00,109.00,0,'28.4','2019-06-20',50000000.00,'2019-04-10 11:25:53','2019-04-10 11:25:53'),(585,43497.030,'ALSI','2019-02-01','Outright','ALSI',44000.00,NULL,1,'20.5','2019-06-20',2000.00,'2019-04-10 11:25:53','2019-04-10 11:25:53'),(586,43497.020,'NPN','2019-02-01','Risky','NPNQ',2300.00,78.00,1,'39.2','2019-12-19',50000000.00,'2019-04-10 11:25:53','2019-04-10 11:25:53'),(587,43497.010,'NPN','2019-02-01','-','NPNQ',4000.00,136.00,0,'33.5','2019-12-19',50000000.00,'2019-04-10 11:25:53','2019-04-10 11:25:53'),(588,43496.060,'ALSI','2019-01-31','Outright','ALSI',60000.00,NULL,0,'14.5','2020-06-18',500.00,'2019-04-10 11:25:53','2019-04-10 11:25:53'),(589,43496.050,'NPN','2019-01-31','Outright','NPNQ',2100.00,69.00,1,'40.8','2020-03-19',100000000.00,'2019-04-10 11:25:53','2019-04-10 11:25:53'),(590,43496.040,'ALSI','2019-01-31','Outright','ALSI',52000.00,NULL,0,'16.6','2019-09-19',500.00,'2019-04-10 11:25:53','2019-04-10 11:25:53'),(591,43496.030,'ALSI','2019-01-31','Risky','ALSI',45000.00,NULL,1,'21','2020-03-19',500.00,'2019-04-10 11:25:53','2019-04-10 11:25:53'),(592,43496.020,'ALSI','2019-01-31','-','ALSI',50000.00,NULL,0,'18.5','2020-03-19',500.00,'2019-04-10 11:25:53','2019-04-10 11:25:53'),(593,43496.010,'ALSI','2019-01-31','Outright','ALSI',40000.00,NULL,1,'22.9','2019-09-19',500.00,'2019-04-10 11:25:53','2019-04-10 11:25:53'),(594,43495.210,'NPN','2019-01-30','Outright','NPNQ',4000.00,132.00,0,'33.8','2020-03-19',100000000.00,'2019-04-10 11:25:53','2019-04-10 11:25:53'),(595,43495.190,'ALSI','2019-01-30','Yield Pick-up','ALSX',49300.00,NULL,0,'17.4','2019-02-28',435.00,'2019-04-10 11:25:53','2019-04-10 11:25:53'),(596,43495.180,'SBK','2019-01-30','Bear Fence','SBKQ',170.00,88.00,1,'0','2019-06-20',274000000.00,'2019-04-10 11:25:53','2019-04-10 11:25:53'),(597,43495.170,'SBK','2019-01-30','-','SBKQ',189.00,98.00,1,'0','2019-06-20',274000000.00,'2019-04-10 11:25:53','2019-04-10 11:25:53'),(598,43495.160,'SBK','2019-01-30','-','SBKQ',211.00,109.00,0,'0','2019-06-20',274000000.00,'2019-04-10 11:25:53','2019-04-10 11:25:53'),(599,43495.150,'DCAP','2019-01-30','Outright','DCAP',16000.00,NULL,1,'18.9','2019-06-20',7500.00,'2019-04-10 11:25:53','2019-04-10 11:25:53'),(600,43495.140,'ALSI','2019-01-30','Cali-Risky','ALSI',45000.00,NULL,1,'19.7','2019-03-20',4050.00,'2019-04-10 11:25:53','2019-04-10 11:25:53'),(601,43495.130,'ALSI','2019-01-30','-','ALSI',48000.00,NULL,1,'17.9','2019-06-20',4050.00,'2019-04-10 11:25:53','2019-04-10 11:25:53'),(602,43495.120,'NPN','2019-01-30','Risky','NPNQ',3400.00,112.00,0,'34.1','2019-12-19',250000000.00,'2019-04-10 11:25:53','2019-04-10 11:25:53'),(603,43495.110,'NPN','2019-01-30','-','NPNQ',4200.00,139.00,0,'32.8','2019-12-19',250000000.00,'2019-04-10 11:25:53','2019-04-10 11:25:53'),(604,43495.100,'ALSI','2019-01-30','Outright','ALSI',47000.00,NULL,1,'18.5','2019-06-20',500.00,'2019-04-10 11:25:53','2019-04-10 11:25:53'),(605,43495.090,'ALSI','2019-01-30','Outright','ALSI',41000.00,NULL,1,'24','2019-06-20',650.00,'2019-04-10 11:25:53','2019-04-10 11:25:53'),(606,43495.080,'DCAP','2019-01-30','Outright','DCAP',16000.00,NULL,1,'18.4','2019-03-20',1500.00,'2019-04-10 11:25:53','2019-04-10 11:25:53'),(607,43495.070,'ALSI','2019-01-30','Outright','ALSI',47000.00,NULL,1,'18.5','2019-06-20',500.00,'2019-04-10 11:25:53','2019-04-10 11:25:53'),(608,43495.060,'CPI','2019-01-30','Collar','CPIS',1040.45,90.00,1,'29.2','2019-12-19',60000000.00,'2019-04-10 11:25:53','2019-04-10 11:25:53'),(609,43495.050,'CPI','2019-01-30','-','CPIS',1387.27,120.00,0,'23.5','2019-12-19',60000000.00,'2019-04-10 11:25:53','2019-04-10 11:25:53'),(610,43495.040,'SBK','2019-01-30','Outright','SBKQ',200.00,104.00,0,'31.2','2019-06-20',50000000.00,'2019-04-10 11:25:53','2019-04-10 11:25:53'),(611,43495.030,'NPN','2019-01-30','Bear Fence','NPNQ',2218.80,73.00,1,'41','2019-06-20',60000000.00,'2019-04-10 11:25:53','2019-04-10 11:25:53'),(612,43495.020,'NPN','2019-01-30','-','NPNQ',2662.56,88.00,1,'36.5','2019-06-20',60000000.00,'2019-04-10 11:25:53','2019-04-10 11:25:53'),(613,43495.010,'NPN','2019-01-30','-','NPNQ',3328.20,110.00,0,'34.3','2019-06-20',60000000.00,'2019-04-10 11:25:53','2019-04-10 11:25:53'),(614,43494.100,'ALSI','2019-01-29','Outright','ALSI',45000.00,NULL,1,'20.1','2019-09-19',500.00,'2019-04-10 11:25:53','2019-04-10 11:25:53'),(615,43494.090,'SHP','2019-01-29','Outright','SHPQ',170.00,95.00,1,'34.8','2019-09-19',50000000.00,'2019-04-10 11:25:53','2019-04-10 11:25:53'),(616,43494.080,'DTOP','2019-01-29','Risky','DTOP',10000.00,NULL,1,'21','2019-09-19',2500.00,'2019-04-10 11:25:53','2019-04-10 11:25:53'),(617,43494.070,'DTOP','2019-01-29','-','DTOP',12500.00,NULL,0,'15.8','2019-09-19',2500.00,'2019-04-10 11:25:53','2019-04-10 11:25:53'),(618,43494.060,'ALSI','2019-01-29','Risky','ALSI',45000.00,NULL,1,'21','2020-03-19',2000.00,'2019-04-10 11:25:53','2019-04-10 11:25:53'),(619,43494.050,'ALSI','2019-01-29','-','ALSI',50000.00,NULL,0,'18.5','2020-03-19',2000.00,'2019-04-10 11:25:53','2019-04-10 11:25:53'),(620,43494.020,'ABG','2019-01-29','Outright','ABGQ',160.00,86.00,1,'31.7','2019-06-20',50000000.00,'2019-04-10 11:25:53','2019-04-10 11:25:53'),(621,43494.010,'NPN','2019-01-29','Outright','NPNQ',4000.00,130.00,0,'34.2','2020-03-19',50000000.00,'2019-04-10 11:25:53','2019-04-10 11:25:53'),(622,43490.220,'LHC','2019-01-25','Outright','LHCQ',27.00,100.00,1,'27.3','2019-06-20',50000000.00,'2019-04-10 11:25:53','2019-04-10 11:25:53'),(623,43490.210,'DTOP','2019-01-25','Outright','DTOP',11500.00,NULL,0,'16.9','2019-06-20',2500.00,'2019-04-10 11:25:53','2019-04-10 11:25:53'),(624,43490.200,'SHP','2019-01-25','Collar','SHPS',166.82,90.00,1,'35','2019-09-19',18000000.00,'2019-04-10 11:25:53','2019-04-10 11:25:53'),(625,43490.190,'SHP','2019-01-25','-','SHPS',213.16,115.00,0,'31.6','2019-09-19',18000000.00,'2019-04-10 11:25:53','2019-04-10 11:25:53'),(626,43490.180,'ALSI','2019-01-25','Risky','ALSI',46000.00,NULL,1,'19.2','2019-03-20',500.00,'2019-04-10 11:25:53','2019-04-10 11:25:53'),(627,43490.170,'ALSI','2019-01-25','-','ALSI',52000.00,NULL,0,'16','2019-03-20',500.00,'2019-04-10 11:25:53','2019-04-10 11:25:53'),(628,43490.160,'TFG','2019-01-25','Bear Fence','TFGS',154.71,91.00,1,'39.9','2019-06-20',34000000.00,'2019-04-10 11:25:53','2019-04-10 11:25:53'),(629,43490.150,'TFG','2019-01-25','-','TFGS',171.90,101.00,1,'37.7','2019-06-20',34000000.00,'2019-04-10 11:25:53','2019-04-10 11:25:53'),(630,43490.140,'TFG','2019-01-25','-','TFGS',204.60,121.00,0,'35.3','2019-06-20',34000000.00,'2019-04-10 11:25:53','2019-04-10 11:25:53'),(631,43490.130,'ALSI','2019-01-25','Outright','ALSI',55000.00,NULL,0,'16.6','2020-06-18',500.00,'2019-04-10 11:25:53','2019-04-10 11:25:53'),(632,43490.120,'PIK','2019-01-25','Outright','PIKQ',75.00,105.00,0,'30.7','2019-06-20',25000000.00,'2019-04-10 11:25:53','2019-04-10 11:25:53'),(633,43490.110,'ALSI','2019-01-25','Yield Pick-up','ALSX',49350.00,NULL,0,'17.1','2019-02-26',435.00,'2019-04-10 11:25:53','2019-04-10 11:25:53'),(634,43490.100,'DTOP','2019-01-25','Risky','DTOP',8500.00,NULL,1,'24.5','2019-09-19',5000.00,'2019-04-10 11:25:53','2019-04-10 11:25:53'),(635,43490.090,'DTOP','2019-01-25','-','DTOP',11500.00,NULL,0,'17.6','2019-09-19',5000.00,'2019-04-10 11:25:53','2019-04-10 11:25:53'),(636,43490.080,'NPN','2019-01-25','Bear Fence','NPNS',2134.71,70.00,1,'0','2020-03-19',1539000000.00,'2019-04-10 11:25:53','2019-04-10 11:25:53'),(637,43490.070,'NPN','2019-01-25','-','NPNS',2744.63,90.00,1,'0','2020-03-19',1539000000.00,'2019-04-10 11:25:53','2019-04-10 11:25:53'),(638,43490.060,'NPN','2019-01-25','-','NPNS',4327.67,142.00,0,'0','2020-03-19',1539000000.00,'2019-04-10 11:25:53','2019-04-10 11:25:53'),(639,43490.050,'NPN','2019-01-25','Bear Fence','NPNS',2439.67,80.00,1,'0','2020-03-19',312000000.00,'2019-04-10 11:25:53','2019-04-10 11:25:53'),(640,43490.040,'NPN','2019-01-25','-','NPNS',3049.59,100.00,1,'0','2020-03-19',312000000.00,'2019-04-10 11:25:53','2019-04-10 11:25:53'),(641,43490.030,'NPN','2019-01-25','-','NPNS',4094.07,135.00,0,'0','2020-03-19',312000000.00,'2019-04-10 11:25:53','2019-04-10 11:25:53'),(642,43490.020,'NPN','2019-01-25','Outright','NPNQ',3400.00,112.00,0,'32','2019-03-20',100000000.00,'2019-04-10 11:25:53','2019-04-10 11:25:53'),(643,43490.010,'ALSI','2019-01-25','Outright','ALSI',50000.00,NULL,0,'17.1','2019-03-20',1000.00,'2019-04-10 11:25:53','2019-04-10 11:25:53'),(644,43489.080,'DSY','2019-01-24','Outright','DSYQ',156.37,97.00,1,'33.7','2019-03-20',17000000.00,'2019-04-10 11:25:53','2019-04-10 11:25:53'),(645,43489.070,'DTOP','2019-01-24','Outright','DTOP',11500.00,NULL,0,'18.8','2019-12-19',2500.00,'2019-04-10 11:25:53','2019-04-10 11:25:53'),(646,43489.060,'NPN','2019-01-24','Collar','NPNS',2114.00,70.00,1,'42','2019-12-19',600000000.00,'2019-04-10 11:25:53','2019-04-10 11:25:53'),(647,43489.050,'NPN','2019-01-24','-','NPNS',4077.00,135.00,0,'34.5','2019-12-19',600000000.00,'2019-04-10 11:25:53','2019-04-10 11:25:53'),(648,43489.040,'NPN','2019-01-24','Outright','NPNQ',3200.00,106.00,1,'0','2019-12-19',400000000.00,'2019-04-10 11:25:53','2019-04-10 11:25:53'),(649,43489.030,'CPI','2019-01-24','Bull Fence','CPIS',977.50,85.00,1,'0','2019-12-19',150000000.00,'2019-04-10 11:25:53','2019-04-10 11:25:53'),(650,43489.020,'CPI','2019-01-24','-','CPIS',1150.00,100.00,0,'0','2019-12-19',150000000.00,'2019-04-10 11:25:53','2019-04-10 11:25:53'),(651,43489.010,'CPI','2019-01-24','-','CPIS',1495.00,130.00,0,'0','2019-12-19',150000000.00,'2019-04-10 11:25:53','2019-04-10 11:25:53'),(652,43488.160,'DSY','2019-01-23','Outright','DSYQ',156.37,95.00,1,'33.7','2019-03-20',50000000.00,'2019-04-10 11:25:53','2019-04-10 11:25:53'),(653,43488.150,'NTC','2019-01-23','Outright','NTCS',27.53,106.00,0,'0','2019-06-20',30000000.00,'2019-04-10 11:25:53','2019-04-10 11:25:53'),(654,43488.140,'NTC','2019-01-23','Outright','NTCS',27.96,107.00,0,'0','2019-06-20',30000000.00,'2019-04-10 11:25:53','2019-04-10 11:25:53'),(655,43488.130,'ALSI','2019-01-23','Calendar','ALSI',43000.00,NULL,1,'22','2019-06-20',1000.00,'2019-04-10 11:25:53','2019-04-10 11:25:53'),(656,43488.120,'ALSI','2019-01-23','-','ALSI',43000.00,NULL,1,'22.3','2019-12-19',1000.00,'2019-04-10 11:25:53','2019-04-10 11:25:53'),(657,43488.110,'MEI','2019-01-23','Outright','MEIS',70.00,117.00,0,'37.6','2019-03-20',20000000.00,'2019-04-10 11:25:53','2019-04-10 11:25:53'),(658,43488.090,'ALSI','2019-01-23','Risky','ALSI',42000.00,NULL,1,'22.6','2019-03-20',2000.00,'2019-04-10 11:25:53','2019-04-10 11:25:53'),(659,43488.080,'ALSI','2019-01-23','-','ALSI',44000.00,NULL,1,'21.2','2019-03-20',2000.00,'2019-04-10 11:25:53','2019-04-10 11:25:53'),(660,43488.070,'SLM','2019-01-23','Outright','SLMS',90.00,107.00,0,'30.3','2019-03-20',20000000.00,'2019-04-10 11:25:53','2019-04-10 11:25:53'),(661,43488.060,'ALSI','2019-01-23','Yield Pick-up','ALSX',49400.00,NULL,0,'16.9','2019-02-25',435.00,'2019-04-10 11:25:53','2019-04-10 11:25:53'),(662,43488.050,'DCAP','2019-01-23','Outright','DCAP',16000.00,NULL,1,'19.3','2019-03-20',6000.00,'2019-04-10 11:25:53','2019-04-10 11:25:53'),(663,43488.040,'ALSI','2019-01-23','Outright','ALSI',45000.00,NULL,1,'20.4','2019-03-20',2000.00,'2019-04-10 11:25:53','2019-04-10 11:25:53'),(664,43488.030,'MSM','2019-01-23','Outright','MSMS',85.01,90.00,1,'43.3','2019-06-20',14000000.00,'2019-04-10 11:25:53','2019-04-10 11:25:53'),(665,43488.010,'DSY','2019-01-23','Outright','DSYQ',156.37,95.00,1,'34.5','2019-03-20',17000000.00,'2019-04-10 11:25:53','2019-04-10 11:25:53'),(666,43487.130,'ALSI','2019-01-22','Yield Pick-up','ALSX',49200.00,NULL,0,'16.7','2019-02-20',435.00,'2019-04-10 11:25:53','2019-04-10 11:25:53'),(667,43487.120,'ALSI','2019-01-22','Risky','ALSI',47000.00,NULL,1,'19.3','2019-03-20',500.00,'2019-04-10 11:25:53','2019-04-10 11:25:53'),(668,43487.110,'ALSI','2019-01-22','-','ALSI',51000.00,NULL,0,'17.3','2019-03-20',500.00,'2019-04-10 11:25:53','2019-04-10 11:25:53'),(669,43487.100,'ANG','2019-01-22','Outright','ANGQ',160.00,94.00,1,'48.3','2019-12-19',100000000.00,'2019-04-10 11:25:53','2019-04-10 11:25:53'),(670,43487.090,'BTI','2019-01-22','Calendar','BTIQ',500.00,109.00,0,'30.3','2019-03-20',50000000.00,'2019-04-10 11:25:53','2019-04-10 11:25:53'),(671,43487.080,'BTI','2019-01-22','-','BTIQ',500.00,109.00,0,'31.3','2019-12-19',50000000.00,'2019-04-10 11:25:53','2019-04-10 11:25:53'),(672,43487.070,'AGL','2019-01-22','Outright','AGLQ',360.00,111.00,0,'32.8','2019-06-20',100000000.00,'2019-04-10 11:25:53','2019-04-10 11:25:53'),(673,43487.060,'DTOP','2019-01-22','Calendar','DTOP',11500.00,NULL,0,'19.5','2019-12-19',5000.00,'2019-04-10 11:25:53','2019-04-10 11:25:53'),(674,43487.050,'DTOP','2019-01-22','-','DTOP',11500.00,NULL,0,'18.6','2019-06-20',5000.00,'2019-04-10 11:25:53','2019-04-10 11:25:53'),(675,43487.040,'MTN','2019-01-22','Bear Fence','MTNS',68.92,80.00,1,'43.1','2019-06-20',14000000.00,'2019-04-10 11:25:53','2019-04-10 11:25:53'),(676,43487.030,'MTN','2019-01-22','-','MTNS',86.15,100.00,1,'38.1','2019-06-20',14000000.00,'2019-04-10 11:25:53','2019-04-10 11:25:53'),(677,43487.020,'MTN','2019-01-22','-','MTNS',86.15,100.00,0,'38.2','2019-06-20',14000000.00,'2019-04-10 11:25:53','2019-04-10 11:25:53'),(678,43487.010,'DSY','2019-01-22','Outright','DSYQ',156.37,95.00,1,'33.8','2019-03-20',50000000.00,'2019-04-10 11:25:53','2019-04-10 11:25:53'),(679,43486.210,'ALSI','2019-01-21','Yield Pick-up','ALSX',48950.00,NULL,0,'17.4','2019-02-18',435.00,'2019-04-10 11:25:53','2019-04-10 11:25:53'),(680,43486.200,'NPN','2019-01-21','Bear Fence','NPNX',2296.88,73.00,1,'0','2020-01-20',315000000.00,'2019-04-10 11:25:53','2019-04-10 11:25:53'),(681,43486.190,'NPN','2019-01-21','-','NPNX',2756.25,87.00,1,'0','2020-01-20',315000000.00,'2019-04-10 11:25:53','2019-04-10 11:25:53'),(682,43486.180,'NPN','2019-01-21','-','NPNX',4563.13,144.00,0,'0','2020-01-20',315000000.00,'2019-04-10 11:25:53','2019-04-10 11:25:53'),(683,43486.170,'NPN','2019-01-21','Risky','NPNQ',2600.00,82.00,1,'35.8','2019-09-19',102000000.00,'2019-04-10 11:25:53','2019-04-10 11:25:53'),(684,43486.160,'NPN','2019-01-21','-','NPNQ',3600.00,114.00,0,'34','2019-09-19',102000000.00,'2019-04-10 11:25:53','2019-04-10 11:25:53'),(685,43486.150,'ALSI','2019-01-21','Outright','ALSI',48000.00,NULL,1,'17.8','2019-03-20',500.00,'2019-04-10 11:25:53','2019-04-10 11:25:53'),(686,43486.140,'NPN','2019-01-21','Outright','NPNQ',3000.00,95.00,1,'39.4','2019-03-20',50000000.00,'2019-04-10 11:25:53','2019-04-10 11:25:53'),(687,43486.130,'ALSI','2019-01-21','Outright','ALSI',48000.00,NULL,1,'17.7','2019-03-20',1000.00,'2019-04-10 11:25:53','2019-04-10 11:25:53'),(688,43486.120,'ALSI','2019-01-21','Risky','ALSI',47000.00,NULL,1,'19.3','2019-03-20',500.00,'2019-04-10 11:25:53','2019-04-10 11:25:53'),(689,43486.110,'ALSI','2019-01-21','-','ALSI',51000.00,NULL,0,'17.3','2019-03-20',500.00,'2019-04-10 11:25:53','2019-04-10 11:25:53'),(690,43486.100,'NPN','2019-01-21','Bull Fence','NPNQ',2000.00,63.00,1,'41.4','2019-12-19',50000000.00,'2019-04-10 11:25:53','2019-04-10 11:25:53'),(691,43486.090,'NPN','2019-01-21','-','NPNQ',4000.00,126.00,0,'34.6','2019-12-19',50000000.00,'2019-04-10 11:25:53','2019-04-10 11:25:53'),(692,43486.080,'NPN','2019-01-21','-','NPNQ',4000.00,126.00,0,'34.6','2019-12-19',50000000.00,'2019-04-10 11:25:53','2019-04-10 11:25:53'),(693,43486.070,'ALSI','2019-01-21','Ratio Bear Fence','ALSI',44600.00,NULL,1,'20.3','2019-06-20',530.00,'2019-04-10 11:25:53','2019-04-10 11:25:53'),(694,43486.060,'ALSI','2019-01-21','-','ALSI',47500.00,NULL,1,'18.6','2019-06-20',482.00,'2019-04-10 11:25:53','2019-04-10 11:25:53'),(695,43486.050,'ALSI','2019-01-21','-','ALSI',52050.00,NULL,0,'16.2','2019-06-20',482.00,'2019-04-10 11:25:53','2019-04-10 11:25:53'),(696,43486.040,'NPN','2019-01-21','Outright','NPNQ',4000.00,126.00,0,'34.6','2019-12-19',50000000.00,'2019-04-10 11:25:53','2019-04-10 11:25:53'),(697,43486.030,'DCAP','2019-01-21','Bear Fence','DCAP',15230.00,NULL,1,'21.1','2019-06-20',1649.00,'2019-04-10 11:25:53','2019-04-10 11:25:53'),(698,43486.020,'DCAP','2019-01-21','-','DCAP',16240.00,NULL,1,'19.4','2019-06-20',1499.00,'2019-04-10 11:25:53','2019-04-10 11:25:53'),(699,43486.010,'DCAP','2019-01-21','-','DCAP',17800.00,NULL,0,'17','2019-06-20',1499.00,'2019-04-10 11:25:53','2019-04-10 11:25:53'),(700,43483.270,'MRP','2019-01-18','Outright','MRPS',194.31,93.00,1,'40.7','2019-06-20',56000000.00,'2019-04-10 11:25:53','2019-04-10 11:25:53'),(701,43483.260,'IPL','2019-01-18','Outright','IPLQ',70.00,98.00,0,'46.8','2019-06-20',50000000.00,'2019-04-10 11:25:53','2019-04-10 11:25:53'),(702,43483.250,'APN','2019-01-18','Outright','APNQ',150.00,107.00,0,'45.4','2019-12-19',50000000.00,'2019-04-10 11:25:53','2019-04-10 11:25:53'),(703,43483.240,'NPN','2019-01-18','Bear Fence','NPNS',2434.55,80.00,1,'0','2019-12-19',302000000.00,'2019-04-10 11:25:53','2019-04-10 11:25:53'),(704,43483.230,'NPN','2019-01-18','-','NPNS',3043.18,100.00,1,'0','2019-12-19',302000000.00,'2019-04-10 11:25:53','2019-04-10 11:25:53'),(705,43483.220,'NPN','2019-01-18','-','NPNS',3962.22,130.00,0,'0','2019-12-19',302000000.00,'2019-04-10 11:25:53','2019-04-10 11:25:53'),(706,43483.210,'SBK','2019-01-18','Outright','SBKQ',190.00,103.00,0,'34.2','2019-09-19',50000000.00,'2019-04-10 11:25:53','2019-04-10 11:25:53'),(707,43483.200,'YOD','2019-01-18','Outright','YODQ',64.67,90.00,1,'26.8','2019-06-14',1140000000.00,'2019-04-10 11:25:53','2019-04-10 11:25:53'),(708,43483.190,'NPN','2019-01-18','Bear Fence','NPNS',2746.40,90.00,1,'0','2019-06-20',196000000.00,'2019-04-10 11:25:53','2019-04-10 11:25:53'),(709,43483.180,'NPN','2019-01-18','-','NPNS',3051.56,100.00,1,'0','2019-06-20',196000000.00,'2019-04-10 11:25:53','2019-04-10 11:25:53'),(710,43483.170,'NPN','2019-01-18','-','NPNS',3674.08,120.00,0,'0','2019-06-20',196000000.00,'2019-04-10 11:25:53','2019-04-10 11:25:53'),(711,43483.160,'NPN','2019-01-18','Outright','NPNQ',3000.00,98.00,1,'38.9','2019-12-19',100000000.00,'2019-04-10 11:25:53','2019-04-10 11:25:53'),(712,43483.150,'NPN','2019-01-18','Bear Fence','NPNS',2745.19,90.00,1,'39.6','2019-06-20',50000000.00,'2019-04-10 11:25:53','2019-04-10 11:25:53'),(713,43483.140,'NPN','2019-01-18','-','NPNS',3050.21,100.00,1,'39','2019-06-20',50000000.00,'2019-04-10 11:25:53','2019-04-10 11:25:53'),(714,43483.130,'NPN','2019-01-18','-','NPNS',3669.40,120.00,0,'37','2019-06-20',50000000.00,'2019-04-10 11:25:53','2019-04-10 11:25:53'),(715,43483.120,'NPN','2019-01-18','Bear Fence','NPNS',2753.15,90.00,1,'39.6','2019-06-20',34000000.00,'2019-04-10 11:25:53','2019-04-10 11:25:53'),(716,43483.110,'NPN','2019-01-18','-','NPNS',3059.06,100.00,1,'39','2019-06-20',34000000.00,'2019-04-10 11:25:53','2019-04-10 11:25:53'),(717,43483.100,'NPN','2019-01-18','-','NPNS',3680.05,120.00,0,'37.1','2019-06-20',34000000.00,'2019-04-10 11:25:53','2019-04-10 11:25:53'),(718,43483.090,'NPN','2019-01-18','Outright','NPNQ',3500.00,114.00,0,'0','2019-12-19',150000000.00,'2019-04-10 11:25:53','2019-04-10 11:25:53'),(719,43483.080,'APN','2019-01-18','Outright','APNQ',130.00,93.00,1,'46.4','2019-03-20',50000000.00,'2019-04-10 11:25:53','2019-04-10 11:25:53'),(720,43483.070,'NPN','2019-01-18','Outright','NPNS',3700.00,121.00,0,'35.9','2019-06-20',50000000.00,'2019-04-10 11:25:53','2019-04-10 11:25:53'),(721,43483.060,'NPN','2019-01-18','Bear Fence','NPNS',2756.27,90.00,1,'39.9','2019-06-20',87000000.00,'2019-04-10 11:25:53','2019-04-10 11:25:53'),(722,43483.050,'NPN','2019-01-18','-','NPNS',3062.52,100.00,1,'40','2019-06-20',87000000.00,'2019-04-10 11:25:53','2019-04-10 11:25:53'),(723,43483.040,'NPN','2019-01-18','-','NPNS',3675.02,120.00,0,'37.2','2019-06-20',87000000.00,'2019-04-10 11:25:53','2019-04-10 11:25:53'),(724,43483.030,'DTOP','2019-01-18','Outright','DTOP',11500.00,NULL,0,'17.3','2019-06-20',2500.00,'2019-04-10 11:25:53','2019-04-10 11:25:53'),(725,43483.020,'NPN','2019-01-18','Outright','NPNQ',3400.00,111.00,0,'36.2','2019-06-20',100000000.00,'2019-04-10 11:25:53','2019-04-10 11:25:53'),(726,43483.010,'NPN','2019-01-18','Outright','NPNQ',3500.00,114.00,0,'37','2019-12-19',25000000.00,'2019-04-10 11:25:53','2019-04-10 11:25:53'),(727,43482.190,'ALSI','2019-01-17','Yield Pick-up','ALSX',49100.00,NULL,0,'18','2019-02-15',435.00,'2019-04-10 11:25:53','2019-04-10 11:25:53'),(728,43482.180,'DTOP','2019-01-17','Bear Fence','DTOP',10000.00,NULL,1,'22.5','2019-09-19',5000.00,'2019-04-10 11:25:53','2019-04-10 11:25:53'),(729,43482.170,'DTOP','2019-01-17','-','DTOP',11500.00,NULL,0,'19.3','2019-09-19',5000.00,'2019-04-10 11:25:53','2019-04-10 11:25:53'),(730,43482.160,'SOL','2019-01-17','Outright','SOLQ',400.00,96.00,1,'36.4','2019-03-20',100000000.00,'2019-04-10 11:25:53','2019-04-10 11:25:53'),(731,43482.150,'SOL','2019-01-17','Outright','SOLQ',470.00,113.00,0,'29','2019-03-20',50000000.00,'2019-04-10 11:25:53','2019-04-10 11:25:53'),(732,43482.140,'ALSI','2019-01-17','Outright','ALSI',46000.00,NULL,0,'20.1','2019-03-20',1350.00,'2019-04-10 11:25:53','2019-04-10 11:25:53'),(733,43482.130,'ALSI','2019-01-17','Outright','ALSI',46000.00,NULL,0,'20.4','2019-09-19',1723.00,'2019-04-10 11:25:53','2019-04-10 11:25:53'),(734,43482.120,'DTOP','2019-01-17','Risky','DTOP',10000.00,NULL,1,'22.5','2019-09-19',5000.00,'2019-04-10 11:25:53','2019-04-10 11:25:53'),(735,43482.110,'DTOP','2019-01-17','-','DTOP',11500.00,NULL,0,'19.3','2019-09-19',5000.00,'2019-04-10 11:25:53','2019-04-10 11:25:53'),(736,43482.100,'NPN','2019-01-17','Bear Fence','NPNS',2748.99,90.00,1,'40.6','2019-06-20',27000000.00,'2019-04-10 11:25:53','2019-04-10 11:25:53'),(737,43482.090,'NPN','2019-01-17','-','NPNS',3054.44,100.00,1,'39','2019-06-20',27000000.00,'2019-04-10 11:25:53','2019-04-10 11:25:53'),(738,43482.080,'NPN','2019-01-17','-','NPNS',3697.40,121.00,0,'36.9','2019-06-20',27000000.00,'2019-04-10 11:25:53','2019-04-10 11:25:53'),(739,43482.070,'MRP','2019-01-17','Outright','MRPS',202.32,94.00,1,'45','2019-03-20',20000000.00,'2019-04-10 11:25:53','2019-04-10 11:25:53'),(740,43482.060,'TRU','2019-01-17','Outright','TRUS',78.17,97.00,1,'42','2019-03-20',20000000.00,'2019-04-10 11:25:53','2019-04-10 11:25:53'),(741,43482.050,'WHL','2019-01-17','Outright','WHLS',44.82,91.00,1,'36.5','2019-03-20',20000000.00,'2019-04-10 11:25:53','2019-04-10 11:25:53'),(742,43482.040,'FSR','2019-01-17','Bear Fence','FSRS',55.34,82.00,1,'38.8','2019-06-20',20000000.00,'2019-04-10 11:25:53','2019-04-10 11:25:53'),(743,43482.030,'FSR','2019-01-17','-','FSRS',67.49,100.00,0,'35.2','2019-06-20',20000000.00,'2019-04-10 11:25:53','2019-04-10 11:25:53'),(744,43482.020,'FSR','2019-01-17','-','FSRS',67.49,100.00,1,'35.2','2019-06-20',20000000.00,'2019-04-10 11:25:53','2019-04-10 11:25:53'),(745,43482.010,'MRP','2019-01-17','Outright','MRPS',194.31,90.00,1,'41.4','2019-06-20',58000000.00,'2019-04-10 11:25:53','2019-04-10 11:25:53'),(746,43481.110,'GLN','2019-01-16','Outright','GLNQ',50.00,97.00,1,'39','2019-03-20',50000000.00,'2019-04-10 11:25:53','2019-04-10 11:25:53'),(747,43481.100,'DTOP','2019-01-16','Risky','DTOP',10000.00,NULL,1,'22.7','2019-09-19',5000.00,'2019-04-10 11:25:53','2019-04-10 11:25:53'),(748,43481.090,'DTOP','2019-01-16','-','DTOP',12500.00,NULL,0,'18','2019-09-19',5000.00,'2019-04-10 11:25:53','2019-04-10 11:25:53'),(749,43481.080,'ALSI','2019-01-16','Outright','ALSI',47000.00,NULL,1,'19.6','2019-03-20',2000.00,'2019-04-10 11:25:53','2019-04-10 11:25:53'),(750,43481.050,'ALSI','2019-01-16','Outright','ALSI',53000.00,NULL,0,'17.4','2019-09-19',500.00,'2019-04-10 11:25:53','2019-04-10 11:25:53'),(751,43481.040,'ALSI','2019-01-16','Outright','ALSI',47000.00,NULL,1,'19.6','2019-03-20',500.00,'2019-04-10 11:25:53','2019-04-10 11:25:53'),(752,43481.030,'DTOP','2019-01-16','Outright','DTOP',11500.00,NULL,0,'18.2','2019-06-20',2500.00,'2019-04-10 11:25:53','2019-04-10 11:25:53'),(753,43481.020,'DTOP','2019-01-16','Switch','DTOP',10500.00,NULL,1,'20.6','2019-06-20',4530.00,'2019-04-10 11:25:53','2019-04-10 11:25:53'),(754,43481.010,'ALSI','2019-01-16','-','ALSI',48000.00,NULL,1,'19','2019-06-20',1000.00,'2019-04-10 11:25:53','2019-04-10 11:25:53'),(755,43480.130,'ALSI','2019-01-15','Yield Pick-up','ALSX',48600.00,NULL,0,'18.1','2019-02-13',435.00,'2019-04-10 11:25:53','2019-04-10 11:25:53'),(756,43480.120,'BTI','2019-01-15','Outright','BTIQ',530.00,119.00,0,'28.2','2019-03-20',50000000.00,'2019-04-10 11:25:53','2019-04-10 11:25:53'),(757,43480.110,'DSY','2019-01-15','Outright','DSYQ',200.00,122.00,0,'28.6','2019-12-19',50000000.00,'2019-04-10 11:25:53','2019-04-10 11:25:53'),(758,43480.100,'MSM','2019-01-15','Ratio Bull fence','MSMS',103.87,90.00,1,'39.9','2019-06-20',7000000.00,'2019-04-10 11:25:53','2019-04-10 11:25:53'),(759,43480.090,'MSM','2019-01-15','-','MSMS',117.27,101.00,0,'38.9','2019-06-20',7000000.00,'2019-04-10 11:25:53','2019-04-10 11:25:53'),(760,43480.080,'MSM','2019-01-15','-','MSMS',146.54,127.00,0,'37.6','2019-06-20',14000000.00,'2019-04-10 11:25:53','2019-04-10 11:25:53'),(761,43480.070,'MSM','2019-01-15','Ratio Bull Fence','MSMS',103.87,90.00,1,'39.9','2019-09-19',7000000.00,'2019-04-10 11:25:53','2019-04-10 11:25:53'),(762,43480.060,'MSM','2019-01-15','-','MSMS',117.27,101.00,0,'38.9','2019-09-19',7000000.00,'2019-04-10 11:25:53','2019-04-10 11:25:53'),(763,43480.050,'MSM','2019-01-15','-','MSMS',146.54,127.00,0,'37.7','2019-09-19',14000000.00,'2019-04-10 11:25:53','2019-04-10 11:25:53'),(764,43480.040,'MTN','2019-01-15','Outright','MTNQ',90.00,105.00,0,'41.3','2019-06-20',50000000.00,'2019-04-10 11:25:53','2019-04-10 11:25:53'),(765,43480.030,'NPN','2019-01-15','Bear Fence','NPNS',2370.40,80.00,1,'46.2','2019-06-20',14000000.00,'2019-04-10 11:25:53','2019-04-10 11:25:53'),(766,43480.020,'NPN','2019-01-15','-','NPNS',2963.00,100.00,1,'38.8','2019-06-20',14000000.00,'2019-04-10 11:25:53','2019-04-10 11:25:53'),(767,43480.010,'NPN','2019-01-15','-','NPNS',2963.00,100.00,0,'38.8','2019-06-20',14000000.00,'2019-04-10 11:25:53','2019-04-10 11:25:53'),(768,43479.150,'BVT','2019-01-14','Outright','BVTS',212.15,104.00,0,'31','2019-09-19',14000000.00,'2019-04-10 11:25:53','2019-04-10 11:25:53'),(769,43479.140,'BVT','2019-01-14','Outright','BVTS',212.51,104.00,0,'31.2','2019-09-19',14000000.00,'2019-04-10 11:25:53','2019-04-10 11:25:53'),(770,43479.130,'TKG','2019-01-14','Bear Fence','TKGS',54.27,80.00,1,'33.9','2019-06-20',14000000.00,'2019-04-10 11:25:53','2019-04-10 11:25:53'),(771,43479.120,'TKG','2019-01-14','-','TKGS',66.48,98.00,1,'32.7','2019-06-20',14000000.00,'2019-04-10 11:25:53','2019-04-10 11:25:53'),(772,43479.110,'TKG','2019-01-14','-','TKGS',75.64,112.00,0,'30.9','2019-06-20',14000000.00,'2019-04-10 11:25:53','2019-04-10 11:25:53'),(773,43479.100,'S32','2019-01-14','Bull Fence','S32S',30.72,90.00,1,'34.3','2019-09-19',14000000.00,'2019-04-10 11:25:53','2019-04-10 11:25:53'),(774,43479.090,'S32','2019-01-14','-','S32S',35.84,105.00,0,'33.7','2019-09-19',14000000.00,'2019-04-10 11:25:53','2019-04-10 11:25:53'),(775,43479.080,'S32','2019-01-14','-','S32S',42.71,125.00,0,'29.7','2019-09-19',14000000.00,'2019-04-10 11:25:53','2019-04-10 11:25:53'),(776,43479.070,'MSM','2019-01-14','Bull Fence','MSMS',103.87,91.00,1,'39.9','2019-09-19',7000000.00,'2019-04-10 11:25:53','2019-04-10 11:25:53'),(777,43479.060,'MSM','2019-01-14','-','MSMS',117.27,103.00,0,'38.9','2019-09-19',7000000.00,'2019-04-10 11:25:53','2019-04-10 11:25:53'),(778,43479.050,'MSM','2019-01-14','-','MSMS',146.54,128.00,0,'37.6','2019-09-19',7000000.00,'2019-04-10 11:25:53','2019-04-10 11:25:53'),(779,43479.040,'DTOP','2019-01-14','Calendar','DTOP',10000.00,NULL,1,'23.5','2019-03-20',5000.00,'2019-04-10 11:25:53','2019-04-10 11:25:53'),(780,43479.030,'DTOP','2019-01-14','-','DTOP',10000.00,NULL,1,'23','2019-09-19',5000.00,'2019-04-10 11:25:53','2019-04-10 11:25:53'),(781,43479.020,'MRP','2019-01-14','Outright','MRPQ',260.00,102.00,0,'37.9','2019-12-19',50000000.00,'2019-04-10 11:25:53','2019-04-10 11:25:53'),(782,43479.010,'NPN','2019-01-14','Outright','NPNQ',3000.00,101.00,1,'40.6','2019-12-19',50000000.00,'2019-04-10 11:25:53','2019-04-10 11:25:53'),(783,43476.160,'ALSI','2019-01-11','Fly','ALSI',47000.00,NULL,0,'19.8','2019-03-20',500.00,'2019-04-10 11:25:53','2019-04-10 11:25:53'),(784,43476.150,'ALSI','2019-01-11','-','ALSI',50000.00,NULL,0,'17.6','2019-03-20',1000.00,'2019-04-10 11:25:53','2019-04-10 11:25:53'),(785,43476.140,'ALSI','2019-01-11','-','ALSI',52000.00,NULL,0,'16','2019-03-20',500.00,'2019-04-10 11:25:53','2019-04-10 11:25:53'),(786,43476.130,'DTOP','2019-01-11','Puts','DTOP',9570.00,NULL,1,'25','2019-06-20',5206.00,'2019-04-10 11:25:53','2019-04-10 11:25:53'),(787,43476.120,'DTOP','2019-01-11','-','DTOP',9810.00,NULL,1,'24.4','2019-06-20',5206.00,'2019-04-10 11:25:53','2019-04-10 11:25:53'),(788,43476.110,'DTOP','2019-01-11','-','DTOP',9980.00,NULL,1,'23.8','2019-06-20',5206.00,'2019-04-10 11:25:53','2019-04-10 11:25:53'),(789,43476.100,'DTOP','2019-01-11','-','DTOP',10230.00,NULL,1,'23.2','2019-06-20',5206.00,'2019-04-10 11:25:53','2019-04-10 11:25:53'),(790,43476.090,'BTI','2019-01-11','Outright','BTIS',414.72,93.00,1,'34.6','2019-03-20',17000000.00,'2019-04-10 11:25:53','2019-04-10 11:25:53'),(791,43476.080,'BVT','2019-01-11','Bull Fence','BVTS',187.91,93.00,1,'32.6','2019-09-19',14000000.00,'2019-04-10 11:25:53','2019-04-10 11:25:53'),(792,43476.070,'BVT','2019-01-11','-','BVTS',212.51,105.00,0,'31','2019-09-19',14000000.00,'2019-04-10 11:25:53','2019-04-10 11:25:53'),(793,43476.060,'BVT','2019-01-11','-','BVTS',256.00,127.00,0,'28.4','2019-09-19',14000000.00,'2019-04-10 11:25:53','2019-04-10 11:25:53'),(794,43476.050,'SHP','2019-01-11','Outright','SHPQ',170.00,88.00,1,'34.6','2019-12-19',50000000.00,'2019-04-10 11:25:53','2019-04-10 11:25:53'),(795,43476.040,'BHP','2019-01-11','Outright','BHPQ',266.59,93.00,1,'0','2019-03-20',160000000.00,'2019-04-10 11:25:53','2019-04-10 11:25:53'),(796,43476.030,'SHP','2019-01-11','Outright','SHPQ',210.00,109.00,0,'31.8','2019-12-19',50000000.00,'2019-04-10 11:25:53','2019-04-10 11:25:53'),(797,43476.020,'BTI','2019-01-11','Outright','BTIS',414.72,93.00,1,'35.2','2019-03-20',24000000.00,'2019-04-10 11:25:53','2019-04-10 11:25:53'),(798,43476.010,'ALSI','2019-01-11','Outright','ALSI',49000.00,NULL,0,'21.1','2019-06-20',1000.00,'2019-04-10 11:25:53','2019-04-10 11:25:53'),(799,43475.110,'ALSI','2019-01-10','Outright','ALSI',40000.00,NULL,1,'25','2019-06-20',300.00,'2019-04-10 11:25:53','2019-04-10 11:25:53'),(800,43475.100,'ALSI','2019-01-10','Yield Pick-up','ALSX',47800.00,NULL,0,'18.7','2019-02-11',440.00,'2019-04-10 11:25:53','2019-04-10 11:25:53'),(801,43475.090,'RDF','2019-01-10','Outright','RDFQ',10.00,103.00,0,'22.1','2019-03-20',10000000.00,'2019-04-10 11:25:53','2019-04-10 11:25:53'),(802,43475.080,'DTOP','2019-01-10','Collar','DTOP',9530.00,NULL,1,'0','2019-09-19',17500.00,'2019-04-10 11:25:53','2019-04-10 11:25:53'),(803,43475.070,'DTOP','2019-01-10','-','DTOP',11840.00,NULL,0,'0','2019-09-19',17500.00,'2019-04-10 11:25:53','2019-04-10 11:25:53'),(804,43475.060,'NPN','2019-01-10','Risky','NPNQ',2300.00,78.00,1,'45.2','2019-12-19',150000000.00,'2019-04-10 11:25:53','2019-04-10 11:25:53'),(805,43475.050,'NPN','2019-01-10','-','NPNQ',4000.00,135.00,0,'39.2','2019-12-19',150000000.00,'2019-04-10 11:25:53','2019-04-10 11:25:53'),(806,43475.040,'ALSI','2019-01-10','Risky','ALSI',44000.00,NULL,1,'23.4','2019-03-20',1000.00,'2019-04-10 11:25:53','2019-04-10 11:25:53'),(807,43475.030,'ALSI','2019-01-10','-','ALSI',52000.00,NULL,0,'18','2019-03-20',1000.00,'2019-04-10 11:25:53','2019-04-10 11:25:53'),(808,43475.020,'ALSI','2019-01-10','Risky','ALSI',50000.00,NULL,0,'19','2019-06-20',500.00,'2019-04-10 11:25:53','2019-04-10 11:25:53'),(809,43475.010,'ALSI','2019-01-10','-','ALSI',54000.00,NULL,0,'17.5','2019-06-20',500.00,'2019-04-10 11:25:53','2019-04-10 11:25:53'),(810,43474.230,'ALSI','2019-01-09','Outright','ALSI',47000.00,NULL,0,'20.4','2019-03-20',1330.00,'2019-04-10 11:25:53','2019-04-10 11:25:53'),(811,43474.220,'ALSI','2019-01-09','Call Spread','ALSI',46000.00,NULL,0,'21.6','2019-06-20',2200.00,'2019-04-10 11:25:53','2019-04-10 11:25:53'),(812,43474.210,'ALSI','2019-01-09','-','ALSI',51000.00,NULL,0,'18.8','2019-06-20',2200.00,'2019-04-10 11:25:53','2019-04-10 11:25:53'),(813,43474.200,'MRP','2019-01-09','Collar','MRPS',209.02,84.00,1,'38.3','2019-09-19',16000000.00,'2019-04-10 11:25:53','2019-04-10 11:25:53'),(814,43474.190,'MRP','2019-01-09','-','MRPS',295.09,119.00,0,'34.5','2019-09-19',16000000.00,'2019-04-10 11:25:53','2019-04-10 11:25:53'),(815,43474.180,'ALSI','2019-01-09','Risky','ALSI',47000.00,NULL,0,'19.7','2019-03-20',500.00,'2019-04-10 11:25:53','2019-04-10 11:25:53'),(816,43474.170,'ALSI','2019-01-09','-','ALSI',50000.00,NULL,0,'18.1','2019-03-20',500.00,'2019-04-10 11:25:53','2019-04-10 11:25:53'),(817,43474.160,'AGL','2019-01-09','Risky','AGLQ',290.00,90.00,1,'39.7','2019-03-20',50000000.00,'2019-04-10 11:25:53','2019-04-10 11:25:53'),(818,43474.150,'AGL','2019-01-09','-','AGLQ',330.00,103.00,0,'36.5','2019-03-20',50000000.00,'2019-04-10 11:25:53','2019-04-10 11:25:53'),(819,43474.140,'ALSI','2019-01-09','Outright','ALSI',46500.00,NULL,1,'20.6','2019-03-20',1000.00,'2019-04-10 11:25:53','2019-04-10 11:25:53'),(820,43474.130,'NPN','2019-01-09','Risky','NPNQ',2800.00,94.00,1,'41.2','2019-06-20',200000000.00,'2019-04-10 11:25:53','2019-04-10 11:25:53'),(821,43474.120,'NPN','2019-01-09','-','NPNQ',3200.00,108.00,0,'39','2019-06-20',200000000.00,'2019-04-10 11:25:53','2019-04-10 11:25:53'),(822,43474.110,'NPN','2019-01-09','Risky','NPNQ',2400.00,81.00,1,'0','2019-09-19',150000000.00,'2019-04-10 11:25:53','2019-04-10 11:25:53'),(823,43474.100,'NPN','2019-01-09','-','NPNQ',3200.00,108.00,0,'0','2019-09-19',150000000.00,'2019-04-10 11:25:53','2019-04-10 11:25:53'),(824,43474.090,'ALSI','2019-01-09','Cali-Risky','ALSI',47000.00,NULL,0,'19','2019-03-20',500.00,'2019-04-10 11:25:53','2019-04-10 11:25:53'),(825,43474.080,'ALSI','2019-01-09','-','ALSI',50000.00,NULL,0,'18.8','2019-09-19',500.00,'2019-04-10 11:25:53','2019-04-10 11:25:53'),(826,43474.070,'ALSI','2019-01-09','Yield Pick-up','ALSX',47800.00,NULL,0,'18.7','2019-02-11',440.00,'2019-04-10 11:25:53','2019-04-10 11:25:53'),(827,43474.060,'ALSI','2019-01-09','Outright','ALSI',52000.00,NULL,0,'17.7','2019-03-20',500.00,'2019-04-10 11:25:53','2019-04-10 11:25:53'),(828,43474.050,'ALSI','2019-01-09','Calendar','ALSI',48000.00,NULL,0,'19.5','2019-03-20',500.00,'2019-04-10 11:25:53','2019-04-10 11:25:53'),(829,43474.040,'ALSI','2019-01-09','-','ALSI',48000.00,NULL,0,'19.8','2019-06-20',500.00,'2019-04-10 11:25:53','2019-04-10 11:25:53'),(830,43474.030,'ALSI','2019-01-09','Outright','ALSI',52000.00,NULL,0,'18.3','2019-03-20',500.00,'2019-04-10 11:25:53','2019-04-10 11:25:53'),(831,43474.020,'NPN','2019-01-09','Risky','NPNQ',2300.00,77.00,1,'45.2','2019-12-19',150000000.00,'2019-04-10 11:25:53','2019-04-10 11:25:53'),(832,43474.010,'NPN','2019-01-09','-','NPNQ',4000.00,135.00,0,'39.2','2019-12-19',150000000.00,'2019-04-10 11:25:53','2019-04-10 11:25:53'),(833,43473.030,'ALSI','2019-01-08','Yield Pick-up','ALSX',48200.00,NULL,0,'19','2019-02-07',295.00,'2019-04-10 11:25:53','2019-04-10 11:25:53'),(834,43473.010,'BHP','2019-01-08','Outright','BHPQ',300.00,100.00,0,'32.8','2019-06-20',330000000.00,'2019-04-10 11:25:53','2019-04-10 11:25:53'),(835,43472.160,'ALSI','2019-01-07','Outright','ALSI',47000.00,NULL,1,'20','2019-03-20',250.00,'2019-04-10 11:25:53','2019-04-10 11:25:53'),(836,43472.150,'ALSI','2019-01-07','Ratio Put Spread','ALSI',43500.00,NULL,1,'23.3','2019-03-20',94.00,'2019-04-10 11:25:53','2019-04-10 11:25:53'),(837,43472.140,'ALSI','2019-01-07','-','ALSI',45000.00,NULL,1,'22.1','2019-03-20',352.00,'2019-04-10 11:25:53','2019-04-10 11:25:53'),(838,43472.130,'DTOP','2019-01-07','Put Spread','DTOP',9570.00,NULL,1,'26.2','2019-03-20',4393.00,'2019-04-10 11:25:53','2019-04-10 11:25:53'),(839,43472.120,'DTOP','2019-01-07','-','DTOP',9980.00,NULL,1,'24.3','2019-03-20',4393.00,'2019-04-10 11:25:53','2019-04-10 11:25:53'),(840,43472.110,'DTOP','2019-01-07','Put Spread','DTOP',9420.00,NULL,1,'27.3','2019-03-20',4536.00,'2019-04-10 11:25:53','2019-04-10 11:25:53'),(841,43472.100,'DTOP','2019-01-07','-','DTOP',9820.00,NULL,1,'25.1','2019-03-20',4536.00,'2019-04-10 11:25:53','2019-04-10 11:25:53'),(842,43472.090,'DTOP','2019-01-07','Put Spread','DTOP',9570.00,NULL,1,'25.4','2019-06-20',813.00,'2019-04-10 11:25:53','2019-04-10 11:25:53'),(843,43472.080,'DTOP','2019-01-07','-','DTOP',9980.00,NULL,1,'24.1','2019-06-20',813.00,'2019-04-10 11:25:53','2019-04-10 11:25:53'),(844,43472.070,'DTOP','2019-01-07','Put Spread','DTOP',9420.00,NULL,1,'25.9','2019-06-20',578.00,'2019-04-10 11:25:53','2019-04-10 11:25:53'),(845,43472.060,'DTOP','2019-01-07','-','DTOP',9820.00,NULL,1,'24.5','2019-06-20',578.00,'2019-04-10 11:25:53','2019-04-10 11:25:53'),(846,43472.050,'RNI','2019-01-07','Outright','RNIQ',200.00,98.00,1,'30','2019-03-20',10000000.00,'2019-04-10 11:25:53','2019-04-10 11:25:53'),(847,43472.040,'ALSI','2019-01-07','Risky','ALSI',47000.00,NULL,0,'20','2019-03-20',500.00,'2019-04-10 11:25:53','2019-04-10 11:25:53'),(848,43472.030,'ALSI','2019-01-07','-','ALSI',50000.00,NULL,0,'18.5','2019-03-20',500.00,'2019-04-10 11:25:53','2019-04-10 11:25:53'),(849,43472.020,'ALSI','2019-01-07','Riksy','ALSI',45000.00,NULL,1,'22.2','2019-03-20',1000.00,'2019-04-10 11:25:53','2019-04-10 11:25:53'),(850,43472.010,'ALSI','2019-01-07','-','ALSI',50000.00,NULL,0,'18','2019-03-20',1000.00,'2019-04-10 11:25:53','2019-04-10 11:25:53'),(851,43469.020,'ALSI','2019-01-04','Call Spread','ALSI',47000.00,NULL,0,'20','2019-03-20',500.00,'2019-04-10 11:25:53','2019-04-10 11:25:53'),(852,43469.010,'ALSI','2019-01-04','-','ALSI',52000.00,NULL,0,'17.9','2019-03-20',407.00,'2019-04-10 11:25:53','2019-04-10 11:25:53'),(853,43468.020,'ALSI','2019-01-03','Risky','ALSI',47000.00,NULL,0,'20.5','2019-03-20',500.00,'2019-04-10 11:25:53','2019-04-10 11:25:53'),(854,43468.010,'ALSI','2019-01-03','-','ALSI',50000.00,NULL,0,'19.4','2019-03-20',500.00,'2019-04-10 11:25:53','2019-04-10 11:25:53'),(855,43467.030,'ALSI','2019-01-02','Outright','ALSI',48000.00,NULL,0,'20','2019-03-20',3176.00,'2019-04-10 11:25:53','2019-04-10 11:25:53'),(856,43467.020,'ALSI','2019-01-02','Call Spread','ALSI',46000.00,NULL,0,'21.7','2019-09-19',3750.00,'2019-04-10 11:25:53','2019-04-10 11:25:53'),(857,43467.010,'ALSI','2019-01-02','-','ALSI',52000.00,NULL,0,'18.6','2019-09-19',3750.00,'2019-04-10 11:25:53','2019-04-10 11:25:53');
/*!40000 ALTER TABLE `safex_trade_confirmations` ENABLE KEYS */;
UNLOCK TABLES;

--
-- Table structure for table `sessions`
--

DROP TABLE IF EXISTS `sessions`;
/*!40101 SET @saved_cs_client     = @@character_set_client */;
/*!40101 SET character_set_client = utf8 */;
CREATE TABLE `sessions` (
  `id` varchar(255) COLLATE utf8mb4_unicode_ci NOT NULL,
  `user_id` int(10) unsigned DEFAULT NULL,
  `ip_address` varchar(45) COLLATE utf8mb4_unicode_ci DEFAULT NULL,
  `user_agent` text COLLATE utf8mb4_unicode_ci,
  `payload` text COLLATE utf8mb4_unicode_ci NOT NULL,
  `last_activity` int(11) NOT NULL,
  UNIQUE KEY `sessions_id_unique` (`id`)
) ENGINE=InnoDB DEFAULT CHARSET=utf8mb4 COLLATE=utf8mb4_unicode_ci;
/*!40101 SET character_set_client = @saved_cs_client */;

--
-- Dumping data for table `sessions`
--

LOCK TABLES `sessions` WRITE;
/*!40000 ALTER TABLE `sessions` DISABLE KEYS */;
INSERT INTO `sessions` VALUES ('D46Re4yigAJrbYpu6kLYsMwN8gvQYuRnCd8sCdPk',NULL,'154.117.185.90','Mozilla/5.0 (Macintosh; Intel Mac OS X 10_14_5) AppleWebKit/537.36 (KHTML, like Gecko) Chrome/75.0.3770.100 Safari/537.36','YTozOntzOjY6Il90b2tlbiI7czo0MDoiM1dLZGVNeTRhcEhLWjVVdFhhVjh3VnYxWDRLaXAyakM2aXppN3UycSI7czo5OiJfcHJldmlvdXMiO2E6MTp7czozOiJ1cmwiO3M6Mzk6Imh0dHBzOi8vc3RhZ2luZy5tYXJrZXRtYXJ0aWFsLmNvbS9sb2dpbiI7fXM6NjoiX2ZsYXNoIjthOjI6e3M6Mzoib2xkIjthOjA6e31zOjM6Im5ldyI7YTowOnt9fX0=',1563783534),('fVMTbFwKMpB217jKTsXLvGYtVpszYjjtFzF6Hnqd',NULL,'105.208.44.160','Mozilla/5.0 (Windows NT 10.0; Win64; x64; rv:68.0) Gecko/20100101 Firefox/68.0','YToyOntzOjY6Il90b2tlbiI7czo0MDoiaEh6TERVRFd5OUhqWDBSVE1Ub21mM2V3eWR1a2tTNjZNQlc1eWNkSCI7czo2OiJfZmxhc2giO2E6Mjp7czozOiJvbGQiO2E6MDp7fXM6MzoibmV3IjthOjA6e319fQ==',1563783212),('kCxehx5eBOFQODD2ZaeZzSTQ8hajj0N8TyhXk23L',NULL,'105.208.44.160','Mozilla/5.0 (Windows NT 10.0; Win64; x64) AppleWebKit/537.36 (KHTML, like Gecko) Chrome/75.0.3770.142 Safari/537.36','YToyOntzOjY6Il90b2tlbiI7czo0MDoiY1lGS2NvUzFIcGpXd0oyZ2JCMDY2YVBLZG14NjQwRmZOUGpZeXFwYyI7czo2OiJfZmxhc2giO2E6Mjp7czozOiJvbGQiO2E6MDp7fXM6MzoibmV3IjthOjA6e319fQ==',1563777080),('ZzoXHPL71AVpBJApgN0q4AL38r4yWXBTqB6sYfwG',NULL,'105.208.44.160','Mozilla/5.0 (Windows NT 10.0; Win64; x64) AppleWebKit/537.36 (KHTML, like Gecko) Chrome/75.0.3770.142 Safari/537.36','YTozOntzOjY6Il9mbGFzaCI7YToyOntzOjM6Im9sZCI7YTowOnt9czozOiJuZXciO2E6MDp7fX1zOjY6Il90b2tlbiI7czo0MDoibWt1M3hrTWZJcmtnenluc05ScnY1RUhXWnRhQjA0UldJZ1BobVhNeSI7czo5OiJfcHJldmlvdXMiO2E6MTp7czozOiJ1cmwiO3M6MzM6Imh0dHBzOi8vc3RhZ2luZy5tYXJrZXRtYXJ0aWFsLmNvbSI7fX0=',1563778828);
/*!40000 ALTER TABLE `sessions` ENABLE KEYS */;
UNLOCK TABLES;

--
-- Table structure for table `slack_integrations`
--

DROP TABLE IF EXISTS `slack_integrations`;
/*!40101 SET @saved_cs_client     = @@character_set_client */;
/*!40101 SET character_set_client = utf8 */;
CREATE TABLE `slack_integrations` (
  `id` int(10) unsigned NOT NULL AUTO_INCREMENT,
  `type` varchar(255) COLLATE utf8mb4_unicode_ci NOT NULL,
  `field` varchar(255) COLLATE utf8mb4_unicode_ci NOT NULL,
  `value` text COLLATE utf8mb4_unicode_ci NOT NULL,
  `created_at` timestamp NULL DEFAULT NULL,
  `updated_at` timestamp NULL DEFAULT NULL,
  PRIMARY KEY (`id`)
) ENGINE=InnoDB AUTO_INCREMENT=19 DEFAULT CHARSET=utf8mb4 COLLATE=utf8mb4_unicode_ci;
/*!40101 SET character_set_client = @saved_cs_client */;

--
-- Dumping data for table `slack_integrations`
--

LOCK TABLES `slack_integrations` WRITE;
/*!40000 ALTER TABLE `slack_integrations` DISABLE KEYS */;
INSERT INTO `slack_integrations` VALUES (1,'string','channel','GFAUPV2E5','2019-02-06 16:56:19','2019-02-06 16:56:19'),(2,'string','channel','GFBC54MQC','2019-02-06 16:56:21','2019-02-06 16:56:21'),(3,'string','channel','GFCJMLPF1','2019-02-06 16:56:23','2019-02-06 16:56:23'),(4,'string','channel','GFCJMTY4F','2019-02-06 16:56:25','2019-02-06 16:56:25'),(5,'string','channel','GFAQTHMPA','2019-02-06 16:56:28','2019-02-06 16:56:28'),(6,'string','channel','GFBC55ULC','2019-02-06 16:56:31','2019-02-06 16:56:31'),(7,'string','channel','GFCJN0JEB','2019-02-06 16:56:33','2019-02-06 16:56:33'),(8,'string','channel','GG2BRQ6QZ','2019-02-10 12:22:03','2019-02-10 12:22:03'),(9,'string','channel','GG73YDJR3','2019-02-14 11:06:37','2019-02-14 11:06:37'),(10,'string','channel','GGC9ZUQGM','2019-02-20 17:32:29','2019-02-20 17:32:29'),(11,'string','channel','GGDV0638F','2019-02-21 12:36:56','2019-02-21 12:36:56'),(12,'string','channel','GGDV0P7P1','2019-02-21 12:37:41','2019-02-21 12:37:41'),(13,'string','channel','GGCRPCF7W','2019-02-21 12:38:08','2019-02-21 12:38:08'),(14,'string','channel','GGDV3PZT9','2019-02-21 12:41:52','2019-02-21 12:41:52'),(15,'string','channel','GGMMKFA5B','2019-03-02 12:00:58','2019-03-02 12:00:58'),(16,'string','channel','GGMAQH0TE','2019-03-02 12:01:02','2019-03-02 12:01:02'),(17,'string','channel','GGRNGDYCA','2019-03-07 13:50:58','2019-03-07 13:50:58'),(18,'string','channel','GH15X8CDP','2019-03-26 11:07:05','2019-03-26 11:07:05');
/*!40000 ALTER TABLE `slack_integrations` ENABLE KEYS */;
UNLOCK TABLES;

--
-- Table structure for table `stocks`
--

DROP TABLE IF EXISTS `stocks`;
/*!40101 SET @saved_cs_client     = @@character_set_client */;
/*!40101 SET character_set_client = utf8 */;
CREATE TABLE `stocks` (
  `id` int(10) unsigned NOT NULL AUTO_INCREMENT,
  `code` varchar(10) COLLATE utf8mb4_unicode_ci NOT NULL DEFAULT '',
  `verified` tinyint(1) NOT NULL DEFAULT '1',
  `name` varchar(255) COLLATE utf8mb4_unicode_ci DEFAULT NULL,
  `created_at` timestamp NULL DEFAULT NULL,
  `updated_at` timestamp NULL DEFAULT NULL,
  PRIMARY KEY (`id`)
) ENGINE=InnoDB AUTO_INCREMENT=116 DEFAULT CHARSET=utf8mb4 COLLATE=utf8mb4_unicode_ci;
/*!40101 SET character_set_client = @saved_cs_client */;

--
-- Dumping data for table `stocks`
--

LOCK TABLES `stocks` WRITE;
/*!40000 ALTER TABLE `stocks` DISABLE KEYS */;
INSERT INTO `stocks` VALUES (1,'ADH',1,NULL,NULL,NULL),(2,'AFE',1,NULL,NULL,NULL),(3,'AGL',1,NULL,NULL,NULL),(4,'AIP',1,NULL,NULL,NULL),(5,'AMS',1,NULL,NULL,NULL),(6,'ANG',1,NULL,NULL,NULL),(7,'ANH',1,NULL,NULL,NULL),(8,'APN',1,NULL,NULL,NULL),(9,'ARI',1,NULL,NULL,NULL),(10,'ARL',1,NULL,NULL,NULL),(11,'ASR',1,NULL,NULL,NULL),(12,'ATT',1,NULL,NULL,NULL),(13,'AVI',1,NULL,NULL,NULL),(14,'AWA',1,NULL,NULL,NULL),(15,'BAT',1,NULL,NULL,NULL),(16,'BAW',1,NULL,NULL,NULL),(17,'BGA',1,NULL,NULL,NULL),(18,'BID',1,NULL,NULL,NULL),(19,'BIL',1,NULL,NULL,NULL),(20,'BLU',1,NULL,NULL,NULL),(21,'BTI',1,NULL,NULL,NULL),(22,'BVT',1,NULL,NULL,NULL),(23,'CCO',1,NULL,NULL,NULL),(24,'CFR',1,NULL,NULL,NULL),(25,'CLS',1,NULL,NULL,NULL),(26,'CML',1,NULL,NULL,NULL),(27,'COH',1,NULL,NULL,NULL),(28,'CPI',1,NULL,NULL,NULL),(29,'CSB',1,NULL,NULL,NULL),(30,'DCP',1,NULL,NULL,NULL),(31,'DSY',1,NULL,NULL,NULL),(32,'DTC',1,NULL,NULL,NULL),(33,'EMI',1,NULL,NULL,NULL),(34,'EOH',1,NULL,NULL,NULL),(35,'EQU',1,NULL,NULL,NULL),(36,'EXX',1,NULL,NULL,NULL),(37,'FBR',1,NULL,NULL,NULL),(38,'FFA',1,NULL,NULL,NULL),(39,'FFB',1,NULL,NULL,NULL),(40,'FSR',1,NULL,NULL,NULL),(41,'GFI',1,NULL,NULL,NULL),(42,'GLN',1,NULL,NULL,NULL),(43,'GND',1,NULL,NULL,NULL),(44,'GRP',1,NULL,NULL,NULL),(45,'GRT',1,NULL,NULL,NULL),(46,'HAR',1,NULL,NULL,NULL),(47,'HMN',1,NULL,NULL,NULL),(48,'HYP',1,NULL,NULL,NULL),(49,'IMP',1,NULL,NULL,NULL),(50,'INL',1,NULL,NULL,NULL),(51,'INP',1,NULL,NULL,NULL),(52,'IPF',1,NULL,NULL,NULL),(53,'IPL',1,NULL,NULL,NULL),(54,'ITU',1,NULL,NULL,NULL),(55,'JSE',1,NULL,NULL,NULL),(56,'KAP',1,NULL,NULL,NULL),(57,'KIO',1,NULL,NULL,NULL),(58,'LBH',1,NULL,NULL,NULL),(59,'LHC',1,NULL,NULL,NULL),(60,'MEI',1,NULL,NULL,NULL),(61,'MMI',1,NULL,NULL,NULL),(62,'MND',1,NULL,NULL,NULL),(63,'MNP',1,NULL,NULL,NULL),(64,'MRP',1,NULL,NULL,NULL),(65,'MSM',1,NULL,NULL,NULL),(66,'MSP',1,NULL,NULL,NULL),(67,'MTN',1,NULL,NULL,NULL),(68,'NED',1,NULL,NULL,NULL),(69,'NHM',1,NULL,NULL,NULL),(70,'NPK',1,NULL,NULL,NULL),(71,'NPN',1,NULL,NULL,NULL),(72,'NTC',1,NULL,NULL,NULL),(73,'OML',1,NULL,NULL,NULL),(74,'OMN',1,NULL,NULL,NULL),(75,'PFG',1,NULL,NULL,NULL),(76,'PIK',1,NULL,NULL,NULL),(77,'PPC',1,NULL,NULL,NULL),(78,'PSG',1,NULL,NULL,NULL),(79,'RDF',1,NULL,NULL,NULL),(80,'REB',1,NULL,NULL,NULL),(81,'REM',1,NULL,NULL,NULL),(82,'RES',1,NULL,NULL,NULL),(83,'RLO',1,NULL,NULL,NULL),(84,'RMH',1,NULL,NULL,NULL),(85,'RMI',1,NULL,NULL,NULL),(86,'RNI',1,NULL,NULL,NULL),(87,'RPL',1,NULL,NULL,NULL),(88,'S32',1,NULL,NULL,NULL),(89,'SAC',1,NULL,NULL,NULL),(90,'SAP',1,NULL,NULL,NULL),(91,'SBK',1,NULL,NULL,NULL),(92,'SGL',1,NULL,NULL,NULL),(93,'SHP',1,NULL,NULL,NULL),(94,'SLM',1,NULL,NULL,NULL),(95,'SNH',1,NULL,NULL,NULL),(96,'SNT',1,NULL,NULL,NULL),(97,'SOL',1,NULL,NULL,NULL),(98,'SPG',1,NULL,NULL,NULL),(99,'SPP',1,NULL,NULL,NULL),(100,'SRE',1,NULL,NULL,NULL),(101,'SRR',1,NULL,NULL,NULL),(102,'SUI',1,NULL,NULL,NULL),(103,'TBS',1,NULL,NULL,NULL),(104,'TCP',1,NULL,NULL,NULL),(105,'TFG',1,NULL,NULL,NULL),(106,'TKG',1,NULL,NULL,NULL),(107,'TON',1,NULL,NULL,NULL),(108,'TRU',1,NULL,NULL,NULL),(109,'TSH',1,NULL,NULL,NULL),(110,'VKE',1,NULL,NULL,NULL),(111,'VOD',1,NULL,NULL,NULL),(112,'WBO',1,NULL,NULL,NULL),(113,'WHL',1,NULL,NULL,NULL),(114,'ZED',1,NULL,'2019-03-03 13:38:28','2019-03-03 13:38:28'),(115,'ABL',1,NULL,'2019-05-09 09:30:31','2019-05-09 09:30:31');
/*!40000 ALTER TABLE `stocks` ENABLE KEYS */;
UNLOCK TABLES;

--
-- Table structure for table `trade_confirmation_groups`
--

DROP TABLE IF EXISTS `trade_confirmation_groups`;
/*!40101 SET @saved_cs_client     = @@character_set_client */;
/*!40101 SET character_set_client = utf8 */;
CREATE TABLE `trade_confirmation_groups` (
  `id` int(10) unsigned NOT NULL AUTO_INCREMENT,
  `trade_confirmation_id` int(10) unsigned NOT NULL,
  `trade_structure_group_id` int(10) unsigned NOT NULL,
  `user_market_request_group_id` int(10) unsigned NOT NULL,
  `trade_confirmation_group_id` int(10) unsigned DEFAULT NULL,
  `is_options` tinyint(1) NOT NULL,
  `created_at` timestamp NULL DEFAULT NULL,
  `updated_at` timestamp NULL DEFAULT NULL,
  PRIMARY KEY (`id`),
  KEY `trade_confirmation_groups_trade_confirmation_id_foreign` (`trade_confirmation_id`),
  KEY `trade_confirmation_groups_trade_structure_group_id_foreign` (`trade_structure_group_id`),
  KEY `trade_confirmation_groups_user_market_request_group_id_foreign` (`user_market_request_group_id`),
  KEY `trade_confirmation_groups_trade_confirmation_group_id_foreign` (`trade_confirmation_group_id`),
  CONSTRAINT `trade_confirmation_groups_trade_confirmation_group_id_foreign` FOREIGN KEY (`trade_confirmation_group_id`) REFERENCES `trade_confirmation_groups` (`id`),
  CONSTRAINT `trade_confirmation_groups_trade_confirmation_id_foreign` FOREIGN KEY (`trade_confirmation_id`) REFERENCES `trade_confirmations` (`id`),
  CONSTRAINT `trade_confirmation_groups_trade_structure_group_id_foreign` FOREIGN KEY (`trade_structure_group_id`) REFERENCES `trade_structure_groups` (`id`),
  CONSTRAINT `trade_confirmation_groups_user_market_request_group_id_foreign` FOREIGN KEY (`user_market_request_group_id`) REFERENCES `user_market_request_groups` (`id`)
) ENGINE=InnoDB AUTO_INCREMENT=7 DEFAULT CHARSET=utf8mb4 COLLATE=utf8mb4_unicode_ci;
/*!40101 SET character_set_client = @saved_cs_client */;

--
-- Dumping data for table `trade_confirmation_groups`
--

LOCK TABLES `trade_confirmation_groups` WRITE;
/*!40000 ALTER TABLE `trade_confirmation_groups` DISABLE KEYS */;
INSERT INTO `trade_confirmation_groups` VALUES (1,1,2,9,NULL,1,'2019-07-19 14:10:17','2019-07-19 14:10:17'),(2,1,3,9,NULL,0,'2019-07-19 14:10:17','2019-07-19 14:10:17'),(3,2,2,9,1,1,'2019-07-19 14:10:57','2019-07-19 14:10:57'),(4,2,3,9,2,0,'2019-07-19 14:10:57','2019-07-19 14:10:57'),(5,3,2,9,3,1,'2019-07-19 14:11:14','2019-07-19 14:11:14'),(6,3,3,9,4,0,'2019-07-19 14:11:14','2019-07-19 14:11:14');
/*!40000 ALTER TABLE `trade_confirmation_groups` ENABLE KEYS */;
UNLOCK TABLES;

--
-- Table structure for table `trade_confirmation_items`
--

DROP TABLE IF EXISTS `trade_confirmation_items`;
/*!40101 SET @saved_cs_client     = @@character_set_client */;
/*!40101 SET character_set_client = utf8 */;
CREATE TABLE `trade_confirmation_items` (
  `id` int(10) unsigned NOT NULL AUTO_INCREMENT,
  `item_id` int(10) unsigned NOT NULL,
  `trade_confirmation_group_id` int(10) unsigned NOT NULL,
  `value` varchar(255) COLLATE utf8mb4_unicode_ci DEFAULT NULL,
  `title` varchar(255) COLLATE utf8mb4_unicode_ci NOT NULL,
  `created_at` timestamp NULL DEFAULT NULL,
  `updated_at` timestamp NULL DEFAULT NULL,
  `is_seller` tinyint(1) DEFAULT NULL,
  PRIMARY KEY (`id`),
  KEY `trade_confirmation_items_item_id_foreign` (`item_id`),
  KEY `trade_confirmation_items_trade_confirmation_group_id_foreign` (`trade_confirmation_group_id`),
  CONSTRAINT `trade_confirmation_items_item_id_foreign` FOREIGN KEY (`item_id`) REFERENCES `items` (`id`),
  CONSTRAINT `trade_confirmation_items_trade_confirmation_group_id_foreign` FOREIGN KEY (`trade_confirmation_group_id`) REFERENCES `trade_confirmation_groups` (`id`)
) ENGINE=InnoDB AUTO_INCREMENT=43 DEFAULT CHARSET=utf8mb4 COLLATE=utf8mb4_unicode_ci;
/*!40101 SET character_set_client = @saved_cs_client */;

--
-- Dumping data for table `trade_confirmation_items`
--

LOCK TABLES `trade_confirmation_items` WRITE;
/*!40000 ALTER TABLE `trade_confirmation_items` DISABLE KEYS */;
INSERT INTO `trade_confirmation_items` VALUES (1,5,1,'1','is_offer','2019-07-19 14:10:17','2019-07-19 14:10:17',1),(2,5,1,'0','is_offer','2019-07-19 14:10:17','2019-07-19 14:10:17',0),(3,6,1,NULL,'is_put','2019-07-19 14:10:17','2019-07-19 14:10:17',NULL),(4,7,1,'33.5','Volatility','2019-07-19 14:10:17','2019-07-19 14:10:17',NULL),(5,8,1,NULL,'Gross Premiums','2019-07-19 14:10:17','2019-07-19 14:10:17',NULL),(6,9,1,NULL,'Net Premiums','2019-07-19 14:10:17','2019-07-19 14:10:17',0),(7,9,1,NULL,'Net Premiums','2019-07-19 14:10:17','2019-07-19 14:10:17',1),(8,10,1,NULL,'Contract','2019-07-19 14:10:17','2019-07-19 14:10:17',NULL),(9,11,1,'50000000','Nominal','2019-07-19 14:10:17','2019-07-19 14:10:17',NULL),(10,12,2,NULL,'is_offer','2019-07-19 14:10:17','2019-07-19 14:10:17',1),(11,12,2,NULL,'is_offer','2019-07-19 14:10:17','2019-07-19 14:10:17',0),(12,13,2,NULL,'Future','2019-07-19 14:10:17','2019-07-19 14:10:17',NULL),(13,14,2,NULL,'Contract','2019-07-19 14:10:17','2019-07-19 14:10:17',NULL),(14,15,2,NULL,'Spot','2019-07-19 14:10:17','2019-07-19 14:10:17',NULL),(15,5,3,'1','is_offer','2019-07-19 14:10:57','2019-07-19 14:10:57',1),(16,5,3,'0','is_offer','2019-07-19 14:10:57','2019-07-19 14:10:57',0),(17,6,3,'0','is_put','2019-07-19 14:10:57','2019-07-19 14:10:57',NULL),(18,7,3,'33.5','Volatility','2019-07-19 14:10:57','2019-07-19 14:10:57',NULL),(19,8,3,'246.56','Gross Premiums','2019-07-19 14:10:57','2019-07-19 14:10:57',NULL),(20,9,3,'246.56','Net Premiums','2019-07-19 14:10:57','2019-07-19 14:10:57',0),(21,9,3,'246.56','Net Premiums','2019-07-19 14:10:57','2019-07-19 14:10:57',1),(22,10,3,'1468','Contract','2019-07-19 14:10:57','2019-07-19 14:10:57',NULL),(23,11,3,'50000000','Nominal','2019-07-19 14:10:57','2019-07-19 14:10:57',NULL),(24,12,4,'0','is_offer','2019-07-19 14:10:57','2019-07-19 14:10:57',1),(25,12,4,'1','is_offer','2019-07-19 14:10:57','2019-07-19 14:10:57',0),(26,13,4,'335.8','Future','2019-07-19 14:10:57','2019-07-19 14:10:57',NULL),(27,14,4,'169','Contract','2019-07-19 14:10:57','2019-07-19 14:10:57',NULL),(28,15,4,'340.5','Spot','2019-07-19 14:10:57','2019-07-19 14:10:57',NULL),(29,5,5,'1','is_offer','2019-07-19 14:11:14','2019-07-19 14:11:14',1),(30,5,5,'0','is_offer','2019-07-19 14:11:14','2019-07-19 14:11:14',0),(31,6,5,'0','is_put','2019-07-19 14:11:14','2019-07-19 14:11:14',NULL),(32,7,5,'33.5','Volatility','2019-07-19 14:11:14','2019-07-19 14:11:14',NULL),(33,8,5,'246.56','Gross Premiums','2019-07-19 14:11:14','2019-07-19 14:11:14',NULL),(34,9,5,'246.56','Net Premiums','2019-07-19 14:11:14','2019-07-19 14:11:14',0),(35,9,5,'246.56','Net Premiums','2019-07-19 14:11:14','2019-07-19 14:11:14',1),(36,10,5,'1468','Contract','2019-07-19 14:11:14','2019-07-19 14:11:14',NULL),(37,11,5,'50000000','Nominal','2019-07-19 14:11:14','2019-07-19 14:11:14',NULL),(38,12,6,'0','is_offer','2019-07-19 14:11:14','2019-07-19 14:11:14',1),(39,12,6,'1','is_offer','2019-07-19 14:11:14','2019-07-19 14:11:14',0),(40,13,6,'335.8','Future','2019-07-19 14:11:14','2019-07-19 14:11:14',NULL),(41,14,6,'169','Contract','2019-07-19 14:11:14','2019-07-19 14:11:14',NULL),(42,15,6,'340.5','Spot','2019-07-19 14:11:14','2019-07-19 14:11:14',NULL);
/*!40000 ALTER TABLE `trade_confirmation_items` ENABLE KEYS */;
UNLOCK TABLES;

--
-- Table structure for table `trade_confirmation_statuses`
--

DROP TABLE IF EXISTS `trade_confirmation_statuses`;
/*!40101 SET @saved_cs_client     = @@character_set_client */;
/*!40101 SET character_set_client = utf8 */;
CREATE TABLE `trade_confirmation_statuses` (
  `id` int(10) unsigned NOT NULL AUTO_INCREMENT,
  `title` varchar(255) COLLATE utf8mb4_unicode_ci NOT NULL,
  `created_at` timestamp NULL DEFAULT NULL,
  `updated_at` timestamp NULL DEFAULT NULL,
  PRIMARY KEY (`id`)
) ENGINE=InnoDB AUTO_INCREMENT=8 DEFAULT CHARSET=utf8mb4 COLLATE=utf8mb4_unicode_ci;
/*!40101 SET character_set_client = @saved_cs_client */;

--
-- Dumping data for table `trade_confirmation_statuses`
--

LOCK TABLES `trade_confirmation_statuses` WRITE;
/*!40000 ALTER TABLE `trade_confirmation_statuses` DISABLE KEYS */;
INSERT INTO `trade_confirmation_statuses` VALUES (1,'Pending: Initiate Confirmation','2019-02-06 16:55:40','2019-02-06 16:55:40'),(2,'Pending: Reciever Confirmation','2019-02-06 16:55:40','2019-02-06 16:55:40'),(3,'Disputed: By Reciever','2019-02-06 16:55:40','2019-02-06 16:55:40'),(4,'Confirmed','2019-02-06 16:55:40','2019-02-06 16:55:40'),(5,'Disputed: By Sender','2019-02-06 16:55:40','2019-02-06 16:55:40'),(6,'Updated By Sender','2019-02-06 16:55:40','2019-02-06 16:55:40'),(7,'Updated By Reciever','2019-02-06 16:55:40','2019-02-06 16:55:40');
/*!40000 ALTER TABLE `trade_confirmation_statuses` ENABLE KEYS */;
UNLOCK TABLES;

--
-- Table structure for table `trade_confirmations`
--

DROP TABLE IF EXISTS `trade_confirmations`;
/*!40101 SET @saved_cs_client     = @@character_set_client */;
/*!40101 SET character_set_client = utf8 */;
CREATE TABLE `trade_confirmations` (
  `id` int(10) unsigned NOT NULL AUTO_INCREMENT,
  `send_user_id` int(10) unsigned NOT NULL,
  `receiving_user_id` int(10) unsigned NOT NULL,
  `trade_confirmation_status_id` int(10) unsigned NOT NULL,
  `trade_confirmation_id` int(10) unsigned DEFAULT NULL,
  `market_id` int(10) unsigned DEFAULT NULL,
  `stock_id` int(10) unsigned DEFAULT NULL,
  `created_at` timestamp NULL DEFAULT NULL,
  `updated_at` timestamp NULL DEFAULT NULL,
  `trade_negotiation_id` int(10) unsigned NOT NULL,
  `trade_structure_id` int(10) unsigned NOT NULL,
  `user_market_request_id` int(10) unsigned NOT NULL,
  `is_put` tinyint(1) DEFAULT NULL,
  `send_trading_account_id` int(10) unsigned DEFAULT NULL,
  `receiving_trading_account_id` int(10) unsigned DEFAULT NULL,
  PRIMARY KEY (`id`),
  KEY `trade_confirmations_send_user_id_foreign` (`send_user_id`),
  KEY `trade_confirmations_receiving_user_id_foreign` (`receiving_user_id`),
  KEY `trade_confirmations_trade_confirmation_status_id_foreign` (`trade_confirmation_status_id`),
  KEY `trade_confirmations_trade_confirmation_id_foreign` (`trade_confirmation_id`),
  KEY `trade_confirmations_market_id_foreign` (`market_id`),
  KEY `trade_confirmations_stock_id_foreign` (`stock_id`),
  KEY `trade_confirmations_trade_negotiation_id_foreign` (`trade_negotiation_id`),
  KEY `trade_confirmations_trade_structure_id_foreign` (`trade_structure_id`),
  KEY `trade_confirmations_user_market_request_id_foreign` (`user_market_request_id`),
  KEY `trade_confirmations_send_trading_account_id_foreign` (`send_trading_account_id`),
  KEY `trade_confirmations_receiving_trading_account_id_foreign` (`receiving_trading_account_id`),
  CONSTRAINT `trade_confirmations_market_id_foreign` FOREIGN KEY (`market_id`) REFERENCES `markets` (`id`),
  CONSTRAINT `trade_confirmations_receiving_trading_account_id_foreign` FOREIGN KEY (`receiving_trading_account_id`) REFERENCES `trading_accounts` (`id`),
  CONSTRAINT `trade_confirmations_receiving_user_id_foreign` FOREIGN KEY (`receiving_user_id`) REFERENCES `users` (`id`),
  CONSTRAINT `trade_confirmations_send_trading_account_id_foreign` FOREIGN KEY (`send_trading_account_id`) REFERENCES `trading_accounts` (`id`),
  CONSTRAINT `trade_confirmations_send_user_id_foreign` FOREIGN KEY (`send_user_id`) REFERENCES `users` (`id`),
  CONSTRAINT `trade_confirmations_stock_id_foreign` FOREIGN KEY (`stock_id`) REFERENCES `stocks` (`id`),
  CONSTRAINT `trade_confirmations_trade_confirmation_id_foreign` FOREIGN KEY (`trade_confirmation_id`) REFERENCES `trade_confirmations` (`id`),
  CONSTRAINT `trade_confirmations_trade_confirmation_status_id_foreign` FOREIGN KEY (`trade_confirmation_status_id`) REFERENCES `trade_confirmation_statuses` (`id`),
  CONSTRAINT `trade_confirmations_trade_negotiation_id_foreign` FOREIGN KEY (`trade_negotiation_id`) REFERENCES `trade_negotiations` (`id`),
  CONSTRAINT `trade_confirmations_trade_structure_id_foreign` FOREIGN KEY (`trade_structure_id`) REFERENCES `trade_structures` (`id`),
  CONSTRAINT `trade_confirmations_user_market_request_id_foreign` FOREIGN KEY (`user_market_request_id`) REFERENCES `user_market_requests` (`id`)
) ENGINE=InnoDB AUTO_INCREMENT=4 DEFAULT CHARSET=utf8mb4 COLLATE=utf8mb4_unicode_ci;
/*!40101 SET character_set_client = @saved_cs_client */;

--
-- Dumping data for table `trade_confirmations`
--

LOCK TABLES `trade_confirmations` WRITE;
/*!40000 ALTER TABLE `trade_confirmations` DISABLE KEYS */;
INSERT INTO `trade_confirmations` VALUES (1,11,17,1,NULL,4,NULL,'2019-07-19 14:10:17','2019-07-19 14:10:17',2,1,9,NULL,NULL,NULL),(2,11,17,1,1,4,NULL,'2019-07-19 14:10:57','2019-07-19 14:10:57',2,1,9,NULL,44,NULL),(3,11,17,4,2,4,NULL,'2019-07-19 14:11:14','2019-07-19 14:11:24',2,1,9,NULL,44,52);
/*!40000 ALTER TABLE `trade_confirmations` ENABLE KEYS */;
UNLOCK TABLES;

--
-- Table structure for table `trade_negotiation_statuses`
--

DROP TABLE IF EXISTS `trade_negotiation_statuses`;
/*!40101 SET @saved_cs_client     = @@character_set_client */;
/*!40101 SET character_set_client = utf8 */;
CREATE TABLE `trade_negotiation_statuses` (
  `id` int(10) unsigned NOT NULL AUTO_INCREMENT,
  `name` varchar(255) COLLATE utf8mb4_unicode_ci NOT NULL,
  `created_at` timestamp NULL DEFAULT NULL,
  `updated_at` timestamp NULL DEFAULT NULL,
  PRIMARY KEY (`id`)
) ENGINE=InnoDB DEFAULT CHARSET=utf8mb4 COLLATE=utf8mb4_unicode_ci;
/*!40101 SET character_set_client = @saved_cs_client */;

--
-- Dumping data for table `trade_negotiation_statuses`
--

LOCK TABLES `trade_negotiation_statuses` WRITE;
/*!40000 ALTER TABLE `trade_negotiation_statuses` DISABLE KEYS */;
/*!40000 ALTER TABLE `trade_negotiation_statuses` ENABLE KEYS */;
UNLOCK TABLES;

--
-- Table structure for table `trade_negotiations`
--

DROP TABLE IF EXISTS `trade_negotiations`;
/*!40101 SET @saved_cs_client     = @@character_set_client */;
/*!40101 SET character_set_client = utf8 */;
CREATE TABLE `trade_negotiations` (
  `id` int(10) unsigned NOT NULL AUTO_INCREMENT,
  `user_market_id` int(10) unsigned NOT NULL,
  `trade_negotiation_id` int(10) unsigned DEFAULT NULL,
  `market_negotiation_id` int(10) unsigned NOT NULL,
  `initiate_user_id` int(10) unsigned NOT NULL,
  `recieving_user_id` int(10) unsigned NOT NULL,
  `traded` tinyint(1) NOT NULL,
  `quantity` double(11,2) NOT NULL,
  `is_offer` tinyint(1) NOT NULL,
  `is_dispute` tinyint(1) NOT NULL,
  `created_at` timestamp NULL DEFAULT NULL,
  `updated_at` timestamp NULL DEFAULT NULL,
  `no_cares` tinyint(1) NOT NULL DEFAULT '0',
  PRIMARY KEY (`id`),
  KEY `trade_negotiations_user_market_id_foreign` (`user_market_id`),
  KEY `trade_negotiations_trade_negotiation_id_foreign` (`trade_negotiation_id`),
  KEY `trade_negotiations_market_negotiation_id_foreign` (`market_negotiation_id`),
  KEY `trade_negotiations_initiate_user_id_foreign` (`initiate_user_id`),
  KEY `trade_negotiations_recieving_user_id_foreign` (`recieving_user_id`),
  CONSTRAINT `trade_negotiations_initiate_user_id_foreign` FOREIGN KEY (`initiate_user_id`) REFERENCES `users` (`id`),
  CONSTRAINT `trade_negotiations_market_negotiation_id_foreign` FOREIGN KEY (`market_negotiation_id`) REFERENCES `market_negotiations` (`id`),
  CONSTRAINT `trade_negotiations_recieving_user_id_foreign` FOREIGN KEY (`recieving_user_id`) REFERENCES `users` (`id`),
  CONSTRAINT `trade_negotiations_trade_negotiation_id_foreign` FOREIGN KEY (`trade_negotiation_id`) REFERENCES `trade_negotiations` (`id`),
  CONSTRAINT `trade_negotiations_user_market_id_foreign` FOREIGN KEY (`user_market_id`) REFERENCES `user_markets` (`id`)
) ENGINE=InnoDB AUTO_INCREMENT=3 DEFAULT CHARSET=utf8mb4 COLLATE=utf8mb4_unicode_ci;
/*!40101 SET character_set_client = @saved_cs_client */;

--
-- Dumping data for table `trade_negotiations`
--

LOCK TABLES `trade_negotiations` WRITE;
/*!40000 ALTER TABLE `trade_negotiations` DISABLE KEYS */;
INSERT INTO `trade_negotiations` VALUES (1,7,NULL,21,11,17,0,50.00,1,0,'2019-07-19 14:10:09','2019-07-19 14:10:09',0),(2,7,1,21,17,11,1,50.00,0,0,'2019-07-19 14:10:17','2019-07-19 14:10:17',0);
/*!40000 ALTER TABLE `trade_negotiations` ENABLE KEYS */;
UNLOCK TABLES;

--
-- Table structure for table `trade_structure_group_types`
--

DROP TABLE IF EXISTS `trade_structure_group_types`;
/*!40101 SET @saved_cs_client     = @@character_set_client */;
/*!40101 SET character_set_client = utf8 */;
CREATE TABLE `trade_structure_group_types` (
  `id` int(10) unsigned NOT NULL AUTO_INCREMENT,
  `title` varchar(255) COLLATE utf8mb4_unicode_ci NOT NULL,
  `created_at` timestamp NULL DEFAULT NULL,
  `updated_at` timestamp NULL DEFAULT NULL,
  PRIMARY KEY (`id`)
) ENGINE=InnoDB AUTO_INCREMENT=4 DEFAULT CHARSET=utf8mb4 COLLATE=utf8mb4_unicode_ci;
/*!40101 SET character_set_client = @saved_cs_client */;

--
-- Dumping data for table `trade_structure_group_types`
--

LOCK TABLES `trade_structure_group_types` WRITE;
/*!40000 ALTER TABLE `trade_structure_group_types` DISABLE KEYS */;
INSERT INTO `trade_structure_group_types` VALUES (1,'Market Request Group','2019-02-06 16:55:40','2019-02-06 16:55:40'),(2,'Trade Confirmation Single','2019-02-06 16:55:40','2019-02-06 16:55:40'),(3,'Trade Confirmation Index','2019-02-06 16:55:40','2019-02-06 16:55:40');
/*!40000 ALTER TABLE `trade_structure_group_types` ENABLE KEYS */;
UNLOCK TABLES;

--
-- Table structure for table `trade_structure_groups`
--

DROP TABLE IF EXISTS `trade_structure_groups`;
/*!40101 SET @saved_cs_client     = @@character_set_client */;
/*!40101 SET character_set_client = utf8 */;
CREATE TABLE `trade_structure_groups` (
  `id` int(10) unsigned NOT NULL AUTO_INCREMENT,
  `title` varchar(255) COLLATE utf8mb4_unicode_ci NOT NULL,
  `force_select` tinyint(1) DEFAULT NULL,
  `trade_structure_id` int(10) unsigned NOT NULL,
  `created_at` timestamp NULL DEFAULT NULL,
  `updated_at` timestamp NULL DEFAULT NULL,
  `trade_structure_group_type_id` int(10) unsigned DEFAULT NULL,
  `trade_structure_group_id` int(10) unsigned DEFAULT NULL,
  PRIMARY KEY (`id`),
  KEY `trade_structure_groups_trade_structure_id_foreign` (`trade_structure_id`),
  KEY `trade_structure_groups_trade_structure_group_type_id_foreign` (`trade_structure_group_type_id`),
  KEY `trade_structure_groups_trade_structure_group_id_foreign` (`trade_structure_group_id`),
  CONSTRAINT `trade_structure_groups_trade_structure_group_id_foreign` FOREIGN KEY (`trade_structure_group_id`) REFERENCES `trade_structure_groups` (`id`),
  CONSTRAINT `trade_structure_groups_trade_structure_group_type_id_foreign` FOREIGN KEY (`trade_structure_group_type_id`) REFERENCES `trade_structure_group_types` (`id`),
  CONSTRAINT `trade_structure_groups_trade_structure_id_foreign` FOREIGN KEY (`trade_structure_id`) REFERENCES `trade_structures` (`id`)
) ENGINE=InnoDB AUTO_INCREMENT=37 DEFAULT CHARSET=utf8mb4 COLLATE=utf8mb4_unicode_ci;
/*!40101 SET character_set_client = @saved_cs_client */;

--
-- Dumping data for table `trade_structure_groups`
--

LOCK TABLES `trade_structure_groups` WRITE;
/*!40000 ALTER TABLE `trade_structure_groups` DISABLE KEYS */;
INSERT INTO `trade_structure_groups` VALUES (1,'default',0,1,'2019-02-06 16:55:40','2019-02-06 16:55:40',1,NULL),(2,'Options Group',NULL,1,'2019-02-06 16:55:40','2019-02-06 16:55:40',3,1),(3,'Futures Group',NULL,1,'2019-02-06 16:55:40','2019-02-06 16:55:40',3,1),(4,'default',NULL,2,'2019-02-06 16:55:40','2019-02-06 16:55:40',1,NULL),(5,'Options Group',NULL,2,'2019-02-06 16:55:40','2019-02-06 16:55:40',3,4),(6,'Futures Group',NULL,2,'2019-02-06 16:55:40','2019-02-06 16:55:40',3,4),(7,'Risky options',NULL,2,'2019-02-06 16:55:40','2019-02-06 16:55:40',1,NULL),(8,'Options Group',NULL,2,'2019-02-06 16:55:40','2019-02-06 16:55:40',3,7),(9,'default',NULL,3,'2019-02-06 16:55:40','2019-02-06 16:55:40',1,NULL),(10,'Options Group',NULL,3,'2019-02-06 16:55:40','2019-02-06 16:55:40',3,9),(11,'Futures Group',NULL,3,'2019-02-06 16:55:40','2019-02-06 16:55:40',3,9),(12,'Calander option',NULL,3,'2019-02-06 16:55:40','2019-02-06 16:55:40',1,NULL),(13,'Options Group',NULL,3,'2019-02-06 16:55:40','2019-02-06 16:55:40',3,12),(14,'Futures Group',NULL,3,'2019-02-06 16:55:40','2019-02-06 16:55:40',3,12),(15,'default',1,4,'2019-02-06 16:55:40','2019-02-06 16:55:40',1,NULL),(16,'Options Group',NULL,4,'2019-02-06 16:55:40','2019-02-06 16:55:40',3,15),(17,'Futures Group',NULL,4,'2019-02-06 16:55:40','2019-02-06 16:55:40',3,15),(18,'Fly Second option',0,4,'2019-02-06 16:55:40','2019-02-06 16:55:40',1,NULL),(19,'Options Group',NULL,4,'2019-02-06 16:55:40','2019-02-06 16:55:40',3,18),(20,'Fly third option',1,4,'2019-02-06 16:55:40','2019-02-06 16:55:40',1,NULL),(21,'Options Group',NULL,4,'2019-02-06 16:55:40','2019-02-06 16:55:40',3,20),(22,'default',NULL,5,'2019-02-06 16:55:40','2019-02-06 16:55:40',1,NULL),(23,'Options Group',NULL,5,'2019-02-06 16:55:40','2019-02-06 16:55:40',3,22),(24,'Futures Group',NULL,5,'2019-02-06 16:55:40','2019-02-06 16:55:40',3,22),(25,'Switch Options',NULL,5,'2019-02-06 16:55:40','2019-02-06 16:55:40',1,NULL),(26,'Options Group',NULL,5,'2019-02-06 16:55:40','2019-02-06 16:55:40',3,25),(27,'Futures Group',NULL,5,'2019-02-06 16:55:40','2019-02-06 16:55:40',3,25),(28,'default',0,6,'2019-02-06 16:55:40','2019-02-06 16:55:40',1,NULL),(29,'Futures Group',NULL,6,'2019-02-06 16:55:40','2019-02-06 16:55:40',3,28),(30,'default',0,7,'2019-02-06 16:55:40','2019-02-06 16:55:40',1,NULL),(31,'Futures Group',NULL,7,'2019-02-06 16:55:40','2019-02-06 16:55:40',3,30),(32,'default',NULL,8,'2019-02-06 16:55:40','2019-02-06 16:55:40',1,NULL),(33,'Futures Group',NULL,8,'2019-02-06 16:55:40','2019-02-06 16:55:40',3,32),(34,'Switch Options',NULL,8,'2019-02-06 16:55:40','2019-02-06 16:55:40',1,NULL),(35,'Futures Group',NULL,8,'2019-02-06 16:55:40','2019-02-06 16:55:40',3,34),(36,'default',0,9,'2019-02-06 16:55:40','2019-02-06 16:55:40',1,NULL);
/*!40000 ALTER TABLE `trade_structure_groups` ENABLE KEYS */;
UNLOCK TABLES;

--
-- Table structure for table `trade_structures`
--

DROP TABLE IF EXISTS `trade_structures`;
/*!40101 SET @saved_cs_client     = @@character_set_client */;
/*!40101 SET character_set_client = utf8 */;
CREATE TABLE `trade_structures` (
  `id` int(10) unsigned NOT NULL AUTO_INCREMENT,
  `title` varchar(255) COLLATE utf8mb4_unicode_ci NOT NULL,
  `is_selectable` tinyint(1) NOT NULL DEFAULT '1',
  `created_at` timestamp NULL DEFAULT NULL,
  `updated_at` timestamp NULL DEFAULT NULL,
  PRIMARY KEY (`id`)
) ENGINE=InnoDB AUTO_INCREMENT=10 DEFAULT CHARSET=utf8mb4 COLLATE=utf8mb4_unicode_ci;
/*!40101 SET character_set_client = @saved_cs_client */;

--
-- Dumping data for table `trade_structures`
--

LOCK TABLES `trade_structures` WRITE;
/*!40000 ALTER TABLE `trade_structures` DISABLE KEYS */;
INSERT INTO `trade_structures` VALUES (1,'Outright',1,'2019-02-06 16:55:40','2019-02-06 16:55:40'),(2,'Risky',1,'2019-02-06 16:55:40','2019-02-06 16:55:40'),(3,'Calendar',1,'2019-02-06 16:55:40','2019-02-06 16:55:40'),(4,'Fly',1,'2019-02-06 16:55:40','2019-02-06 16:55:40'),(5,'Option Switch',0,'2019-02-06 16:55:40','2019-02-06 16:55:40'),(6,'EFP',0,'2019-02-06 16:55:40','2019-02-06 16:55:40'),(7,'Rolls',0,'2019-02-06 16:55:40','2019-02-06 16:55:40'),(8,'EFP Switch',0,'2019-02-06 16:55:40','2019-02-06 16:55:40'),(9,'Var Swap',1,'2019-02-06 16:55:40','2019-02-06 16:55:40');
/*!40000 ALTER TABLE `trade_structures` ENABLE KEYS */;
UNLOCK TABLES;

--
-- Table structure for table `trading_accounts`
--

DROP TABLE IF EXISTS `trading_accounts`;
/*!40101 SET @saved_cs_client     = @@character_set_client */;
/*!40101 SET character_set_client = utf8 */;
CREATE TABLE `trading_accounts` (
  `id` int(10) unsigned NOT NULL AUTO_INCREMENT,
  `user_id` int(10) unsigned NOT NULL,
  `market_id` int(10) unsigned NOT NULL,
  `safex_number` varchar(255) COLLATE utf8mb4_unicode_ci DEFAULT NULL,
  `sub_account` varchar(255) COLLATE utf8mb4_unicode_ci DEFAULT NULL,
  `created_at` timestamp NULL DEFAULT NULL,
  `updated_at` timestamp NULL DEFAULT NULL,
  PRIMARY KEY (`id`),
  KEY `trading_accounts_user_id_foreign` (`user_id`),
  KEY `trading_accounts_market_id_foreign` (`market_id`),
  CONSTRAINT `trading_accounts_market_id_foreign` FOREIGN KEY (`market_id`) REFERENCES `markets` (`id`),
  CONSTRAINT `trading_accounts_user_id_foreign` FOREIGN KEY (`user_id`) REFERENCES `users` (`id`)
) ENGINE=InnoDB AUTO_INCREMENT=73 DEFAULT CHARSET=utf8mb4 COLLATE=utf8mb4_unicode_ci;
/*!40101 SET character_set_client = @saved_cs_client */;

--
-- Dumping data for table `trading_accounts`
--

LOCK TABLES `trading_accounts` WRITE;
/*!40000 ALTER TABLE `trading_accounts` DISABLE KEYS */;
INSERT INTO `trading_accounts` VALUES (1,2,1,'4485148924311791','340462968791179','2019-02-06 16:55:40','2019-02-06 16:55:40'),(2,2,2,'4024007178400361','4532917660164868','2019-02-06 16:55:40','2019-02-06 16:55:40'),(3,2,3,'6011684356912704','4556631006514','2019-02-06 16:55:40','2019-02-06 16:55:40'),(4,2,4,'5540746583179977','4024007199343459','2019-02-06 16:55:40','2019-02-06 16:55:40'),(5,2,5,'5277081585852556','2615690810631433','2019-02-06 16:55:40','2019-02-06 16:55:40'),(6,3,1,'4539865631422787','5555821762752779','2019-02-06 16:55:40','2019-02-06 16:55:40'),(7,3,2,'4532932576012580','5271441390238043','2019-02-06 16:55:40','2019-02-06 16:55:40'),(8,3,3,'2221648916039907','2603639472265398','2019-02-06 16:55:40','2019-02-06 16:55:40'),(9,3,4,'2358987927324386','4485584895885761','2019-02-06 16:55:40','2019-02-06 16:55:40'),(10,3,5,'2373958405357215','6011464311501961','2019-02-06 16:55:40','2019-02-06 16:55:40'),(11,4,1,'4485247204536570','4716889610264','2019-02-06 16:55:40','2019-02-06 16:55:40'),(12,4,2,'2599284265905151','5307180979676466','2019-02-06 16:55:40','2019-02-06 16:55:40'),(13,4,3,'4024007175344596','4532176675446147','2019-02-06 16:55:40','2019-02-06 16:55:40'),(14,4,4,'4532241350758370','4556870508980','2019-02-06 16:55:40','2019-02-06 16:55:40'),(15,4,5,'5150720885472779','4716485066732520','2019-02-06 16:55:40','2019-02-06 16:55:40'),(16,5,1,'4532035484277897','4929223897089','2019-02-06 16:55:40','2019-02-06 16:55:40'),(17,5,2,'4485959643911988','6011660916031094','2019-02-06 16:55:40','2019-02-06 16:55:40'),(18,5,3,'2426602190109947','5292511233896549','2019-02-06 16:55:40','2019-02-06 16:55:40'),(19,5,4,'4532642249401819','4532193371458086','2019-02-06 16:55:40','2019-02-06 16:55:40'),(20,5,5,'4716322894393003','5268271581026799','2019-02-06 16:55:40','2019-02-06 16:55:40'),(21,6,1,'4024007178540','4929861567381913','2019-02-06 16:55:40','2019-02-06 16:55:40'),(22,6,2,'2433300581901680','6011306369633453','2019-02-06 16:55:40','2019-02-06 16:55:40'),(23,6,3,'4532825002880432','4024007181684','2019-02-06 16:55:40','2019-02-06 16:55:40'),(24,6,4,'346415591365724','4556607759183769','2019-02-06 16:55:40','2019-02-06 16:55:40'),(25,6,5,'4925611709007338','4556753706668435','2019-02-06 16:55:40','2019-02-06 16:55:40'),(26,7,1,'5503353850161534','4556083303036921','2019-02-06 16:55:40','2019-02-06 16:55:40'),(27,7,2,'4532206218727792','5547567826668599','2019-02-06 16:55:40','2019-02-06 16:55:40'),(28,7,3,'6011862990213735','5391483083354955','2019-02-06 16:55:40','2019-02-06 16:55:40'),(29,7,4,'4532472226354538','5448059934366811','2019-02-06 16:55:40','2019-02-06 16:55:40'),(30,7,5,'5501128150363333','375012174935942','2019-02-06 16:55:40','2019-02-06 16:55:40'),(31,8,1,'2221737203070806','378032170208687','2019-02-06 16:55:40','2019-02-06 16:55:40'),(32,8,2,'4716328567400512','2221583633361641','2019-02-06 16:55:40','2019-02-06 16:55:40'),(33,8,3,'4539109901879230','4485347089036363','2019-02-06 16:55:40','2019-02-06 16:55:40'),(34,8,4,'4556242501966277','2626303450894546','2019-02-06 16:55:40','2019-02-06 16:55:40'),(35,8,5,'4539719971194185','4556817950390465','2019-02-06 16:55:40','2019-02-06 16:55:40'),(36,9,1,'WBLS','EDMAR','2019-02-10 12:20:39','2019-02-10 12:20:39'),(37,9,2,'WBLS','EDMARD','2019-02-10 12:20:39','2019-02-10 12:20:39'),(38,9,3,'WBLS','EDMARDC','2019-02-10 12:20:39','2019-02-10 12:20:39'),(39,9,4,'WBLS','EDMARS','2019-02-10 12:20:39','2019-02-10 12:20:39'),(40,10,1,'WBLS','asdf','2019-02-10 12:23:33','2019-02-10 12:23:33'),(41,11,1,'RW1','BHW','2019-02-14 11:03:58','2019-02-14 11:03:58'),(42,11,2,'RW1','BHW','2019-02-14 11:03:58','2019-02-14 11:03:58'),(43,11,3,'RW1','BHW','2019-02-14 11:03:58','2019-02-14 11:03:58'),(44,11,4,'RW1','BHW','2019-02-14 11:03:58','2019-02-14 11:03:58'),(45,16,1,'123123123','123123123','2019-02-21 13:14:20','2019-02-21 13:14:20'),(46,16,2,'123123123','123123123','2019-02-21 13:14:20','2019-02-21 13:14:20'),(47,16,3,'123123123','123123123','2019-02-21 13:14:20','2019-02-21 13:14:20'),(48,16,4,'123123123','123123123','2019-02-21 13:14:20','2019-02-21 13:14:20'),(49,17,1,'ISLM','ISLM','2019-03-02 11:58:09','2019-03-02 11:58:09'),(50,17,2,'ISLM','ISLM','2019-03-02 11:58:09','2019-03-02 11:58:09'),(51,17,3,'ISLM','ISLM','2019-03-02 11:58:09','2019-03-02 11:58:09'),(52,17,4,'ISLM','ISLM','2019-03-02 11:58:09','2019-03-02 11:58:09'),(53,12,1,'GGGG',NULL,'2019-03-02 12:33:26','2019-03-02 12:33:26'),(54,12,2,'GGGG',NULL,'2019-03-02 12:33:26','2019-03-02 12:33:26'),(55,12,3,'GGGG',NULL,'2019-03-02 12:33:26','2019-03-02 12:33:26'),(56,12,4,'GGGG',NULL,'2019-03-02 12:33:26','2019-03-02 12:33:26'),(57,18,1,'ABC',NULL,'2019-03-03 13:02:17','2019-03-03 13:02:17'),(58,18,2,'ABC',NULL,'2019-03-03 13:02:17','2019-03-03 13:02:17'),(59,18,3,'ABC',NULL,'2019-03-03 13:02:17','2019-03-03 13:02:17'),(60,18,4,'ABC',NULL,'2019-03-03 13:02:17','2019-03-03 13:02:17'),(61,19,1,'1','1','2019-03-06 12:58:17','2019-03-06 12:58:17'),(62,19,2,'1','1','2019-03-06 12:58:17','2019-03-06 12:58:17'),(63,19,3,'2','2','2019-03-06 12:58:17','2019-03-06 12:58:17'),(64,19,4,'3','3','2019-03-06 12:58:17','2019-03-06 12:58:17'),(65,20,1,'ABCD',NULL,'2019-03-07 13:53:53','2019-03-07 13:53:53'),(66,20,2,'ABCD',NULL,'2019-03-07 13:53:53','2019-03-07 13:53:53'),(67,20,3,'ABCD',NULL,'2019-03-07 13:53:53','2019-03-07 13:53:53'),(68,20,4,'ABCD',NULL,'2019-03-07 13:53:53','2019-03-07 13:53:53'),(69,21,1,'123','123','2019-03-26 11:06:33','2019-03-26 11:06:33'),(70,21,2,'123','123','2019-03-26 11:06:33','2019-03-26 11:06:33'),(71,21,3,'133','123','2019-03-26 11:06:33','2019-03-26 11:06:33'),(72,21,4,'123','123','2019-03-26 11:06:33','2019-03-26 11:06:33');
/*!40000 ALTER TABLE `trading_accounts` ENABLE KEYS */;
UNLOCK TABLES;

--
-- Table structure for table `user_market_interests`
--

DROP TABLE IF EXISTS `user_market_interests`;
/*!40101 SET @saved_cs_client     = @@character_set_client */;
/*!40101 SET character_set_client = utf8 */;
CREATE TABLE `user_market_interests` (
  `id` int(10) unsigned NOT NULL AUTO_INCREMENT,
  `user_id` int(10) unsigned NOT NULL,
  `created_at` timestamp NULL DEFAULT NULL,
  `updated_at` timestamp NULL DEFAULT NULL,
  `market_type_id` int(10) unsigned NOT NULL,
  PRIMARY KEY (`id`),
  KEY `user_market_interests_user_id_foreign` (`user_id`),
  KEY `user_market_interests_market_type_id_foreign` (`market_type_id`),
  CONSTRAINT `user_market_interests_market_type_id_foreign` FOREIGN KEY (`market_type_id`) REFERENCES `market_types` (`id`),
  CONSTRAINT `user_market_interests_user_id_foreign` FOREIGN KEY (`user_id`) REFERENCES `users` (`id`)
) ENGINE=InnoDB AUTO_INCREMENT=69 DEFAULT CHARSET=utf8mb4 COLLATE=utf8mb4_unicode_ci;
/*!40101 SET character_set_client = @saved_cs_client */;

--
-- Dumping data for table `user_market_interests`
--

LOCK TABLES `user_market_interests` WRITE;
/*!40000 ALTER TABLE `user_market_interests` DISABLE KEYS */;
INSERT INTO `user_market_interests` VALUES (1,1,NULL,NULL,1),(2,1,NULL,NULL,3),(3,1,NULL,NULL,2),(4,3,NULL,NULL,1),(5,3,NULL,NULL,3),(6,3,NULL,NULL,2),(8,2,NULL,NULL,3),(10,6,NULL,NULL,1),(11,6,NULL,NULL,3),(12,6,NULL,NULL,2),(13,4,NULL,NULL,1),(14,4,NULL,NULL,3),(15,4,NULL,NULL,2),(16,2,NULL,NULL,1),(17,7,NULL,NULL,1),(18,7,NULL,NULL,3),(19,7,NULL,NULL,2),(20,5,NULL,NULL,1),(21,5,NULL,NULL,3),(22,5,NULL,NULL,2),(23,9,NULL,NULL,1),(24,9,NULL,NULL,3),(25,9,NULL,NULL,2),(26,10,NULL,NULL,1),(27,10,NULL,NULL,3),(28,10,NULL,NULL,2),(29,2,NULL,NULL,2),(30,8,NULL,NULL,2),(31,8,NULL,NULL,3),(32,8,NULL,NULL,1),(34,11,NULL,NULL,3),(36,12,NULL,NULL,1),(37,12,NULL,NULL,3),(38,12,NULL,NULL,2),(39,13,NULL,NULL,1),(40,13,NULL,NULL,3),(41,13,NULL,NULL,2),(42,14,NULL,NULL,1),(43,14,NULL,NULL,3),(44,14,NULL,NULL,2),(45,15,NULL,NULL,1),(46,15,NULL,NULL,3),(47,15,NULL,NULL,2),(48,16,NULL,NULL,1),(49,16,NULL,NULL,3),(50,16,NULL,NULL,2),(52,17,NULL,NULL,3),(54,18,NULL,NULL,1),(55,18,NULL,NULL,3),(56,18,NULL,NULL,2),(57,19,NULL,NULL,1),(58,19,NULL,NULL,3),(59,20,NULL,NULL,1),(60,20,NULL,NULL,3),(61,20,NULL,NULL,2),(62,21,NULL,NULL,1),(63,21,NULL,NULL,3),(64,21,NULL,NULL,2),(65,11,NULL,NULL,1),(66,17,NULL,NULL,1),(67,11,NULL,NULL,2),(68,17,NULL,NULL,2);
/*!40000 ALTER TABLE `user_market_interests` ENABLE KEYS */;
UNLOCK TABLES;

--
-- Table structure for table `user_market_request_groups`
--

DROP TABLE IF EXISTS `user_market_request_groups`;
/*!40101 SET @saved_cs_client     = @@character_set_client */;
/*!40101 SET character_set_client = utf8 */;
CREATE TABLE `user_market_request_groups` (
  `id` int(10) unsigned NOT NULL AUTO_INCREMENT,
  `user_market_request_id` int(10) unsigned NOT NULL,
  `trade_structure_group_id` int(10) unsigned NOT NULL,
  `is_selected` tinyint(1) NOT NULL,
  `created_at` timestamp NULL DEFAULT NULL,
  `updated_at` timestamp NULL DEFAULT NULL,
  PRIMARY KEY (`id`),
  KEY `user_market_request_groups_user_market_request_id_foreign` (`user_market_request_id`),
  KEY `user_market_request_groups_trade_structure_group_id_foreign` (`trade_structure_group_id`),
  CONSTRAINT `user_market_request_groups_trade_structure_group_id_foreign` FOREIGN KEY (`trade_structure_group_id`) REFERENCES `trade_structure_groups` (`id`),
  CONSTRAINT `user_market_request_groups_user_market_request_id_foreign` FOREIGN KEY (`user_market_request_id`) REFERENCES `user_market_requests` (`id`)
) ENGINE=InnoDB AUTO_INCREMENT=10 DEFAULT CHARSET=utf8mb4 COLLATE=utf8mb4_unicode_ci;
/*!40101 SET character_set_client = @saved_cs_client */;

--
-- Dumping data for table `user_market_request_groups`
--

LOCK TABLES `user_market_request_groups` WRITE;
/*!40000 ALTER TABLE `user_market_request_groups` DISABLE KEYS */;
INSERT INTO `user_market_request_groups` VALUES (1,1,1,0,'2019-07-18 09:46:06','2019-07-18 09:46:06'),(2,2,1,0,'2019-07-18 09:46:19','2019-07-18 09:46:19'),(3,3,1,0,'2019-07-18 09:46:35','2019-07-18 09:46:35'),(4,4,1,0,'2019-07-18 09:46:55','2019-07-18 09:46:55'),(5,5,1,0,'2019-07-18 09:47:12','2019-07-18 09:47:12'),(6,6,1,0,'2019-07-18 09:47:28','2019-07-18 09:47:28'),(7,7,1,0,'2019-07-18 09:51:43','2019-07-18 09:51:43'),(8,8,1,0,'2019-07-18 11:29:32','2019-07-18 11:29:32'),(9,9,1,0,'2019-07-19 14:08:00','2019-07-19 14:08:00');
/*!40000 ALTER TABLE `user_market_request_groups` ENABLE KEYS */;
UNLOCK TABLES;

--
-- Table structure for table `user_market_request_items`
--

DROP TABLE IF EXISTS `user_market_request_items`;
/*!40101 SET @saved_cs_client     = @@character_set_client */;
/*!40101 SET character_set_client = utf8 */;
CREATE TABLE `user_market_request_items` (
  `id` int(10) unsigned NOT NULL AUTO_INCREMENT,
  `item_id` int(10) unsigned NOT NULL,
  `user_market_request_group_id` int(10) unsigned NOT NULL,
  `title` varchar(255) COLLATE utf8mb4_unicode_ci NOT NULL,
  `value` varchar(255) COLLATE utf8mb4_unicode_ci NOT NULL,
  `type` varchar(255) COLLATE utf8mb4_unicode_ci NOT NULL,
  `created_at` timestamp NULL DEFAULT NULL,
  `updated_at` timestamp NULL DEFAULT NULL,
  PRIMARY KEY (`id`),
  KEY `user_market_request_items_item_id_foreign` (`item_id`),
  KEY `user_market_request_items_user_market_request_group_id_foreign` (`user_market_request_group_id`),
  CONSTRAINT `user_market_request_items_item_id_foreign` FOREIGN KEY (`item_id`) REFERENCES `items` (`id`),
  CONSTRAINT `user_market_request_items_user_market_request_group_id_foreign` FOREIGN KEY (`user_market_request_group_id`) REFERENCES `user_market_request_groups` (`id`)
) ENGINE=InnoDB AUTO_INCREMENT=28 DEFAULT CHARSET=utf8mb4 COLLATE=utf8mb4_unicode_ci;
/*!40101 SET character_set_client = @saved_cs_client */;

--
-- Dumping data for table `user_market_request_items`
--

LOCK TABLES `user_market_request_items` WRITE;
/*!40000 ALTER TABLE `user_market_request_items` DISABLE KEYS */;
INSERT INTO `user_market_request_items` VALUES (1,1,1,'Expiration Date','2019-09-19','expiration date','2019-07-18 09:46:06','2019-07-18 09:46:06'),(2,2,1,'Strike','50000','double','2019-07-18 09:46:06','2019-07-18 09:46:06'),(3,3,1,'Quantity','500','double','2019-07-18 09:46:06','2019-07-18 09:46:06'),(4,1,2,'Expiration Date','2019-09-19','expiration date','2019-07-18 09:46:19','2019-07-18 09:46:19'),(5,2,2,'Strike','47000','double','2019-07-18 09:46:19','2019-07-18 09:46:19'),(6,3,2,'Quantity','500','double','2019-07-18 09:46:19','2019-07-18 09:46:19'),(7,1,3,'Expiration Date','2019-12-19','expiration date','2019-07-18 09:46:35','2019-07-18 09:46:35'),(8,2,3,'Strike','52000','double','2019-07-18 09:46:35','2019-07-18 09:46:35'),(9,3,3,'Quantity','500','double','2019-07-18 09:46:36','2019-07-18 09:46:36'),(10,1,4,'Expiration Date','2020-03-19','expiration date','2019-07-18 09:46:55','2019-07-18 09:46:55'),(11,2,4,'Strike','51500','double','2019-07-18 09:46:55','2019-07-18 09:46:55'),(12,3,4,'Quantity','500','double','2019-07-18 09:46:55','2019-07-18 09:46:55'),(13,1,5,'Expiration Date','2019-12-19','expiration date','2019-07-18 09:47:12','2019-07-18 09:47:12'),(14,2,5,'Strike','3000','double','2019-07-18 09:47:12','2019-07-18 09:47:12'),(15,3,5,'Quantity','50','double','2019-07-18 09:47:12','2019-07-18 09:47:12'),(16,1,6,'Expiration Date','2019-09-19','expiration date','2019-07-18 09:47:28','2019-07-18 09:47:28'),(17,2,6,'Strike','65','double','2019-07-18 09:47:28','2019-07-18 09:47:28'),(18,3,6,'Quantity','50','double','2019-07-18 09:47:28','2019-07-18 09:47:28'),(19,1,7,'Expiration Date','2019-12-19','expiration date','2019-07-18 09:51:43','2019-07-18 09:51:43'),(20,2,7,'Strike','120','double','2019-07-18 09:51:43','2019-07-18 09:51:43'),(21,3,7,'Quantity','50','double','2019-07-18 09:51:43','2019-07-18 09:51:43'),(22,1,8,'Expiration Date','2019-12-19','expiration date','2019-07-18 11:29:32','2019-07-18 11:29:32'),(23,2,8,'Strike','11000','double','2019-07-18 11:29:32','2019-07-18 11:29:32'),(24,3,8,'Quantity','2500','double','2019-07-18 11:29:32','2019-07-18 11:29:32'),(25,1,9,'Expiration Date','2019-09-19','expiration date','2019-07-19 14:08:00','2019-07-19 14:08:00'),(26,2,9,'Strike','400','double','2019-07-19 14:08:00','2019-07-19 14:08:00'),(27,3,9,'Quantity','50','double','2019-07-19 14:08:00','2019-07-19 14:08:00');
/*!40000 ALTER TABLE `user_market_request_items` ENABLE KEYS */;
UNLOCK TABLES;

--
-- Table structure for table `user_market_request_tradables`
--

DROP TABLE IF EXISTS `user_market_request_tradables`;
/*!40101 SET @saved_cs_client     = @@character_set_client */;
/*!40101 SET character_set_client = utf8 */;
CREATE TABLE `user_market_request_tradables` (
  `id` int(10) unsigned NOT NULL AUTO_INCREMENT,
  `user_market_request_id` int(10) unsigned NOT NULL,
  `market_id` int(10) unsigned DEFAULT NULL,
  `stock_id` int(10) unsigned DEFAULT NULL,
  `created_at` timestamp NULL DEFAULT NULL,
  `updated_at` timestamp NULL DEFAULT NULL,
  `user_market_request_group_id` int(10) unsigned DEFAULT NULL,
  PRIMARY KEY (`id`),
  KEY `user_market_request_tradables_user_market_request_id_foreign` (`user_market_request_id`),
  KEY `user_market_request_tradables_market_id_foreign` (`market_id`),
  KEY `user_market_request_tradables_stock_id_foreign` (`stock_id`),
  KEY `umrt_umrg_fk` (`user_market_request_group_id`),
  CONSTRAINT `umrt_umrg_fk` FOREIGN KEY (`user_market_request_group_id`) REFERENCES `user_market_request_groups` (`id`),
  CONSTRAINT `user_market_request_tradables_market_id_foreign` FOREIGN KEY (`market_id`) REFERENCES `markets` (`id`),
  CONSTRAINT `user_market_request_tradables_stock_id_foreign` FOREIGN KEY (`stock_id`) REFERENCES `stocks` (`id`),
  CONSTRAINT `user_market_request_tradables_user_market_request_id_foreign` FOREIGN KEY (`user_market_request_id`) REFERENCES `user_market_requests` (`id`)
) ENGINE=InnoDB AUTO_INCREMENT=10 DEFAULT CHARSET=utf8mb4 COLLATE=utf8mb4_unicode_ci;
/*!40101 SET character_set_client = @saved_cs_client */;

--
-- Dumping data for table `user_market_request_tradables`
--

LOCK TABLES `user_market_request_tradables` WRITE;
/*!40000 ALTER TABLE `user_market_request_tradables` DISABLE KEYS */;
INSERT INTO `user_market_request_tradables` VALUES (1,1,1,NULL,'2019-07-18 09:46:06','2019-07-18 09:46:06',1),(2,2,1,NULL,'2019-07-18 09:46:19','2019-07-18 09:46:19',2),(3,3,1,NULL,'2019-07-18 09:46:35','2019-07-18 09:46:35',3),(4,4,1,NULL,'2019-07-18 09:46:55','2019-07-18 09:46:55',4),(5,5,NULL,71,'2019-07-18 09:47:12','2019-07-18 09:47:12',5),(6,6,NULL,40,'2019-07-18 09:47:28','2019-07-18 09:47:28',6),(7,7,NULL,24,'2019-07-18 09:51:43','2019-07-18 09:51:43',7),(8,8,2,NULL,'2019-07-18 11:29:32','2019-07-18 11:29:32',8),(9,9,NULL,97,'2019-07-19 14:08:00','2019-07-19 14:08:00',9);
/*!40000 ALTER TABLE `user_market_request_tradables` ENABLE KEYS */;
UNLOCK TABLES;

--
-- Table structure for table `user_market_request_user`
--

DROP TABLE IF EXISTS `user_market_request_user`;
/*!40101 SET @saved_cs_client     = @@character_set_client */;
/*!40101 SET character_set_client = utf8 */;
CREATE TABLE `user_market_request_user` (
  `id` int(10) unsigned NOT NULL AUTO_INCREMENT,
  `user_id` int(10) unsigned NOT NULL,
  `user_market_request_id` int(10) unsigned NOT NULL,
  `created_at` timestamp NULL DEFAULT NULL,
  `updated_at` timestamp NULL DEFAULT NULL,
  PRIMARY KEY (`id`),
  KEY `user_market_request_user_user_id_foreign` (`user_id`),
  KEY `user_market_request_user_user_market_request_id_foreign` (`user_market_request_id`),
  CONSTRAINT `user_market_request_user_user_id_foreign` FOREIGN KEY (`user_id`) REFERENCES `users` (`id`),
  CONSTRAINT `user_market_request_user_user_market_request_id_foreign` FOREIGN KEY (`user_market_request_id`) REFERENCES `user_market_requests` (`id`)
) ENGINE=InnoDB AUTO_INCREMENT=6 DEFAULT CHARSET=utf8mb4 COLLATE=utf8mb4_unicode_ci;
/*!40101 SET character_set_client = @saved_cs_client */;

--
-- Dumping data for table `user_market_request_user`
--

LOCK TABLES `user_market_request_user` WRITE;
/*!40000 ALTER TABLE `user_market_request_user` DISABLE KEYS */;
INSERT INTO `user_market_request_user` VALUES (2,2,25,NULL,NULL),(3,7,45,NULL,NULL),(5,2,46,NULL,NULL);
/*!40000 ALTER TABLE `user_market_request_user` ENABLE KEYS */;
UNLOCK TABLES;

--
-- Table structure for table `user_market_requests`
--

DROP TABLE IF EXISTS `user_market_requests`;
/*!40101 SET @saved_cs_client     = @@character_set_client */;
/*!40101 SET character_set_client = utf8 */;
CREATE TABLE `user_market_requests` (
  `id` int(10) unsigned NOT NULL AUTO_INCREMENT,
  `user_id` int(10) unsigned NOT NULL,
  `trade_structure_id` int(10) unsigned NOT NULL,
  `chosen_user_market_id` int(10) unsigned DEFAULT NULL,
  `market_id` int(10) unsigned NOT NULL,
  `created_at` timestamp NULL DEFAULT NULL,
  `updated_at` timestamp NULL DEFAULT NULL,
  `active` tinyint(1) NOT NULL DEFAULT '1',
  PRIMARY KEY (`id`),
  KEY `user_market_requests_user_id_foreign` (`user_id`),
  KEY `user_market_requests_trade_structure_id_foreign` (`trade_structure_id`),
  KEY `user_market_requests_market_id_foreign` (`market_id`),
  KEY `user_market_requests_chosen_user_market_id_foreign` (`chosen_user_market_id`),
  CONSTRAINT `user_market_requests_chosen_user_market_id_foreign` FOREIGN KEY (`chosen_user_market_id`) REFERENCES `user_markets` (`id`),
  CONSTRAINT `user_market_requests_market_id_foreign` FOREIGN KEY (`market_id`) REFERENCES `markets` (`id`),
  CONSTRAINT `user_market_requests_trade_structure_id_foreign` FOREIGN KEY (`trade_structure_id`) REFERENCES `trade_structures` (`id`),
  CONSTRAINT `user_market_requests_user_id_foreign` FOREIGN KEY (`user_id`) REFERENCES `users` (`id`)
) ENGINE=InnoDB AUTO_INCREMENT=10 DEFAULT CHARSET=utf8mb4 COLLATE=utf8mb4_unicode_ci;
/*!40101 SET character_set_client = @saved_cs_client */;

--
-- Dumping data for table `user_market_requests`
--

LOCK TABLES `user_market_requests` WRITE;
/*!40000 ALTER TABLE `user_market_requests` DISABLE KEYS */;
INSERT INTO `user_market_requests` VALUES (1,11,1,2,1,'2019-07-18 09:46:06','2019-07-18 09:49:26',1),(2,11,1,1,1,'2019-07-18 09:46:19','2019-07-18 09:49:22',1),(3,11,1,3,1,'2019-07-18 09:46:35','2019-07-18 09:49:33',1),(4,11,1,NULL,1,'2019-07-18 09:46:55','2019-07-18 09:46:55',1),(5,11,1,5,4,'2019-07-18 09:47:12','2019-07-18 09:49:42',1),(6,11,1,4,4,'2019-07-18 09:47:28','2019-07-18 09:49:38',1),(7,17,1,NULL,4,'2019-07-18 09:51:43','2019-07-18 09:51:43',1),(8,11,1,6,2,'2019-07-18 11:29:32','2019-07-18 11:30:34',1),(9,11,1,7,4,'2019-07-19 14:08:00','2019-07-19 14:08:15',1);
/*!40000 ALTER TABLE `user_market_requests` ENABLE KEYS */;
UNLOCK TABLES;

--
-- Table structure for table `user_market_subscription`
--

DROP TABLE IF EXISTS `user_market_subscription`;
/*!40101 SET @saved_cs_client     = @@character_set_client */;
/*!40101 SET character_set_client = utf8 */;
CREATE TABLE `user_market_subscription` (
  `id` int(10) unsigned NOT NULL AUTO_INCREMENT,
  `user_id` int(10) unsigned NOT NULL,
  `user_market_id` int(10) unsigned NOT NULL,
  `created_at` timestamp NULL DEFAULT NULL,
  `updated_at` timestamp NULL DEFAULT NULL,
  `deleted_at` timestamp NULL DEFAULT NULL,
  PRIMARY KEY (`id`),
  KEY `user_market_subscription_user_id_foreign` (`user_id`),
  KEY `user_market_subscription_user_market_id_foreign` (`user_market_id`),
  CONSTRAINT `user_market_subscription_user_id_foreign` FOREIGN KEY (`user_id`) REFERENCES `users` (`id`),
  CONSTRAINT `user_market_subscription_user_market_id_foreign` FOREIGN KEY (`user_market_id`) REFERENCES `user_markets` (`id`)
) ENGINE=InnoDB DEFAULT CHARSET=utf8mb4 COLLATE=utf8mb4_unicode_ci;
/*!40101 SET character_set_client = @saved_cs_client */;

--
-- Dumping data for table `user_market_subscription`
--

LOCK TABLES `user_market_subscription` WRITE;
/*!40000 ALTER TABLE `user_market_subscription` DISABLE KEYS */;
/*!40000 ALTER TABLE `user_market_subscription` ENABLE KEYS */;
UNLOCK TABLES;

--
-- Table structure for table `user_market_volatility`
--

DROP TABLE IF EXISTS `user_market_volatility`;
/*!40101 SET @saved_cs_client     = @@character_set_client */;
/*!40101 SET character_set_client = utf8 */;
CREATE TABLE `user_market_volatility` (
  `id` int(10) unsigned NOT NULL AUTO_INCREMENT,
  `user_market_id` int(10) unsigned NOT NULL,
  `user_market_request_group_id` int(10) unsigned NOT NULL,
  `volatility` double(14,2) NOT NULL,
  `created_at` timestamp NULL DEFAULT NULL,
  `updated_at` timestamp NULL DEFAULT NULL,
  PRIMARY KEY (`id`),
  KEY `user_market_volatility_user_market_id_foreign` (`user_market_id`),
  KEY `user_market_volatility_user_market_request_group_id_foreign` (`user_market_request_group_id`),
  CONSTRAINT `user_market_volatility_user_market_id_foreign` FOREIGN KEY (`user_market_id`) REFERENCES `user_markets` (`id`),
  CONSTRAINT `user_market_volatility_user_market_request_group_id_foreign` FOREIGN KEY (`user_market_request_group_id`) REFERENCES `user_market_request_groups` (`id`)
) ENGINE=InnoDB DEFAULT CHARSET=utf8mb4 COLLATE=utf8mb4_unicode_ci;
/*!40101 SET character_set_client = @saved_cs_client */;

--
-- Dumping data for table `user_market_volatility`
--

LOCK TABLES `user_market_volatility` WRITE;
/*!40000 ALTER TABLE `user_market_volatility` DISABLE KEYS */;
/*!40000 ALTER TABLE `user_market_volatility` ENABLE KEYS */;
UNLOCK TABLES;

--
-- Table structure for table `user_market_watched`
--

DROP TABLE IF EXISTS `user_market_watched`;
/*!40101 SET @saved_cs_client     = @@character_set_client */;
/*!40101 SET character_set_client = utf8 */;
CREATE TABLE `user_market_watched` (
  `id` int(10) unsigned NOT NULL AUTO_INCREMENT,
  `user_id` int(10) unsigned NOT NULL,
  `market_id` int(10) unsigned NOT NULL,
  `created_at` timestamp NULL DEFAULT NULL,
  `updated_at` timestamp NULL DEFAULT NULL,
  PRIMARY KEY (`id`),
  KEY `user_market_watched_user_id_foreign` (`user_id`),
  KEY `user_market_watched_market_id_foreign` (`market_id`),
  CONSTRAINT `user_market_watched_market_id_foreign` FOREIGN KEY (`market_id`) REFERENCES `markets` (`id`),
  CONSTRAINT `user_market_watched_user_id_foreign` FOREIGN KEY (`user_id`) REFERENCES `users` (`id`)
) ENGINE=InnoDB DEFAULT CHARSET=utf8mb4 COLLATE=utf8mb4_unicode_ci;
/*!40101 SET character_set_client = @saved_cs_client */;

--
-- Dumping data for table `user_market_watched`
--

LOCK TABLES `user_market_watched` WRITE;
/*!40000 ALTER TABLE `user_market_watched` DISABLE KEYS */;
/*!40000 ALTER TABLE `user_market_watched` ENABLE KEYS */;
UNLOCK TABLES;

--
-- Table structure for table `user_markets`
--

DROP TABLE IF EXISTS `user_markets`;
/*!40101 SET @saved_cs_client     = @@character_set_client */;
/*!40101 SET character_set_client = utf8 */;
CREATE TABLE `user_markets` (
  `id` int(10) unsigned NOT NULL AUTO_INCREMENT,
  `user_id` int(10) unsigned NOT NULL,
  `user_market_request_id` int(10) unsigned NOT NULL,
  `current_market_negotiation_id` int(10) unsigned DEFAULT NULL,
  `is_trade_away` tinyint(1) NOT NULL DEFAULT '0',
  `is_market_maker_notified` tinyint(1) NOT NULL DEFAULT '0',
  `created_at` timestamp NULL DEFAULT NULL,
  `updated_at` timestamp NULL DEFAULT NULL,
  `deleted_at` timestamp NULL DEFAULT NULL,
  `is_on_hold` tinyint(1) NOT NULL DEFAULT '0',
  PRIMARY KEY (`id`),
  KEY `user_markets_user_id_foreign` (`user_id`),
  KEY `user_markets_user_market_request_id_foreign` (`user_market_request_id`),
  KEY `user_markets_current_market_negotiation_id_foreign` (`current_market_negotiation_id`),
  CONSTRAINT `user_markets_current_market_negotiation_id_foreign` FOREIGN KEY (`current_market_negotiation_id`) REFERENCES `market_negotiations` (`id`),
  CONSTRAINT `user_markets_user_id_foreign` FOREIGN KEY (`user_id`) REFERENCES `users` (`id`),
  CONSTRAINT `user_markets_user_market_request_id_foreign` FOREIGN KEY (`user_market_request_id`) REFERENCES `user_market_requests` (`id`)
) ENGINE=InnoDB AUTO_INCREMENT=8 DEFAULT CHARSET=utf8mb4 COLLATE=utf8mb4_unicode_ci;
/*!40101 SET character_set_client = @saved_cs_client */;

--
-- Dumping data for table `user_markets`
--

LOCK TABLES `user_markets` WRITE;
/*!40000 ALTER TABLE `user_markets` DISABLE KEYS */;
INSERT INTO `user_markets` VALUES (1,17,2,1,0,0,'2019-07-18 09:48:23','2019-07-18 09:48:23',NULL,0),(2,17,1,10,0,0,'2019-07-18 09:48:36','2019-07-18 09:50:24',NULL,0),(3,17,3,3,0,0,'2019-07-18 09:48:50','2019-07-18 09:48:50',NULL,0),(4,17,6,4,0,0,'2019-07-18 09:49:05','2019-07-18 09:49:05',NULL,0),(5,17,5,5,0,0,'2019-07-18 09:49:13','2019-07-18 09:49:13',NULL,0),(6,17,8,12,0,0,'2019-07-18 11:30:11','2019-07-18 11:30:11',NULL,0),(7,17,9,24,0,0,'2019-07-19 14:08:11','2019-07-19 14:12:41',NULL,0);
/*!40000 ALTER TABLE `user_markets` ENABLE KEYS */;
UNLOCK TABLES;

--
-- Table structure for table `user_notification_types`
--

DROP TABLE IF EXISTS `user_notification_types`;
/*!40101 SET @saved_cs_client     = @@character_set_client */;
/*!40101 SET character_set_client = utf8 */;
CREATE TABLE `user_notification_types` (
  `id` int(10) unsigned NOT NULL AUTO_INCREMENT,
  `title` varchar(255) COLLATE utf8mb4_unicode_ci NOT NULL,
  `created_at` timestamp NULL DEFAULT NULL,
  `updated_at` timestamp NULL DEFAULT NULL,
  PRIMARY KEY (`id`)
) ENGINE=InnoDB AUTO_INCREMENT=4 DEFAULT CHARSET=utf8mb4 COLLATE=utf8mb4_unicode_ci;
/*!40101 SET character_set_client = @saved_cs_client */;

--
-- Dumping data for table `user_notification_types`
--

LOCK TABLES `user_notification_types` WRITE;
/*!40000 ALTER TABLE `user_notification_types` DISABLE KEYS */;
INSERT INTO `user_notification_types` VALUES (1,'important',NULL,NULL),(2,'alert',NULL,NULL),(3,'confirmation',NULL,NULL);
/*!40000 ALTER TABLE `user_notification_types` ENABLE KEYS */;
UNLOCK TABLES;

--
-- Table structure for table `user_notifications`
--

DROP TABLE IF EXISTS `user_notifications`;
/*!40101 SET @saved_cs_client     = @@character_set_client */;
/*!40101 SET character_set_client = utf8 */;
CREATE TABLE `user_notifications` (
  `id` int(10) unsigned NOT NULL AUTO_INCREMENT,
  `user_id` int(10) unsigned NOT NULL,
  `notifiable_id` int(10) unsigned NOT NULL,
  `user_notification_type_id` int(10) unsigned NOT NULL,
  `data` text COLLATE utf8mb4_unicode_ci NOT NULL,
  `description` text COLLATE utf8mb4_unicode_ci NOT NULL,
  `type` varchar(255) COLLATE utf8mb4_unicode_ci NOT NULL,
  `notifiable_type` varchar(255) COLLATE utf8mb4_unicode_ci NOT NULL,
  `read_at` date DEFAULT NULL,
  `created_at` timestamp NULL DEFAULT NULL,
  `updated_at` timestamp NULL DEFAULT NULL,
  PRIMARY KEY (`id`),
  KEY `user_notifications_user_id_foreign` (`user_id`),
  KEY `user_notifications_user_notification_type_id_foreign` (`user_notification_type_id`),
  CONSTRAINT `user_notifications_user_id_foreign` FOREIGN KEY (`user_id`) REFERENCES `users` (`id`),
  CONSTRAINT `user_notifications_user_notification_type_id_foreign` FOREIGN KEY (`user_notification_type_id`) REFERENCES `user_notification_types` (`id`)
) ENGINE=InnoDB DEFAULT CHARSET=utf8mb4 COLLATE=utf8mb4_unicode_ci;
/*!40101 SET character_set_client = @saved_cs_client */;

--
-- Dumping data for table `user_notifications`
--

LOCK TABLES `user_notifications` WRITE;
/*!40000 ALTER TABLE `user_notifications` DISABLE KEYS */;
/*!40000 ALTER TABLE `user_notifications` ENABLE KEYS */;
UNLOCK TABLES;

--
-- Table structure for table `user_otps`
--

DROP TABLE IF EXISTS `user_otps`;
/*!40101 SET @saved_cs_client     = @@character_set_client */;
/*!40101 SET character_set_client = utf8 */;
CREATE TABLE `user_otps` (
  `id` int(10) unsigned NOT NULL AUTO_INCREMENT,
  `user_id` int(10) unsigned NOT NULL,
  `otp` int(10) unsigned NOT NULL,
  `expires_at` date DEFAULT NULL,
  `created_at` timestamp NULL DEFAULT NULL,
  `updated_at` timestamp NULL DEFAULT NULL,
  PRIMARY KEY (`id`),
  KEY `user_otps_user_id_foreign` (`user_id`),
  CONSTRAINT `user_otps_user_id_foreign` FOREIGN KEY (`user_id`) REFERENCES `users` (`id`)
) ENGINE=InnoDB DEFAULT CHARSET=utf8mb4 COLLATE=utf8mb4_unicode_ci;
/*!40101 SET character_set_client = @saved_cs_client */;

--
-- Dumping data for table `user_otps`
--

LOCK TABLES `user_otps` WRITE;
/*!40000 ALTER TABLE `user_otps` DISABLE KEYS */;
/*!40000 ALTER TABLE `user_otps` ENABLE KEYS */;
UNLOCK TABLES;

--
-- Table structure for table `users`
--

DROP TABLE IF EXISTS `users`;
/*!40101 SET @saved_cs_client     = @@character_set_client */;
/*!40101 SET character_set_client = utf8 */;
CREATE TABLE `users` (
  `id` int(10) unsigned NOT NULL AUTO_INCREMENT,
  `email` varchar(255) COLLATE utf8mb4_unicode_ci NOT NULL,
  `password` varchar(255) COLLATE utf8mb4_unicode_ci NOT NULL,
  `remember_token` varchar(100) COLLATE utf8mb4_unicode_ci DEFAULT NULL,
  `created_at` timestamp NULL DEFAULT NULL,
  `updated_at` timestamp NULL DEFAULT NULL,
  `role_id` int(10) unsigned NOT NULL,
  `organisation_id` int(10) unsigned DEFAULT NULL,
  `full_name` varchar(255) COLLATE utf8mb4_unicode_ci NOT NULL,
  `cell_phone` varchar(255) COLLATE utf8mb4_unicode_ci NOT NULL,
  `work_phone` varchar(255) COLLATE utf8mb4_unicode_ci DEFAULT NULL,
  `active` tinyint(1) NOT NULL,
  `tc_accepted` tinyint(1) NOT NULL,
  `birthdate` date DEFAULT NULL,
  `is_married` tinyint(1) DEFAULT NULL,
  `has_children` tinyint(1) DEFAULT NULL,
  `last_login` date DEFAULT NULL,
  `hobbies` text COLLATE utf8mb4_unicode_ci,
  `deleted_at` timestamp NULL DEFAULT NULL,
  `verified` tinyint(1) NOT NULL,
  `is_invited` tinyint(1) NOT NULL DEFAULT '0',
  `google2fa_secret` text COLLATE utf8mb4_unicode_ci,
  PRIMARY KEY (`id`),
  UNIQUE KEY `users_email_unique` (`email`),
  KEY `users_role_id_foreign` (`role_id`),
  KEY `users_organisation_id_foreign` (`organisation_id`),
  CONSTRAINT `users_organisation_id_foreign` FOREIGN KEY (`organisation_id`) REFERENCES `organisations` (`id`),
  CONSTRAINT `users_role_id_foreign` FOREIGN KEY (`role_id`) REFERENCES `roles` (`id`)
) ENGINE=InnoDB AUTO_INCREMENT=22 DEFAULT CHARSET=utf8mb4 COLLATE=utf8mb4_unicode_ci;
/*!40101 SET character_set_client = @saved_cs_client */;

--
-- Dumping data for table `users`
--

LOCK TABLES `users` WRITE;
/*!40000 ALTER TABLE `users` DISABLE KEYS */;
INSERT INTO `users` VALUES (1,'staging@assemble.co.za','$2y$10$Se3sl7f/QOfpvIOxwOtdKulRJJG9/WGRzrTP5xyrovj0duK2wgmGa','X6NYSbehqwllUtPVec6i8kbFe6pYtOkAYh5sh1mlqAcGv5jzk00dM3LQOHOS','2019-02-06 16:55:40','2019-02-06 16:55:40',1,NULL,'Assemble Admin','0844094293','0844094293',1,1,'2019-02-06',0,NULL,NULL,'code',NULL,1,0,NULL),(2,'org1@example.net','$2y$10$TKh8H1.PfQx37YgCzwiKb.KjNyWgaHb9cbcoQgdIVFlYg7B77UdFm','fQTuWfHi032VenJiht8AVYWwWdhDMX2BMog88fCSyBDJXOUZk1fxdEWQvpDw','2019-02-06 16:55:40','2019-02-06 16:56:23',2,1,'Kaden Little','+8550034612463','+9805227400361',1,1,'1955-01-25',1,1,NULL,'Ut iure doloribus sed eligendi nesciunt.',NULL,1,0,NULL),(3,'org2@example.net','$2y$10$TKh8H1.PfQx37YgCzwiKb.KjNyWgaHb9cbcoQgdIVFlYg7B77UdFm','YKPk3plX3jXUsI5qK0gCAGxeiWrdgC6U5UBpAj12SztjySyX8QKcekIKVwYU','2019-02-06 16:55:40','2019-02-06 16:56:21',2,2,'Jenifer Collier','+4167750738341','+1778331499068',1,1,'1958-03-30',0,0,NULL,'Ab maiores neque perferendis labore doloremque facere.',NULL,1,0,NULL),(4,'org3@example.net','$2y$10$TKh8H1.PfQx37YgCzwiKb.KjNyWgaHb9cbcoQgdIVFlYg7B77UdFm','sSGbRlqTzsaCMGqz1e87ai33Lcz7fOFfVtPjgzdE6AJD1ZwIcxB7IzRBD9vk','2019-02-06 16:55:40','2019-02-06 16:56:31',2,3,'Ocie Aufderhar MD','+1985645726553','+5013808495101',1,1,'1988-02-29',0,0,NULL,'Optio sit beatae est rem architecto ut quis.',NULL,1,0,NULL),(5,'org4@example.net','$2y$10$TKh8H1.PfQx37YgCzwiKb.KjNyWgaHb9cbcoQgdIVFlYg7B77UdFm','MMwU7XGZHP04VL1sFoXxAHNjd3JWIPPIms6FaVlF390LHDGHKTUxJhVZOKm8','2019-02-06 16:55:40','2019-02-06 16:56:27',2,4,'Ms. Shanie Gerhold','+7809093732652','+7051311900126',1,1,'1954-08-26',1,0,NULL,'Maiores voluptatem inventore ut cupiditate.',NULL,1,0,NULL),(6,'org5@example.net','$2y$10$TKh8H1.PfQx37YgCzwiKb.KjNyWgaHb9cbcoQgdIVFlYg7B77UdFm','0pUmrxXWSu','2019-02-06 16:55:40','2019-02-06 16:56:18',2,5,'Celestine Turcotte MD','+3915427506383','+9540253271375',1,1,'1972-05-17',1,0,NULL,'Debitis quidem voluptate consequatur iusto veniam ullam quos et.',NULL,1,0,NULL),(7,'org6@example.net','$2y$10$TKh8H1.PfQx37YgCzwiKb.KjNyWgaHb9cbcoQgdIVFlYg7B77UdFm','JIYRkhoOBDOva5NX8i3lEE1LcM4V8RZrnsiEH3DCy640r27cgOkxy02yMJk9','2019-02-06 16:55:40','2019-02-06 16:56:25',2,6,'Kathleen Swaniawski','+1180571610650','+4332850576221',1,1,'1983-01-15',1,1,NULL,'Et unde corrupti ad ipsum.',NULL,1,0,NULL),(8,'org7@example.net','$2y$10$TKh8H1.PfQx37YgCzwiKb.KjNyWgaHb9cbcoQgdIVFlYg7B77UdFm','DBPZffHLu9','2019-02-06 16:55:40','2019-02-06 16:56:33',2,7,'Prof. Mariam Stoltenberg','+7055816337734','+8076832600878',1,1,'1956-09-02',1,1,NULL,'Qui eius ut voluptas aut doloremque itaque.',NULL,1,0,NULL),(9,'wally@gmail.com','$2y$10$/XaNWa9Dectz1HzfqbH4t.nxF.R5k4giULOQA28dObKj8iaF1GCw.','QMVmCZGewmoznKZg423PjPD0ed7Szx2c9PCfmd7j1lGCy65ytgwgNHTr2I7d','2019-02-10 12:20:06','2019-02-10 12:22:02',3,8,'Wally Warthog','111',NULL,1,1,'2019-07-01',1,0,NULL,'asdf',NULL,1,0,NULL),(10,'wallyOrg1@gmail.com','$2y$10$slPyE.VlmwK2tc013nLtSO6qWD/Q2VQRDD8hJbEXFH3V.xBb9t6BW','YcGZhuqImwEOSDP3Acv9C4zpB8csGYqex5doDcSrfmIP2PRcZpdum1lmkQtO','2019-02-10 12:23:22','2019-02-10 12:24:09',3,1,'Wally Warthog the Second','111',NULL,1,1,NULL,NULL,NULL,NULL,'nonwe',NULL,1,0,NULL),(11,'brendan@rarewoods.co.za','$2y$10$avbGcNL2ELguF6nNH.YFnOYa9wS9fN6wDigi0pCncSEV6zWALmk4W','pj2cmTCibudrJthWb3AoSrKdnZRSkH2t7kUu3S2eWtdemnae4bmztta2BiOP','2019-02-14 11:02:46','2019-02-14 11:06:36',2,9,'Brendan Harcourt-Wood','0215352004','0833086926',1,1,'2019-06-26',1,0,NULL,'Windsurfing, kitesurfing, woodwork, long walks in the park, unicorns',NULL,1,0,NULL),(12,'INL@INL.com','$2y$10$rvb/HpH8EduiYJShwu4v6Or3.CAShek3TtVCSi8EaLWO5OOfFyDGm','6hQ3XUZwvzoSVE9lzP6ZTDyfPuUv2E62xAwtIwcqmIbuR3p3JskrxupLv0VA','2019-02-18 10:22:30','2019-02-20 17:32:29',2,10,'Investec Pre-Launch','0115551234',NULL,1,1,NULL,NULL,NULL,NULL,NULL,NULL,1,0,NULL),(13,'wade1@hotmail.com','$2y$10$6xLKHXWksMDnXTg/lnFOduKJOh0KzpkO0hkpsiufN0cTDroKW1XIm',NULL,'2019-02-21 12:36:55','2019-02-21 12:40:19',2,11,'wade1','0115551234',NULL,1,1,'2019-01-01',NULL,NULL,NULL,NULL,NULL,1,1,NULL),(14,'Wade2@hotmail.com','$2y$10$D1MU7kjnbd066niS5PfbSuw58iQoligQ7WgZMMfhAQefJO9i8Fg6e',NULL,'2019-02-21 12:37:41','2019-02-21 12:37:41',2,12,'Wade2','0115551234',NULL,1,0,NULL,NULL,NULL,NULL,NULL,NULL,1,1,NULL),(15,'Wade3@hotmail.com','$2y$10$0Wq.l.xewH/5h49Vk4aXTelGQ9dhfyj7nvJlIrlZ4nt97EiJK00QS','vSFpYWNwFm6yJyInDIXWjZNA5ZDrWyya1KiX3c726dvK4ZEzqOF2Oq2zsJG7','2019-02-21 12:38:08','2019-02-21 12:38:08',2,13,'Wade3','0115551234',NULL,1,0,NULL,NULL,NULL,NULL,NULL,NULL,1,1,NULL),(16,'Wade4@hotmail.com','$2y$10$g/9RdsmQH0Tb2wbW8GAIQOSBTNuLWOseTTMmw/QD.VXejmtnEj/5O',NULL,'2019-02-21 12:41:27','2019-02-21 12:41:51',2,14,'Wade4','0115551234',NULL,1,1,NULL,NULL,NULL,NULL,NULL,NULL,1,0,NULL),(17,'wadebothwell@hotmail.com','$2y$10$X05EPOw4XfhJ51x1g6Ppge9uZ2etkXqM5DI3I0KRYcmfmKW0PvveC','T14n8EF27auHH7BdkUUbHn8r80Wm7jA3WSINF9IovoPM5m0F9mgDu9hE23Rk','2019-03-02 11:57:32','2019-03-02 12:01:02',2,15,'Wade Bov','0115551234',NULL,1,1,'2019-03-17',1,0,NULL,'Crossfit',NULL,1,0,NULL),(18,'jj@hotmail.com','$2y$10$d4DWrfXt4QnGbAjUykfwi.rk89ccnvoGJertUHuwdtGlva.7pYSHS','B4tma3E7ZRdUnvX46DMRMOoeRkPeWWWtrUN3R5lhYkJWbPMVGjB7JV2otDAF','2019-03-02 12:00:01','2019-03-02 12:00:58',2,16,'JJ','0115551234',NULL,1,1,NULL,NULL,NULL,NULL,NULL,NULL,1,0,NULL),(19,'smart.assemble.dev@gmail.com','$2y$10$UjviSf29IbW5Kn3vWvLHf.vOwslx2XIqLacRYm35ZdJQ7OvBW.V5C','LiPV5X49tim4F3GCDaHNRCTT0Bxkii5jDHSdT7ym2yJmuQEbQNoTmHll96y9','2019-03-06 12:57:49','2019-03-06 12:58:30',2,7,'Victor','0980001000',NULL,0,0,'2019-07-04',0,1,NULL,NULL,NULL,0,0,NULL),(20,'www@hmail.com','$2y$10$zLq4EkGaSNaZD9DXf/D.Ce1mhlGgkxFOJ6WdY7oLKuWSns5CaImF2',NULL,'2019-03-07 13:49:53','2019-03-07 13:50:58',2,17,'WWW','0115551234',NULL,1,1,NULL,NULL,NULL,NULL,NULL,NULL,1,0,NULL),(21,'matt@matt.com','$2y$10$k.RZsfYBUdKJhD84SLLcs.O4oqPtDrtoPACZkVagJDM1u7.FvWizW',NULL,'2019-03-26 11:05:46','2019-03-26 11:07:04',2,18,'Matt','0115551234',NULL,1,1,NULL,NULL,NULL,NULL,NULL,NULL,1,0,NULL);
/*!40000 ALTER TABLE `users` ENABLE KEYS */;
UNLOCK TABLES;
/*!40103 SET TIME_ZONE=@OLD_TIME_ZONE */;

/*!40101 SET SQL_MODE=@OLD_SQL_MODE */;
/*!40014 SET FOREIGN_KEY_CHECKS=@OLD_FOREIGN_KEY_CHECKS */;
/*!40014 SET UNIQUE_CHECKS=@OLD_UNIQUE_CHECKS */;
/*!40101 SET CHARACTER_SET_CLIENT=@OLD_CHARACTER_SET_CLIENT */;
/*!40101 SET CHARACTER_SET_RESULTS=@OLD_CHARACTER_SET_RESULTS */;
/*!40101 SET COLLATION_CONNECTION=@OLD_COLLATION_CONNECTION */;
/*!40111 SET SQL_NOTES=@OLD_SQL_NOTES */;

-- Dump completed on 2019-07-23 10:45:51
